{"type":"FeatureCollection","features":[{"type":"Feature","id":"eoy-0002db4ab5d4","geometry":{"type":"Point","coordinates":[-74.000465106496,40.681906910059]},"properties":{"id":"eoy-0002db4ab5d4","name":"LUCALI","legalName":"LUCALI BROOKLYN LLC","street":"575 HENRY STREET","neighborhood":"BROOKLYN","borough":"Brooklyn","zip":"11231","type":"roadway","status":"Issued","licenseIssued":"2026-04-17","licenseExpires":"2030-04-17","nta":"BK0601","bbl":"3003550002","sid":["row-ut4q-bi4s-67de"]}},{"type":"Feature","id":"eoy-0022673bd6d7","geometry":{"type":"Point","coordinates":[-73.99115977795,40.733036146601]},"properties":{"id":"eoy-0022673bd6d7","name":"LEON'S","legalName":"HAKIM HOSPITALITY LLC","street":"817 BROADWAY","neighborhood":"NEW YORK","borough":"Manhattan","zip":"10003","type":"sidewalk","status":"Issued","licenseIssued":"2026-07-31","licenseExpires":"2030-07-31","nta":"MN0202","bbl":"1005630031","sid":["row-czwj-8wma_hu6u"]}},{"type":"Feature","id":"eoy-00321e7bdabd","geometry":{"type":"Point","coordinates":[-73.977459400324,40.764434341257]},"properties":{"id":"eoy-00321e7bdabd","name":"ACADIA","legalName":"FIG & GRAPE LLC","street":"101 WEST 57 STREET","neighborhood":"NEW YORK","borough":"Manhattan","zip":"10019","type":"sidewalk","status":"Issued","licenseIssued":"2026-09-02","licenseExpires":"2030-09-02","nta":"MN0502","bbl":"1010107508","sid":["row-dz33.24zq-ruq5"]}},{"type":"Feature","id":"eoy-004bd1008a6f","geometry":{"type":"Point","coordinates":[-73.962926874641,40.684796653234]},"properties":{"id":"eoy-004bd1008a6f","name":"LOCANDA VINI & OLII (LEWIS DRUG STORE)","legalName":"FRANCAT INC","street":"129 GATES AVENUE","neighborhood":"BROOKLYN","borough":"Brooklyn","zip":"11238","type":"both","status":"Issued","licenseIssued":"2025-12-05","licenseExpires":"2029-12-05","nta":"BK0204","bbl":"3019650082","sid":["row-exwg_w232.jwh9","row-pjkh_9rkz~649t"]}},{"type":"Feature","id":"eoy-00632effc8d1","geometry":{"type":"Point","coordinates":[-73.977377352461,40.782730863248]},"properties":{"id":"eoy-00632effc8d1","name":"BAGELS & COMPANY","legalName":"AMSTERDAM AVE BAGELS INC","street":"172 WEST 79 STREET","neighborhood":"NEW YORK","borough":"Manhattan","zip":"10024","type":"sidewalk","status":"Issued","licenseIssued":"2026-09-18","licenseExpires":"2030-09-18","nta":"MN0702","bbl":"1011507504","sid":["row-bqz2~u3zh-3vna"]}},{"type":"Feature","id":"eoy-00662281fb53","geometry":{"type":"Point","coordinates":[-73.956275005048,40.771641446429]},"properties":{"id":"eoy-00662281fb53","name":"BOQUERIA","legalName":"Boqueria UES LLC","street":"1460 2 AVENUE","neighborhood":"NEW YORK","borough":"Manhattan","zip":"10075","type":"sidewalk","status":"Issued","licenseIssued":"2026-09-04","licenseExpires":"2030-09-04","nta":"MN0801","bbl":"1014510003","sid":["row-z79z-vgpq_hfya"]}},{"type":"Feature","id":"eoy-0090c0bf2d36","geometry":{"type":"Point","coordinates":[-73.974308381746,40.791167584339]},"properties":{"id":"eoy-0090c0bf2d36","name":"CARMINE'S / VIRGIL'S","legalName":"CARMINE'S UWS LLC","street":"2450 BROADWAY","neighborhood":"NEW YORK","borough":"Manhattan","zip":"10024","type":"both","status":"Issued","licenseIssued":"2026-03-27","licenseExpires":"2030-03-27","nta":"MN0702","bbl":"1012380046","sid":["row-3rcr_h4k4-vtnu","row-vx3b~t4ee.ukzf"]}},{"type":"Feature","id":"eoy-00a112a2d7c2","geometry":{"type":"Point","coordinates":[-73.979230005895,40.678205072037]},"properties":{"id":"eoy-00a112a2d7c2","name":"BOGOTA LATIN BISTRO","legalName":"BOGOTA, LLC","street":"141 5 AVENUE","neighborhood":"BROOKLYN","borough":"Brooklyn","zip":"11217","type":"sidewalk","status":"Issued","licenseIssued":"2026-08-14","licenseExpires":"2030-08-14","nta":"BK0602","bbl":"3009470011","sid":["row-t698.8nny_ckvz"]}},{"type":"Feature","id":"eoy-00c5846b30bb","geometry":{"type":"Point","coordinates":[-73.994823067786,40.721340922363]},"properties":{"id":"eoy-00c5846b30bb","name":"RINTINTIN","legalName":"14 spring street cafe llc","street":"14 SPRING STREET","neighborhood":"NEW YORK","borough":"Manhattan","zip":"10012","type":"sidewalk","status":"Issued","licenseIssued":"2026-07-20","licenseExpires":"2030-07-20","nta":"MN0201","bbl":"1004790021","sid":["row-h63i-zn26~mqfr"]}},{"type":"Feature","id":"eoy-00e82112a332","geometry":{"type":"Point","coordinates":[-73.957669150317,40.719859287133]},"properties":{"id":"eoy-00e82112a332","name":"CAFE COLETTE","legalName":"SILENTH LLC","street":"79 BERRY STREET","neighborhood":"BROOKLYN","borough":"Brooklyn","zip":"11249","type":"roadway","status":"Issued","licenseIssued":"2026-01-02","licenseExpires":"2030-01-02","nta":"BK0102","bbl":"3023040001","sid":["row-bcht-s8y8~4ucf"]}},{"type":"Feature","id":"eoy-010894336083","geometry":{"type":"Point","coordinates":[-73.970495974227,40.764007324938]},"properties":{"id":"eoy-010894336083","name":"ALL'ANTICO VINAIO","legalName":"AV 60TH LLC","street":"36 EAST 60 STREET","neighborhood":"NEW YORK","borough":"Manhattan","zip":"10022","type":"both","status":"Issued","licenseIssued":"2026-02-06","licenseExpires":"2030-02-06","nta":"MN0802","bbl":"1013740042","sid":["row-2ct3_hzfa_inhq","row-iewa.w7ez.r3xx"]}},{"type":"Feature","id":"eoy-011cb275b671","geometry":{"type":"Point","coordinates":[-74.00148997462,40.722600877642]},"properties":{"id":"eoy-011cb275b671","name":"FRANCESCO SOHO","legalName":"470 BROOME CAFE LLC","street":"470 BROOME STREET","neighborhood":"NEW YORK","borough":"Manhattan","zip":"10013","type":"sidewalk","status":"Issued","licenseIssued":"2026-08-21","licenseExpires":"2030-08-21","nta":"MN0201","bbl":"1004867502","sid":["row-khmz-expi~gkt2"]}},{"type":"Feature","id":"eoy-018ab7a35eaa","geometry":{"type":"Point","coordinates":[-73.957623009713,40.729976480659]},"properties":{"id":"eoy-018ab7a35eaa","name":"THREES BREWING","legalName":"THREEFOLD HOLDINGS LLC","street":"113 FRANKLIN STREET","neighborhood":"BROOKLYN","borough":"Brooklyn","zip":"11222","type":"both","status":"Issued","licenseIssued":"2026-03-20","licenseExpires":"2030-03-20","nta":"BK0101","bbl":"3025570024","sid":["row-xyqw~pjs2~mizu","row-zzu2.h988_6pzg"]}},{"type":"Feature","id":"eoy-01ada69c3b04","geometry":{"type":"Point","coordinates":[-73.979721319327,40.781240900337]},"properties":{"id":"eoy-01ada69c3b04","name":"AMSTERDAM ALE HOUSE","legalName":"AMSTERDAM ALE HOUSE INCORPORATED","street":"340 AMSTERDAM AVENUE","neighborhood":"NEW YORK","borough":"Manhattan","zip":"10024","type":"both","status":"Issued","licenseIssued":"2026-08-07","licenseExpires":"2030-08-07","nta":"MN0702","bbl":"1011680029","sid":["row-8c7z.eyat_rjin","row-imqd.988z.i5ww"]}},{"type":"Feature","id":"eoy-01c23d5e0216","geometry":{"type":"Point","coordinates":[-73.977710642448,40.779511332867]},"properties":{"id":"eoy-01c23d5e0216","name":"DIVE 75","legalName":"101 WEST 75 BAR & REST. ENTERPRISES, LTD","street":"101 WEST 75 STREET","neighborhood":"NEW YORK","borough":"Manhattan","zip":"10023","type":"roadway","status":"Issued","licenseIssued":"2025-11-14","licenseExpires":"2029-11-14","nta":"MN0702","bbl":"1011470029","sid":["row-svcc-uh59~2ujt"]}},{"type":"Feature","id":"eoy-01ec11021e66","geometry":{"type":"Point","coordinates":[-73.997279392415,40.732649443135]},"properties":{"id":"eoy-01ec11021e66","name":"ANALOGUE","legalName":"Analogue LLC","street":"19 WEST 8 STREET","neighborhood":"NEW YORK","borough":"Manhattan","zip":"10011","type":"sidewalk","status":"Issued","licenseIssued":"2026-06-25","licenseExpires":"2030-06-25","nta":"MN0202","bbl":"1005720053","sid":["row-c62x_9xib~993q"]}},{"type":"Feature","id":"eoy-020b45022e79","geometry":{"type":"Point","coordinates":[-73.977827941091,40.763462768851]},"properties":{"id":"eoy-020b45022e79","name":"PAZZA NOTTE","legalName":"PASTA LA VISTA, INC.","street":"1375 AVENUE OF THE AMERICAS","neighborhood":"NEW YORK","borough":"Manhattan","zip":"10019","type":"sidewalk","status":"Issued","licenseIssued":"2026-06-12","licenseExpires":"2030-06-12","nta":"MN0502","bbl":"1010080029","sid":["row-dmiz~u2q4_c4k2"]}},{"type":"Feature","id":"eoy-020d57395e1e","geometry":{"type":"Point","coordinates":[-73.954101579118,40.787285695548]},"properties":{"id":"eoy-020d57395e1e","name":"DAILY PROVISIONS","legalName":"DAILY PROVISIONS OPERATIONS, LLC","street":"1381 MADISON AVENUE","neighborhood":"NEW YORK","borough":"Manhattan","zip":"10029","type":"sidewalk","status":"Issued","licenseIssued":"2026-09-04","licenseExpires":"2030-09-04","nta":"MN1101","bbl":"1016020020","sid":["row-8uzu-j27a-e3j3"]}},{"type":"Feature","id":"eoy-027efd57170c","geometry":{"type":"Point","coordinates":[-73.995918576079,40.740985250791]},"properties":{"id":"eoy-027efd57170c","name":"GLUR","legalName":"GLUR LLC","street":"144 WEST 19 STREET","neighborhood":"NEW YORK","borough":"Manhattan","zip":"10011","type":"sidewalk","status":"Issued","licenseIssued":"2025-08-08","licenseExpires":"2029-08-08","nta":"MN0401","bbl":"1007940064","sid":["row-wwtr~fwzu_538a"]}},{"type":"Feature","id":"eoy-02897688fdd4","geometry":{"type":"Point","coordinates":[-73.966410664204,40.80453796204]},"properties":{"id":"eoy-02897688fdd4","name":"KORONET PIZZA","legalName":"2848 BROADWAY LLC","street":"2848 BROADWAY","neighborhood":"NEW YORK","borough":"Manhattan","zip":"10025","type":"sidewalk","status":"Issued","licenseIssued":"2026-08-28","licenseExpires":"2030-08-28","nta":"MN0901","bbl":"1018820063","sid":["row-83dv~zpbp-9zh8"]}},{"type":"Feature","id":"eoy-02a22d9114bf","geometry":{"type":"Point","coordinates":[-73.96190436458,40.763930686163]},"properties":{"id":"eoy-02a22d9114bf","name":"PRIMOLA","legalName":"1226 SECOND AVE REALTY CORP.","street":"1226 SECOND AVENUE","neighborhood":"NEW YORK","borough":"Manhattan","zip":"10065","type":"sidewalk","status":"Issued","licenseIssued":"2026-05-08","licenseExpires":"2030-05-08","nta":"MN0801","bbl":"1014390003","sid":["row-sj8g~rjjf.rj4z"]}},{"type":"Feature","id":"eoy-02a965b9dff4","geometry":{"type":"Point","coordinates":[-73.966544100803,40.754846980725]},"properties":{"id":"eoy-02a965b9dff4","name":"DEUX AMIS","legalName":"THAFATH INC","street":"356 EAST 51 STREET","neighborhood":"NEW YORK","borough":"Manhattan","zip":"10022","type":"sidewalk","status":"Issued","licenseIssued":"2026-07-02","licenseExpires":"2030-07-02","nta":"MN0604","bbl":"1013430030","sid":["row-aw7a_8i9e~xw7k"]}},{"type":"Feature","id":"eoy-0347a8ba131d","geometry":{"type":"Point","coordinates":[-74.010259459773,40.71741556251]},"properties":{"id":"eoy-0347a8ba131d","name":"HIDEAWAY","legalName":"FIVE ACORNS, LLC","street":"185 DUANE STREET","neighborhood":"NEW YORK","borough":"Manhattan","zip":"10013","type":"roadway","status":"Issued","licenseIssued":"2025-10-24","licenseExpires":"2029-10-24","nta":"MN0102","bbl":"1001430015","sid":["row-99nd_wbp3_7cs7"]}},{"type":"Feature","id":"eoy-034d9e0274de","geometry":{"type":"Point","coordinates":[-73.951923817549,40.777604059573]},"properties":{"id":"eoy-034d9e0274de","name":"JEREMY'S","legalName":"ESSEX MARKET LEASING CORP.","street":"1652 2 AVENUE","neighborhood":"NEW YORK","borough":"Manhattan","zip":"10028","type":"sidewalk","status":"Issued","licenseIssued":"2026-05-29","licenseExpires":"2030-05-29","nta":"MN0803","bbl":"1015480051","sid":["row-7798~jw8r~8mze"]}},{"type":"Feature","id":"eoy-0387009725b6","geometry":{"type":"Point","coordinates":[-73.957494197471,40.67194372669]},"properties":{"id":"eoy-0387009725b6","name":"THE CANARY","legalName":"THEPERK INC","street":"789 FRANKLIN AVENUE","neighborhood":"BROOKLYN","borough":"Brooklyn","zip":"11238","type":"roadway","status":"Issued","licenseIssued":"2026-05-08","licenseExpires":"2030-05-08","nta":"BK0802","bbl":"3012520006","sid":["row-fv7j-2azi_i8ig"]}},{"type":"Feature","id":"eoy-03c4427ee043","geometry":{"type":"Point","coordinates":[-73.994974582975,40.721404058749]},"properties":{"id":"eoy-03c4427ee043","name":"MOTHER'S RUIN","legalName":"18 FRONT INC.","street":"18 SPRING STREET","neighborhood":"NEW YORK","borough":"Manhattan","zip":"10012","type":"both","status":"Issued","licenseIssued":"2026-07-21","licenseExpires":"2030-07-21","nta":"MN0201","bbl":"1004790019","sid":["row-hcct.re5i.kvm4","row-zic8-aahh~zukn"]}},{"type":"Feature","id":"eoy-042f08cff5dd","geometry":{"type":"Point","coordinates":[-73.959227128297,40.76763244395]},"properties":{"id":"eoy-042f08cff5dd","name":"BOTTEGA","legalName":"TGD GROUP INC","street":"1331 2 AVENUE","neighborhood":"NEW YORK","borough":"Manhattan","zip":"10021","type":"sidewalk","status":"Issued","licenseIssued":"2026-05-29","licenseExpires":"2030-05-29","nta":"MN0801","bbl":"1014257501","sid":["row-gnw4.dvrd~pned"]}},{"type":"Feature","id":"eoy-046b01e69635","geometry":{"type":"Point","coordinates":[-73.988909258942,40.72686297359]},"properties":{"id":"eoy-046b01e69635","name":"FRANK","legalName":"KITCHEN TABLE INC","street":"88 2 AVENUE","neighborhood":"NEW YORK","borough":"Manhattan","zip":"10003","type":"both","status":"Issued","licenseIssued":"2026-08-05","licenseExpires":"2030-08-05","nta":"MN0303","bbl":"1004470001","sid":["row-4ntz~d56g~kqwf","row-5hy2_bvju_hsaq"]}},{"type":"Feature","id":"eoy-048a935e4b95","geometry":{"type":"Point","coordinates":[-73.96236681198,40.775996787348]},"properties":{"id":"eoy-048a935e4b95","name":"SERAFINA FABULOUS PIZZA","legalName":"SOFIA FABULOUS PIZZA CORP","street":"1022 MADISON AVENUE","neighborhood":"NEW YORK","borough":"Manhattan","zip":"10075","type":"roadway","status":"Issued","licenseIssued":"2026-08-21","licenseExpires":"2030-08-21","nta":"MN0802","bbl":"1013930056","sid":["row-aj66.bpnx_j8ds"]}},{"type":"Feature","id":"eoy-04ee93b5f03e","geometry":{"type":"Point","coordinates":[-74.003951928631,40.747995377906]},"properties":{"id":"eoy-04ee93b5f03e","name":"THE MERMAID INN","legalName":"MERMAID CHELSEA LLC","street":"227 10 AVENUE","neighborhood":"NEW YORK","borough":"Manhattan","zip":"10011","type":"roadway","status":"Issued","licenseIssued":"2026-04-24","licenseExpires":"2030-04-24","nta":"MN0401","bbl":"1006957501","sid":["row-eeqz_qner_3ba5"]}},{"type":"Feature","id":"eoy-0589d935f89b","geometry":{"type":"Point","coordinates":[-74.009906552087,40.721557447975]},"properties":{"id":"eoy-0589d935f89b","name":"BLUE BOTTLE COFFEE","legalName":"BLUE BOTTLE COFFEE, LLC","street":"408 GREENWICH STREET","neighborhood":"NEW YORK","borough":"Manhattan","zip":"10013","type":"sidewalk","status":"Issued","licenseIssued":"2026-03-20","licenseExpires":"2030-03-20","nta":"MN0102","bbl":"1002177502","sid":["row-3i7c.tub7_t2ft"]}},{"type":"Feature","id":"eoy-058e0f878b1a","geometry":{"type":"Point","coordinates":[-73.920629021837,40.772437524799]},"properties":{"id":"eoy-058e0f878b1a","name":"THE BARN COFFEE SHOP","legalName":"THE BARN COFFEE SHOP CORP","street":"26-08 HOYT AVENUE SOUTH","neighborhood":"ASTORIA","borough":"Queens","zip":"11102","type":"sidewalk","status":"Issued","licenseIssued":"2026-07-31","licenseExpires":"2030-07-31","nta":"QN0103","bbl":"4008610049","sid":["row-jbvg_uzkw-nfsz"]}},{"type":"Feature","id":"eoy-05ae39502268","geometry":{"type":"Point","coordinates":[-73.972047399054,40.791726985258]},"properties":{"id":"eoy-05ae39502268","name":"GENNARO","legalName":"GENNARO RESTAURANT INC","street":"665 AMSTERDAM AVENUE","neighborhood":"NEW YORK","borough":"Manhattan","zip":"10025","type":"sidewalk","status":"Issued","licenseIssued":"2026-08-14","licenseExpires":"2030-08-14","nta":"MN0702","bbl":"1012237501","sid":["row-euj3_3399.phk2"]}},{"type":"Feature","id":"eoy-05c9ac2fe8ea","geometry":{"type":"Point","coordinates":[-73.920448791583,40.739077579423]},"properties":{"id":"eoy-05c9ac2fe8ea","name":"DOLCI PARADISE BAKERY","legalName":"DOLCI PARADISE BAKERY I CORP","street":"48-07A 45 STREET","neighborhood":"WOODSIDE","borough":"Queens","zip":"11377","type":"sidewalk","status":"Issued","licenseIssued":"2026-09-04","licenseExpires":"2030-09-04","nta":"QN0202","bbl":"4022890024","sid":["row-jvq8_p9nj-kaza"]}},{"type":"Feature","id":"eoy-05d768e5160e","geometry":{"type":"Point","coordinates":[-74.002204431024,40.726649396842]},"properties":{"id":"eoy-05d768e5160e","name":"THE DUTCH","legalName":"PRINCE SULLIVAN, LLC.","street":"131 SULLIVAN STREET","neighborhood":"NEW YORK","borough":"Manhattan","zip":"10012","type":"both","status":"Issued","licenseIssued":"2026-04-17","licenseExpires":"2030-04-17","nta":"MN0201","bbl":"1005170043","sid":["row-4jrh-v6zr~bbqn","row-tmtm_brg7-vjq5"]}},{"type":"Feature","id":"eoy-06246275c1c5","geometry":{"type":"Point","coordinates":[-73.955896787736,40.73774900419]},"properties":{"id":"eoy-06246275c1c5","name":"GLASSERIE","legalName":"NEBUCHADNEZZAR BROOKLYN LLC","street":"95 COMMERCIAL STREET","neighborhood":"BROOKLYN","borough":"Brooklyn","zip":"11222","type":"sidewalk","status":"Issued","licenseIssued":"2026-07-24","licenseExpires":"2030-07-24","nta":"BK0101","bbl":"3024720400","sid":["row-hgmz~a44j~cuaf"]}},{"type":"Feature","id":"eoy-0643a61ac9ff","geometry":{"type":"Point","coordinates":[-74.000378850102,40.730135269927]},"properties":{"id":"eoy-0643a61ac9ff","name":"OLIVE TREE CAFE & COMEDY CELLAR","legalName":"DYNAMIC MUSIC CORP.","street":"117 MAC DOUGAL STREET","neighborhood":"NEW YORK","borough":"Manhattan","zip":"10012","type":"both","status":"Issued","licenseIssued":"2026-04-24","licenseExpires":"2030-04-24","nta":"MN0202","bbl":"1005430022","sid":["row-6fn3~v8m2-bwxm","row-u3mf~9dru~6pzd"]}},{"type":"Feature","id":"eoy-0651c1f0ddab","geometry":{"type":"Point","coordinates":[-73.950106877862,40.82182941776]},"properties":{"id":"eoy-0651c1f0ddab","name":"OSO","legalName":"OSO HAMILTON HEIGHTS, LLC","street":"1616 AMSTERDAM AVENUE","neighborhood":"NEW YORK","borough":"Manhattan","zip":"10031","type":"sidewalk","status":"Issued","licenseIssued":"2026-08-28","licenseExpires":"2030-08-28","nta":"MN0903","bbl":"1020710036","sid":["row-zcbt~iu2n-tkvy"]}},{"type":"Feature","id":"eoy-06574bbc8b57","geometry":{"type":"Point","coordinates":[-73.99066968376,40.702895810701]},"properties":{"id":"eoy-06574bbc8b57","name":"EVIL TWIN BREWING","legalName":"CHARLIE WORK LLC","street":"43 MAIN STREET","neighborhood":"BROOKLYN","borough":"Brooklyn","zip":"11201","type":"sidewalk","status":"Issued","licenseIssued":"2026-08-14","licenseExpires":"2030-08-14","nta":"BK0202","bbl":"3000370001","sid":["row-4cx8-rgn6-2r9e"]}},{"type":"Feature","id":"eoy-06921739b640","geometry":{"type":"Point","coordinates":[-73.937443941482,40.855295293188]},"properties":{"id":"eoy-06921739b640","name":"DUTCH BABY","legalName":"SUGAR MAMA BAKERY LLC","street":"813 WEST 187 STREET","neighborhood":"NEW YORK","borough":"Manhattan","zip":"10033","type":"sidewalk","status":"Issued","licenseIssued":"2026-08-14","licenseExpires":"2030-08-14","nta":"MN1202","bbl":"1021797501","sid":["row-d6xc_t232~dynb"]}},{"type":"Feature","id":"eoy-06a11d3d7223","geometry":{"type":"Point","coordinates":[-73.950189142721,40.683499036866]},"properties":{"id":"eoy-06a11d3d7223","name":"LO-FI CAFE","legalName":"LO-FI CAFE, LLC","street":"413 NOSTRAND AVENUE","neighborhood":"BROOKLYN","borough":"Brooklyn","zip":"11216","type":"sidewalk","status":"Issued","licenseIssued":"2026-09-04","licenseExpires":"2030-09-04","nta":"BK0301","bbl":"3018280092","sid":["row-mwbv~44vf_9exe"]}},{"type":"Feature","id":"eoy-06e97ac899a3","geometry":{"type":"Point","coordinates":[-73.951555268496,40.723576027725]},"properties":{"id":"eoy-06e97ac899a3","name":"FIVE LEAVES","legalName":"18 BEDFORD AVE., LLC.","street":"18 BEDFORD AVENUE","neighborhood":"BROOKLYN","borough":"Brooklyn","zip":"11222","type":"both","status":"Issued","licenseIssued":"2025-04-04","licenseExpires":"2029-04-04","nta":"BK0101","bbl":"3026450036","sid":["row-3ypt_69ht~q55z","row-ths3-p7ha.w9j5"]}},{"type":"Feature","id":"eoy-06ee1ffb25b0","geometry":{"type":"Point","coordinates":[-73.958566830914,40.715034312093]},"properties":{"id":"eoy-06ee1ffb25b0","name":"PEARL KITCHEN","legalName":"K TOP CHICKEN INC","street":"639 DRIGGS AVENUE","neighborhood":"BROOKLYN","borough":"Brooklyn","zip":"11211","type":"roadway","status":"Issued","licenseIssued":"2025-07-18","licenseExpires":"2029-07-18","nta":"BK0102","bbl":"3023537501","sid":["row-vwn4-2hr3_2i39"]}},{"type":"Feature","id":"eoy-07129254638d","geometry":{"type":"Point","coordinates":[-74.003012557543,40.725666752145]},"properties":{"id":"eoy-07129254638d","name":"SORATE","legalName":"SORATE SOHO CORP.","street":"103 SULLIVAN STREET","neighborhood":"NEW YORK","borough":"Manhattan","zip":"10012","type":"roadway","status":"Issued","licenseIssued":"2026-07-24","licenseExpires":"2030-07-24","nta":"MN0201","bbl":"1005030004","sid":["row-7uux_eq33-kdsm"]}},{"type":"Feature","id":"eoy-072b1adccc88","geometry":{"type":"Point","coordinates":[-73.994702518086,40.694906037208]},"properties":{"id":"eoy-072b1adccc88","name":"CHAMA MAMA","legalName":"CHAMA MAMA LLC","street":"121 MONTAGUE STREET","neighborhood":"BROOKLYN","borough":"Brooklyn","zip":"11201","type":"sidewalk","status":"Issued","licenseIssued":"2025-04-11","licenseExpires":"2029-04-11","nta":"BK0201","bbl":"3002420001","sid":["row-wvav.yczn-ijgx"]}},{"type":"Feature","id":"eoy-072e6bc9a3db","geometry":{"type":"Point","coordinates":[-73.979220791054,40.776824501976]},"properties":{"id":"eoy-072e6bc9a3db","name":"FELICE","legalName":"FELICE 240, LLC","street":"240 COLUMBUS AVENUE","neighborhood":"NEW YORK","borough":"Manhattan","zip":"10023","type":"both","status":"Issued","licenseIssued":"2026-03-13","licenseExpires":"2030-03-13","nta":"MN0701","bbl":"1011430031","sid":["row-46xt.9vk9_xszj","row-mi2n~pdd4.bufi"]}},{"type":"Feature","id":"eoy-0769e4997b91","geometry":{"type":"Point","coordinates":[-73.996590688538,40.723525823099]},"properties":{"id":"eoy-0769e4997b91","name":"LA PECORA BIANCA","legalName":"LPB4 LLC","street":"265 LAFAYETTE STREET","neighborhood":"NEW YORK","borough":"Manhattan","zip":"10012","type":"roadway","status":"Issued","licenseIssued":"2025-05-23","licenseExpires":"2029-05-23","nta":"MN0201","bbl":"1004950011","sid":["row-rwdd_qsif.29hm"]}},{"type":"Feature","id":"eoy-0778d5ac889f","geometry":{"type":"Point","coordinates":[-73.998722741758,40.729729038157]},"properties":{"id":"eoy-0778d5ac889f","name":"TARTINERY","legalName":"TARTINERY W3 LLC","street":"78 WEST 3 STREET","neighborhood":"NEW YORK","borough":"Manhattan","zip":"10012","type":"roadway","status":"Issued","licenseIssued":"2025-10-24","licenseExpires":"2029-10-24","nta":"MN0202","bbl":"1005390021","sid":["row-f99g.r9b7.ezui"]}},{"type":"Feature","id":"eoy-078ca047f1d1","geometry":{"type":"Point","coordinates":[-73.970662429017,40.754944174132]},"properties":{"id":"eoy-078ca047f1d1","name":"BAROLO EAST","legalName":"CARCAMAN INC","street":"214 EAST 49 STREET","neighborhood":"NEW YORK","borough":"Manhattan","zip":"10017","type":"roadway","status":"Issued","licenseIssued":"2025-07-03","licenseExpires":"2029-07-03","nta":"MN0604","bbl":"1013220043","sid":["row-mhpx~ur83~d9hk"]}},{"type":"Feature","id":"eoy-0798c542e4eb","geometry":{"type":"Point","coordinates":[-73.994584681095,40.724821275803]},"properties":{"id":"eoy-0798c542e4eb","name":"BOTANICA","legalName":"BEA'S TAVERN, INC.","street":"47 EAST HOUSTON STREET","neighborhood":"NEW YORK","borough":"Manhattan","zip":"10012","type":"roadway","status":"Issued","licenseIssued":"2026-08-07","licenseExpires":"2030-08-07","nta":"MN0201","bbl":"1005090021","sid":["row-7gy6-gs3w.z2v3"]}},{"type":"Feature","id":"eoy-07b5b0ce60aa","geometry":{"type":"Point","coordinates":[-73.966407027011,40.683381422171]},"properties":{"id":"eoy-07b5b0ce60aa","name":"EMMY","legalName":"EMH 919 INC","street":"919 FULTON STREET","neighborhood":"BROOKLYN","borough":"Brooklyn","zip":"11238","type":"sidewalk","status":"Issued","licenseIssued":"2026-06-12","licenseExpires":"2030-06-12","nta":"BK0204","bbl":"3019770033","sid":["row-q3yw_u9jn_mv48"]}},{"type":"Feature","id":"eoy-08465665c3b1","geometry":{"type":"Point","coordinates":[-74.001403531203,40.729273405603]},"properties":{"id":"eoy-08465665c3b1","name":"BUBA BUREKA","legalName":"BUREKA LLC","street":"193 BLEECKER STREET","neighborhood":"NEW YORK","borough":"Manhattan","zip":"10012","type":"roadway","status":"Issued","licenseIssued":"2026-03-20","licenseExpires":"2030-03-20","nta":"MN0202","bbl":"1005427502","sid":["row-cv9g.6d5z~tzg5"]}},{"type":"Feature","id":"eoy-086f9e08d305","geometry":{"type":"Point","coordinates":[-73.985948728273,40.702398525779]},"properties":{"id":"eoy-086f9e08d305","name":"BEEPUBLIC","legalName":"BEEPUBLIC INC","street":"181 FRONT STREET","neighborhood":"BROOKLYN","borough":"Brooklyn","zip":"11201","type":"both","status":"Issued","licenseIssued":"2026-01-02","licenseExpires":"2030-01-02","nta":"BK0202","bbl":"3000410042","sid":["row-7f8q_vaj3.kffq","row-ew7a-2wpr-xciz"]}},{"type":"Feature","id":"eoy-0879c0d953da","geometry":{"type":"Point","coordinates":[-73.998794908522,40.729438093794]},"properties":{"id":"eoy-0879c0d953da","name":"THE HALF PINT / ERNIE'S BAR","legalName":"HALF PINT ON THOMPSON, LLC","street":"234 THOMPSON STREET","neighborhood":"NEW YORK","borough":"Manhattan","zip":"10012","type":"roadway","status":"Issued","licenseIssued":"2026-05-08","licenseExpires":"2030-05-08","nta":"MN0202","bbl":"1005370013","sid":["row-azdx-g5xs~s5b4"]}},{"type":"Feature","id":"eoy-0882eea30d2e","geometry":{"type":"Point","coordinates":[-73.995075717108,40.719776416044]},"properties":{"id":"eoy-0882eea30d2e","name":"PIACERE","legalName":"PIACERE ENTERPRISES LLC","street":"351 BROOME STREET","neighborhood":"NEW YORK","borough":"Manhattan","zip":"10013","type":"sidewalk","status":"Issued","licenseIssued":"2026-08-14","licenseExpires":"2030-08-14","nta":"MN0201","bbl":"1004700050","sid":["row-3p7u.j6q5-4zzi"]}},{"type":"Feature","id":"eoy-08aa1ded127b","geometry":{"type":"Point","coordinates":[-73.998325876931,40.728804047051]},"properties":{"id":"eoy-08aa1ded127b","name":"TRE GIOVANI","legalName":"TIMONI INC","street":"548 LAGUARDIA PLACE","neighborhood":"NEW YORK","borough":"Manhattan","zip":"10012","type":"both","status":"Issued","licenseIssued":"2025-09-26","licenseExpires":"2029-09-26","nta":"MN0202","bbl":"1005370021","sid":["row-45vi.wr4d-jwxy","row-uc8e-u4yp_f7js"]}},{"type":"Feature","id":"eoy-08b8279b3ba6","geometry":{"type":"Point","coordinates":[-73.984929447145,40.728086685371]},"properties":{"id":"eoy-08b8279b3ba6","name":"EAST VILLAGE PIZZA","legalName":"BOYTAS CORP","street":"145 1 AVENUE","neighborhood":"NEW YORK","borough":"Manhattan","zip":"10003","type":"sidewalk","status":"Issued","licenseIssued":"2026-08-27","licenseExpires":"2030-08-27","nta":"MN0303","bbl":"1004500029","sid":["row-neze.5ua4-gifu"]}},{"type":"Feature","id":"eoy-08c9777b310b","geometry":{"type":"Point","coordinates":[-74.007378210775,40.727022468914]},"properties":{"id":"eoy-08c9777b310b","name":"WESTVILLE","legalName":"JAY'S NICKELS AND DIMES INC","street":"333 HUDSON STREET","neighborhood":"NEW YORK","borough":"Manhattan","zip":"10013","type":"both","status":"Issued","licenseIssued":"2026-08-07","licenseExpires":"2030-08-07","nta":"MN0201","bbl":"1005970055","sid":["row-8da5-6376-bjje","row-trpg.i5q6_eevp"]}},{"type":"Feature","id":"eoy-08cea9379172","geometry":{"type":"Point","coordinates":[-73.955613702549,40.772549706788]},"properties":{"id":"eoy-08cea9379172","name":"NIGHTLY'S","legalName":"CORNER JOINT LLC","street":"1496 2 AVENUE","neighborhood":"NEW YORK","borough":"Manhattan","zip":"10075","type":"sidewalk","status":"Issued","licenseIssued":"2026-08-14","licenseExpires":"2030-08-14","nta":"MN0801","bbl":"1014520049","sid":["row-naig_hsjf-eb6k"]}},{"type":"Feature","id":"eoy-0921e0e64737","geometry":{"type":"Point","coordinates":[-73.988902738359,40.744286736109]},"properties":{"id":"eoy-0921e0e64737","name":"THE SMITH","legalName":"TS4 HOSPITALITY, LLC","street":"1150 BROADWAY","neighborhood":"NEW YORK","borough":"Manhattan","zip":"10001","type":"sidewalk","status":"Issued","licenseIssued":"2026-06-12","licenseExpires":"2030-06-12","nta":"MN0501","bbl":"1008280041","sid":["row-v4f6_pbfm~5bjf"]}},{"type":"Feature","id":"eoy-092e8dc27a0c","geometry":{"type":"Point","coordinates":[-73.987582391545,40.703049225092]},"properties":{"id":"eoy-092e8dc27a0c","name":"TOMMY'S BAR & BURGER","legalName":"ARCHWAY ON WATER CORP","street":"57B PEARL STREET","neighborhood":"BROOKLYN","borough":"Brooklyn","zip":"11201","type":"both","status":"Issued","licenseIssued":"2025-10-24","licenseExpires":"2029-10-24","nta":"BK0202","bbl":"3000400001","sid":["row-a4ub.zm6q_igik","row-gfv5-2tr7~ysae"]}},{"type":"Feature","id":"eoy-0961058dd45a","geometry":{"type":"Point","coordinates":[-73.92074976012,40.867811944328]},"properties":{"id":"eoy-0961058dd45a","name":"TUBBY HOOK TAVERN","legalName":"4946 BROADWAY RESTUARANT LLC","street":"4946 BROADWAY","neighborhood":"NEW YORK","borough":"Manhattan","zip":"10034","type":"sidewalk","status":"Issued","licenseIssued":"2026-07-20","licenseExpires":"2030-07-20","nta":"MN1203","bbl":"1022360001","sid":["row-fuf3.cvwc.dwye"]}},{"type":"Feature","id":"eoy-09c17b351a1f","geometry":{"type":"Point","coordinates":[-73.963510698204,40.803472115272]},"properties":{"id":"eoy-09c17b351a1f","name":"THE HUNGARIAN PASTRY SHOP","legalName":"CROISSANT CONSORTIUM LTD","street":"1030 AMSTERDAM AVENUE","neighborhood":"NEW YORK","borough":"Manhattan","zip":"10025","type":"sidewalk","status":"Issued","licenseIssued":"2026-06-26","licenseExpires":"2030-06-26","nta":"MN0901","bbl":"1018820036","sid":["row-eugy.cdyt_daau"]}},{"type":"Feature","id":"eoy-09cdc8d8018d","geometry":{"type":"Point","coordinates":[-73.948598138923,40.777918265312]},"properties":{"id":"eoy-09cdc8d8018d","name":"PHIL HUGHES BAR","legalName":"HUGHES TAVERN LLC","street":"1682 1 AVENUE","neighborhood":"NEW YORK","borough":"Manhattan","zip":"10128","type":"both","status":"Issued","licenseIssued":"2026-05-22","licenseExpires":"2030-05-22","nta":"MN0803","bbl":"1015670045","sid":["row-4crm_7fhf.geuw","row-qu6m_e6r2.thzn"]}},{"type":"Feature","id":"eoy-0a246bf4de3d","geometry":{"type":"Point","coordinates":[-73.994483910165,40.721840454189]},"properties":{"id":"eoy-0a246bf4de3d","name":"LOVELY DAY","legalName":"CANTALOUPE, LLC","street":"196 ELIZABETH STREET","neighborhood":"NEW YORK","borough":"Manhattan","zip":"10012","type":"roadway","status":"Issued","licenseIssued":"2026-03-13","licenseExpires":"2030-03-13","nta":"MN0201","bbl":"1004920004","sid":["row-6ntt~daj3~dbx6"]}},{"type":"Feature","id":"eoy-0a26a635f46c","geometry":{"type":"Point","coordinates":[-73.921071759709,40.770530224142]},"properties":{"id":"eoy-0a26a635f46c","name":"ANASSA TAVERNA","legalName":"26-05 HOSPITALITY LLC","street":"26-05 28 STREET","neighborhood":"ASTORIA","borough":"Queens","zip":"11102","type":"sidewalk","status":"Issued","licenseIssued":"2026-07-31","licenseExpires":"2030-07-31","nta":"QN0103","bbl":"4005967502","sid":["row-n6u7-iykt-i9ib"]}},{"type":"Feature","id":"eoy-0a2d691f223c","geometry":{"type":"Point","coordinates":[-73.972020348756,40.693200986176]},"properties":{"id":"eoy-0a2d691f223c","name":"THIRD FALCON","legalName":"THIRD FALCON LLC","street":"360 MYRTLE AVENUE","neighborhood":"BROOKLYN","borough":"Brooklyn","zip":"11205","type":"sidewalk","status":"Issued","licenseIssued":"2026-04-24","licenseExpires":"2030-04-24","nta":"BK0203","bbl":"3020730028","sid":["row-se52~takv-w7b5"]}},{"type":"Feature","id":"eoy-0a396c481be8","geometry":{"type":"Point","coordinates":[-73.918251068141,40.774313269172]},"properties":{"id":"eoy-0a396c481be8","name":"OTHELLO DELI","legalName":"BEN TAS CORP","street":"26-19 24 AVENUE","neighborhood":"ASTORIA","borough":"Queens","zip":"11102","type":"sidewalk","status":"Issued","licenseIssued":"2026-08-07","licenseExpires":"2030-08-07","nta":"QN0101","bbl":"4008540076","sid":["row-vabv_jwij-zv47"]}},{"type":"Feature","id":"eoy-0a3f80417e06","geometry":{"type":"Point","coordinates":[-73.994945163601,40.728738073513]},"properties":{"id":"eoy-0a3f80417e06","name":"SPRING CAFE ASPEN","legalName":"SPRING CAFE NEW YORK, LLC","street":"14 WEST 4 STREET","neighborhood":"NEW YORK","borough":"Manhattan","zip":"10012","type":"sidewalk","status":"Issued","licenseIssued":"2026-04-03","licenseExpires":"2030-04-03","nta":"MN0202","bbl":"1005357501","sid":["row-nc8c_6igk.ch8u"]}},{"type":"Feature","id":"eoy-0a785d53c37a","geometry":{"type":"Point","coordinates":[-74.00213242586,40.731411566573]},"properties":{"id":"eoy-0a785d53c37a","name":"PALMA","legalName":"ZOUK LTD","street":"28 CORNELIA STREET","neighborhood":"NEW YORK","borough":"Manhattan","zip":"10014","type":"roadway","status":"Issued","licenseIssued":"2025-10-03","licenseExpires":"2029-10-03","nta":"MN0203","bbl":"1005890013","sid":["row-zpr6_dj8i-mggb"]}},{"type":"Feature","id":"eoy-0a9deaa261f6","geometry":{"type":"Point","coordinates":[-73.968022673472,40.80247986175]},"properties":{"id":"eoy-0a9deaa261f6","name":"CLOUD TOUCH","legalName":"SAVORY BAR INC","street":"2785 BROADWAY","neighborhood":"NEW YORK","borough":"Manhattan","zip":"10025","type":"sidewalk","status":"Issued","licenseIssued":"2026-05-15","licenseExpires":"2030-05-15","nta":"MN0703","bbl":"1018920046","sid":["row-q9mx.yy2k.avyk"]}},{"type":"Feature","id":"eoy-0ac40b850b8b","geometry":{"type":"Point","coordinates":[-73.963897094301,40.597993248794]},"properties":{"id":"eoy-0ac40b850b8b","name":"U CAFE","legalName":"AMICI DEL CAFFE' INC.","street":"706 AVENUE U","neighborhood":"BROOKLYN","borough":"Brooklyn","zip":"11223","type":"sidewalk","status":"Issued","licenseIssued":"2026-06-05","licenseExpires":"2030-06-05","nta":"BK1501","bbl":"3071340002","sid":["row-ji2p~9rk4.znk3"]}},{"type":"Feature","id":"eoy-0ade3d487b9b","geometry":{"type":"Point","coordinates":[-73.990443945873,40.717681865782]},"properties":{"id":"eoy-0ade3d487b9b","name":"ORCHARD GROCER","legalName":"ORCHARD GROCER INC","street":"78 ORCHARD STREET","neighborhood":"NEW YORK","borough":"Manhattan","zip":"10002","type":"sidewalk","status":"Issued","licenseIssued":"2026-07-31","licenseExpires":"2030-07-31","nta":"MN0302","bbl":"1004080006","sid":["row-ucj3-jhpn~rek3"]}},{"type":"Feature","id":"eoy-0b0f38711e9b","geometry":{"type":"Point","coordinates":[-73.978665921568,40.75073822369]},"properties":{"id":"eoy-0b0f38711e9b","name":"PARK AVENUE TAVERN","legalName":"IN GOOD CO PARK AVE INC","street":"99 PARK AVENUE","neighborhood":"NEW YORK","borough":"Manhattan","zip":"10016","type":"both","status":"Issued","licenseIssued":"2026-02-13","licenseExpires":"2030-02-13","nta":"MN0603","bbl":"1008950001","sid":["row-dijc_hjxn~q9wd","row-qg4a-b2wc-wbfi"]}},{"type":"Feature","id":"eoy-0b45544bbac4","geometry":{"type":"Point","coordinates":[-73.98289628946,40.665296992612]},"properties":{"id":"eoy-0b45544bbac4","name":"CAFE GRUMPY","legalName":"ESPRESSO GRUMPY LLC","street":"383 7 AVENUE","neighborhood":"BROOKLYN","borough":"Brooklyn","zip":"11215","type":"roadway","status":"Issued","licenseIssued":"2026-09-02","licenseExpires":"2030-09-02","nta":"BK0602","bbl":"3010960004","sid":["row-2dfr~e8rj-xqt4"]}},{"type":"Feature","id":"eoy-0b45eb94a42e","geometry":{"type":"Point","coordinates":[-73.971755042378,40.689569585947]},"properties":{"id":"eoy-0b45eb94a42e","name":"SARAGHINA CAFFE","legalName":"ANITAFOREVER LLC","street":"195 DEKALB AVENUE","neighborhood":"BROOKLYN","borough":"Brooklyn","zip":"11205","type":"sidewalk","status":"Issued","licenseIssued":"2026-05-15","licenseExpires":"2030-05-15","nta":"BK0203","bbl":"3020900001","sid":["row-p65s.trei~p8hv"]}},{"type":"Feature","id":"eoy-0b50f6233b01","geometry":{"type":"Point","coordinates":[-73.917902545656,40.767108033155]},"properties":{"id":"eoy-0b50f6233b01","name":"OFF THE HOOK","legalName":"DX RESTAURANT CORP","street":"28-08 34 STREET","neighborhood":"ASTORIA","borough":"Queens","zip":"11103","type":"sidewalk","status":"Issued","licenseIssued":"2026-05-29","licenseExpires":"2030-05-29","nta":"QN0103","bbl":"4006270024","sid":["row-qkj9.wvez_tst4"]}},{"type":"Feature","id":"eoy-0b56f4c01449","geometry":{"type":"Point","coordinates":[-73.952630268544,40.587207614012]},"properties":{"id":"eoy-0b56f4c01449","name":"COFFEE SPOT CAFE","legalName":"COFFEE SPOT CAFE INC","street":"1617 JEROME AVENUE","neighborhood":"BROOKLYN","borough":"Brooklyn","zip":"11235","type":"sidewalk","status":"Issued","licenseIssued":"2026-05-08","licenseExpires":"2030-05-08","nta":"BK1503","bbl":"3074600081","sid":["row-apxp.3nrg_vjdi"]}},{"type":"Feature","id":"eoy-0b87964376b8","geometry":{"type":"Point","coordinates":[-73.976867504059,40.743332508221]},"properties":{"id":"eoy-0b87964376b8","name":"HILL AND BAY","legalName":"E & E RESTAURANT 2 LLC","street":"581 2 AVENUE","neighborhood":"NEW YORK","borough":"Manhattan","zip":"10016","type":"roadway","status":"Issued","licenseIssued":"2025-11-14","licenseExpires":"2029-11-14","nta":"MN0603","bbl":"1009120038","sid":["row-rgfg_ps3a-k28e"]}},{"type":"Feature","id":"eoy-0bb0ae2fbe13","geometry":{"type":"Point","coordinates":[-73.981281738153,40.728215152107]},"properties":{"id":"eoy-0bb0ae2fbe13","name":"11TH ST BAR","legalName":"DELTA 510 CORP","street":"510 EAST 11 STREET","neighborhood":"NEW YORK","borough":"Manhattan","zip":"10009","type":"roadway","status":"Issued","licenseIssued":"2025-06-27","licenseExpires":"2029-06-27","nta":"MN0303","bbl":"1004040009","sid":["row-cz2a-j2dr.x9h2"]}},{"type":"Feature","id":"eoy-0bc6d1f6db09","geometry":{"type":"Point","coordinates":[-73.978534909725,40.776393449323]},"properties":{"id":"eoy-0bc6d1f6db09","name":"FRIEND OF A FARMER","legalName":"FRIEND OF A FARMER UWS LLC","street":"68 WEST 71 STREET","neighborhood":"NEW YORK","borough":"Manhattan","zip":"10023","type":"roadway","status":"Issued","licenseIssued":"2026-04-17","licenseExpires":"2030-04-17","nta":"MN0701","bbl":"1011230061","sid":["row-ye5c-8cth.nqhx"]}},{"type":"Feature","id":"eoy-0bd1a70f0d32","geometry":{"type":"Point","coordinates":[-73.987283194052,40.721087815601]},"properties":{"id":"eoy-0bd1a70f0d32","name":"SOUVLAKI GR","legalName":"UBER CAFFE LLC","street":"116 STANTON STREET","neighborhood":"NEW YORK","borough":"Manhattan","zip":"10002","type":"sidewalk","status":"Issued","licenseIssued":"2026-05-29","licenseExpires":"2030-05-29","nta":"MN0302","bbl":"1004120074","sid":["row-n5nb~y5jr_969t"]}},{"type":"Feature","id":"eoy-0be3f10f9ce9","geometry":{"type":"Point","coordinates":[-73.985596429598,40.746995448707]},"properties":{"id":"eoy-0be3f10f9ce9","name":"HOKKAIDO BAKED CHEESE TART","legalName":"SWEET CHURROS INC","street":"315 5 AVENUE","neighborhood":"NEW YORK","borough":"Manhattan","zip":"10016","type":"sidewalk","status":"Issued","licenseIssued":"2025-05-09","licenseExpires":"2029-05-09","nta":"MN0501","bbl":"1008610075","sid":["row-dnuk~ik9q.zu5t"]}},{"type":"Feature","id":"eoy-0bfe5ed833fb","geometry":{"type":"Point","coordinates":[-74.006522337337,40.718933692611]},"properties":{"id":"eoy-0bfe5ed833fb","name":"MAMAN","legalName":"MAMAN TRIBECA LLC","street":"211 WEST BROADWAY","neighborhood":"NEW YORK","borough":"Manhattan","zip":"10013","type":"roadway","status":"Issued","licenseIssued":"2026-04-17","licenseExpires":"2030-04-17","nta":"MN0102","bbl":"1001787502","sid":["row-fs4k.zaxi-gw24"]}},{"type":"Feature","id":"eoy-0c115d8145f5","geometry":{"type":"Point","coordinates":[-73.898363575337,40.708886898616]},"properties":{"id":"eoy-0c115d8145f5","name":"TWIST IT TOP IT","legalName":"AGLANTCL INC.","street":"66-02 FRESH POND ROAD","neighborhood":"RIDGEWOOD","borough":"Queens","zip":"11385","type":"sidewalk","status":"Issued","licenseIssued":"2026-06-05","licenseExpires":"2030-06-05","nta":"QN0502","bbl":"4035270065","sid":["row-vdf8_y6xe~s9j9"]}},{"type":"Feature","id":"eoy-0cb5ced1d3c1","geometry":{"type":"Point","coordinates":[-73.902417108344,40.694617600346]},"properties":{"id":"eoy-0cb5ced1d3c1","name":"THE DEEP END","legalName":"JUNGO ROAD LLC","street":"1080 WYCKOFF AVENUE","neighborhood":"RIDGEWOOD","borough":"Queens","zip":"11385","type":"sidewalk","status":"Issued","licenseIssued":"2026-09-18","licenseExpires":"2030-09-18","nta":"QN0502","bbl":"4035410023","sid":["row-272c_6bzf_zz7i"]}},{"type":"Feature","id":"eoy-0d0758e50153","geometry":{"type":"Point","coordinates":[-73.983475912993,40.726143190791]},"properties":{"id":"eoy-0d0758e50153","name":"YUCA BAR & RESTAURANT","legalName":"YUCA BAR & RESTAURANT, INC","street":"111 AVENUE A","neighborhood":"NEW YORK","borough":"Manhattan","zip":"10009","type":"both","status":"Issued","licenseIssued":"2026-01-02","licenseExpires":"2030-01-02","nta":"MN0303","bbl":"1004350037","sid":["row-esc9.9mqx~szqp","row-wbdh-g4q6_vwua"]}},{"type":"Feature","id":"eoy-0d30fb5f12e2","geometry":{"type":"Point","coordinates":[-73.972931149733,40.785460929726]},"properties":{"id":"eoy-0d30fb5f12e2","name":"MAMOUN'S FALAFEL","legalName":"MAMOUNS COLUMBUS, LLC","street":"508 COLUMBUS AVENUE","neighborhood":"NEW YORK","borough":"Manhattan","zip":"10024","type":"roadway","status":"Issued","licenseIssued":"2026-04-17","licenseExpires":"2030-04-17","nta":"MN0702","bbl":"1012150033","sid":["row-drd3_f2sy_84e6"]}},{"type":"Feature","id":"eoy-0d3380349fee","geometry":{"type":"Point","coordinates":[-73.995231331932,40.712941949496]},"properties":{"id":"eoy-0d3380349fee","name":"DREAMERS COFFEE HOUSE","legalName":"DREAMERS COFFEE LLC","street":"54 HENRY STREET","neighborhood":"NEW YORK","borough":"Manhattan","zip":"10002","type":"roadway","status":"Issued","licenseIssued":"2026-03-20","licenseExpires":"2030-03-20","nta":"MN0301","bbl":"1002770031","sid":["row-itk2_tuar-gmrc"]}},{"type":"Feature","id":"eoy-0d3bdaa58341","geometry":{"type":"Point","coordinates":[-73.978621546726,40.776448360581]},"properties":{"id":"eoy-0d3bdaa58341","name":"SANTA FE","legalName":"418 RESTAURANT LLC","street":"73 WEST 71 STREET","neighborhood":"NEW YORK","borough":"Manhattan","zip":"10023","type":"both","status":"Issued","licenseIssued":"2024-11-22","licenseExpires":"2028-11-22","nta":"MN0701","bbl":"1011240003","sid":["row-a4m2-ief4-y339","row-gf9k.t5d4~kq2q"]}},{"type":"Feature","id":"eoy-0d4701df78ed","geometry":{"type":"Point","coordinates":[-73.958495755097,40.719093798979]},"properties":{"id":"eoy-0d4701df78ed","name":"GEORGE AND JACKS TAP ROOM","legalName":"RAW SUGAR BROOKLYN LLC","street":"103 BERRY STREET","neighborhood":"BROOKLYN","borough":"Brooklyn","zip":"11249","type":"both","status":"Issued","licenseIssued":"2026-05-22","licenseExpires":"2030-05-22","nta":"BK0102","bbl":"3023190008","sid":["row-4dwa_7kkd-j2mh","row-ywdi.jc7t~is23"]}},{"type":"Feature","id":"eoy-0d9239724170","geometry":{"type":"Point","coordinates":[-73.957489924582,40.718061397734]},"properties":{"id":"eoy-0d9239724170","name":"THE CHARLESTON","legalName":"174 BEDFORD TAVERN LLC","street":"174 BEDFORD AVENUE","neighborhood":"BROOKLYN","borough":"Brooklyn","zip":"11249","type":"sidewalk","status":"Issued","licenseIssued":"2026-07-24","licenseExpires":"2030-07-24","nta":"BK0102","bbl":"3023190022","sid":["row-uewn~76v5-d8hn"]}},{"type":"Feature","id":"eoy-0d9b5e0cc8d7","geometry":{"type":"Point","coordinates":[-73.960361854501,40.81405755657]},"properties":{"id":"eoy-0d9b5e0cc8d7","name":"PISTICCI RESTAURANT","legalName":"PISTICCI RESTAURANT CORP","street":"125 LA SALLE STREET","neighborhood":"NEW YORK","borough":"Manhattan","zip":"10027","type":"both","status":"Issued","licenseIssued":"2026-05-22","licenseExpires":"2030-05-22","nta":"MN0901","bbl":"1019930112","sid":["row-2s8t_zk2g-86a8","row-uizd~esvb~4nc6"]}},{"type":"Feature","id":"eoy-0db0bf864521","geometry":{"type":"Point","coordinates":[-73.992178272601,40.724829371244]},"properties":{"id":"eoy-0db0bf864521","name":"DARK MATTER COFFEE - ADIOS AMIGOS","legalName":"DMC BOWERY LLC","street":"1 EAST 1 STREET","neighborhood":"NEW YORK","borough":"Manhattan","zip":"10003","type":"sidewalk","status":"Issued","licenseIssued":"2026-07-21","licenseExpires":"2030-07-21","nta":"MN0303","bbl":"1004560007","sid":["row-wvbw_bp99-cdkb"]}},{"type":"Feature","id":"eoy-0dda73f20996","geometry":{"type":"Point","coordinates":[-73.965049379168,40.714514964868]},"properties":{"id":"eoy-0dda73f20996","name":"12 CHAIRS CAFE","legalName":"12 CHAIRS BYN LLC","street":"342 WYTHE AVENUE","neighborhood":"BROOKLYN","borough":"Brooklyn","zip":"11249","type":"both","status":"Issued","licenseIssued":"2026-01-02","licenseExpires":"2030-01-02","nta":"BK0102","bbl":"3024030031","sid":["row-jjk4~wbbj~i648","row-revv~hfmq~bwry"]}},{"type":"Feature","id":"eoy-0e69c979f595","geometry":{"type":"Point","coordinates":[-73.950575207453,40.775210060614]},"properties":{"id":"eoy-0e69c979f595","name":"BOTTE","legalName":"BOTTE CUCINA LLC","street":"1606 1ST AVE","neighborhood":"NEW YORK","borough":"Manhattan","zip":"10028","type":"both","status":"Issued","licenseIssued":"2026-06-19","licenseExpires":"2030-06-19","nta":"MN0803","bbl":"1015630003","sid":["row-6cu2-zwa3-iiag","row-femn-gsyg-pckv"]}},{"type":"Feature","id":"eoy-0e77a00ce643","geometry":{"type":"Point","coordinates":[-73.997759766673,40.718448032288]},"properties":{"id":"eoy-0e77a00ce643","name":"OSTERIA BAROCCA","legalName":"CINQUE RESTAURANT INC","street":"133 MULBERRY STREET","neighborhood":"NEW YORK","borough":"Manhattan","zip":"10013","type":"both","status":"Issued","licenseIssued":"2026-07-31","licenseExpires":"2030-07-31","nta":"MN0201","bbl":"1002367503","sid":["row-4quy-7853-8utz","row-zgt4-6ygz-n7dg"]}},{"type":"Feature","id":"eoy-0e7e3ac6c641","geometry":{"type":"Point","coordinates":[-73.992524038272,40.730014257254]},"properties":{"id":"eoy-0e7e3ac6c641","name":"JUICE GENERATION","legalName":"JUICE GENERATION INC","street":"4 ASTOR PLACE","neighborhood":"NEW YORK","borough":"Manhattan","zip":"10003","type":"sidewalk","status":"Issued","licenseIssued":"2026-05-15","licenseExpires":"2030-05-15","nta":"MN0202","bbl":"1005450026","sid":["row-ux5z.z8z9~czj2"]}},{"type":"Feature","id":"eoy-0e83fe5938ad","geometry":{"type":"Point","coordinates":[-73.98612846585,40.722498492103]},"properties":{"id":"eoy-0e83fe5938ad","name":"BAR BIANCHI","legalName":"DOWNTOWN DINING LLC","street":"5 AVENUE A","neighborhood":"NEW YORK","borough":"Manhattan","zip":"10009","type":"sidewalk","status":"Issued","licenseIssued":"2026-04-24","licenseExpires":"2030-04-24","nta":"MN0303","bbl":"1004290042","sid":["row-qkbt_ep2v.4wqx"]}},{"type":"Feature","id":"eoy-0e95c8e65c2c","geometry":{"type":"Point","coordinates":[-73.955330331657,40.775162604004]},"properties":{"id":"eoy-0e95c8e65c2c","name":"LUKE'S LOBSTER","legalName":"LUKES LOBSTER II LLC","street":"242 EAST 81 STREET","neighborhood":"NEW YORK","borough":"Manhattan","zip":"10028","type":"sidewalk","status":"Issued","licenseIssued":"2026-07-21","licenseExpires":"2030-07-21","nta":"MN0803","bbl":"1015260028","sid":["row-ehtm.cygq~vvq2"]}},{"type":"Feature","id":"eoy-0ea9c2589cd5","geometry":{"type":"Point","coordinates":[-74.004677699437,40.650531262554]},"properties":{"id":"eoy-0ea9c2589cd5","name":"JUDY'S","legalName":"SAM AND JUDY LLC","street":"4022 5 AVENUE","neighborhood":"BROOKLYN","borough":"Brooklyn","zip":"11232","type":"roadway","status":"Issued","licenseIssued":"2024-11-06","licenseExpires":"2028-11-06","nta":"BK0702","bbl":"3007140044","sid":["row-4y8y_ehc2~fdfe"]}},{"type":"Feature","id":"eoy-0ec66165184e","geometry":{"type":"Point","coordinates":[-73.965614432776,40.800579800343]},"properties":{"id":"eoy-0ec66165184e","name":"DIVE 106","legalName":"SEINFELD SQUARED LLC","street":"938 AMSTERDAM AVENUE","neighborhood":"NEW YORK","borough":"Manhattan","zip":"10025","type":"both","status":"Issued","licenseIssued":"2026-02-06","licenseExpires":"2030-02-06","nta":"MN0703","bbl":"1018780030","sid":["row-2zh8~n7d6.kjy8","row-7ktv~xniy~9i7a"]}},{"type":"Feature","id":"eoy-0ecc110a0c48","geometry":{"type":"Point","coordinates":[-74.000808421099,40.747177504204]},"properties":{"id":"eoy-0ecc110a0c48","name":"SHUKETTE","legalName":"230 NINTH AVENUE RESTAURANT LLC","street":"230 9 AVENUE","neighborhood":"NEW YORK","borough":"Manhattan","zip":"10001","type":"roadway","status":"Issued","licenseIssued":"2025-04-22","licenseExpires":"2029-04-22","nta":"MN0401","bbl":"1007480001","sid":["row-2g7w-wb7z.v2nt"]}},{"type":"Feature","id":"eoy-0f26973fd1f6","geometry":{"type":"Point","coordinates":[-74.016336165623,40.710215329115]},"properties":{"id":"eoy-0f26973fd1f6","name":"TREADWELL PARK / BLACK HOUND","legalName":"301 SOUTH LLC","street":"301 SOUTH END AVENUE","neighborhood":"NEW YORK","borough":"Manhattan","zip":"10280","type":"both","status":"Issued","licenseIssued":"2026-07-20","licenseExpires":"2030-07-20","nta":"MN0101","bbl":"1000160100","sid":["row-cg5a.suwk_b6xi","row-y9f8.4adu~gff8"]}},{"type":"Feature","id":"eoy-0f6b14b52c2a","geometry":{"type":"Point","coordinates":[-74.001270001449,40.727604589578]},"properties":{"id":"eoy-0f6b14b52c2a","name":"BAR MOGA","legalName":"SULLIVAN STREET PARTNERS I LLC","street":"128 WEST HOUSTON STREET","neighborhood":"NEW YORK","borough":"Manhattan","zip":"10012","type":"roadway","status":"Issued","licenseIssued":"2026-01-30","licenseExpires":"2030-01-30","nta":"MN0202","bbl":"1005250032","sid":["row-egkc-y4dg.9dxj"]}},{"type":"Feature","id":"eoy-0fa3838c451c","geometry":{"type":"Point","coordinates":[-73.997510836423,40.718859742332]},"properties":{"id":"eoy-0fa3838c451c","name":"CASA D' ANGELO","legalName":"B E F RESTAURANT INC","street":"146 MULBERRY STREET","neighborhood":"NEW YORK","borough":"Manhattan","zip":"10013","type":"both","status":"Issued","licenseIssued":"2025-07-03","licenseExpires":"2029-07-03","nta":"MN0201","bbl":"1002370011","sid":["row-8xuh~rgav.d9sb","row-nusn.46mn~bdsi"]}},{"type":"Feature","id":"eoy-0fa4d4269470","geometry":{"type":"Point","coordinates":[-74.007282153464,40.739390384879]},"properties":{"id":"eoy-0fa4d4269470","name":"COMMON GROUND NYC","legalName":"SLJ BAR LLC","street":"63 GANSEVOORT STREET","neighborhood":"NEW YORK","borough":"Manhattan","zip":"10014","type":"sidewalk","status":"Issued","licenseIssued":"2026-04-24","licenseExpires":"2030-04-24","nta":"MN0203","bbl":"1006440043","sid":["row-xua6_sh8r~ngzf"]}},{"type":"Feature","id":"eoy-0fc68f633ce8","geometry":{"type":"Point","coordinates":[-73.900155723596,40.730810946032]},"properties":{"id":"eoy-0fc68f633ce8","name":"MAMA PISCO KITCHEN","legalName":"NY GEORGE'S CATERING CORP.","street":"53-05 65 PLACE","neighborhood":"MASPETH","borough":"Queens","zip":"11378","type":"sidewalk","status":"Issued","licenseIssued":"2026-08-21","licenseExpires":"2030-08-21","nta":"QN0501","bbl":"4023810040","sid":["row-j3ef_pwzj~m4h3"]}},{"type":"Feature","id":"eoy-0ff73aa65839","geometry":{"type":"Point","coordinates":[-73.962982897558,40.68778847545]},"properties":{"id":"eoy-0ff73aa65839","name":"ENTRE NOUS","legalName":"CACHETTE LLC","street":"39 CLIFTON PLACE","neighborhood":"BROOKLYN","borough":"Brooklyn","zip":"11238","type":"sidewalk","status":"Issued","licenseIssued":"2026-05-15","licenseExpires":"2030-05-15","nta":"BK0204","bbl":"3019470034","sid":["row-vuug~pcbn~ayjw"]}},{"type":"Feature","id":"eoy-1010977aec2c","geometry":{"type":"Point","coordinates":[-73.887034008876,40.855270522123]},"properties":{"id":"eoy-1010977aec2c","name":"RANCHO ESTRELLA RESTAURANT","legalName":"RANCHO ESTRELLA RESTAURANT CORP","street":"616 EAST 187 STREET","neighborhood":"BRONX","borough":"Bronx","zip":"10458","type":"sidewalk","status":"Issued","licenseIssued":"2026-05-29","licenseExpires":"2030-05-29","nta":"BX0603","bbl":"2030730050","sid":["row-dkkb_8nii.n5e7"]}},{"type":"Feature","id":"eoy-10170577396f","geometry":{"type":"Point","coordinates":[-73.968260068517,40.759291233637]},"properties":{"id":"eoy-10170577396f","name":"THE NAKED PIG","legalName":"BELCANTATA REST INC","street":"922 3 AVENUE","neighborhood":"NEW YORK","borough":"Manhattan","zip":"10022","type":"sidewalk","status":"Issued","licenseIssued":"2026-07-20","licenseExpires":"2030-07-20","nta":"MN0604","bbl":"1013100037","sid":["row-myiy-gzdy~5w88"]}},{"type":"Feature","id":"eoy-1046ac2b57b7","geometry":{"type":"Point","coordinates":[-73.913080990681,40.774191446107]},"properties":{"id":"eoy-1046ac2b57b7","name":"FIGLIA","legalName":"L.RIVER HOSPITALITY CORP.","street":"23-02 31 STREET","neighborhood":"ASTORIA","borough":"Queens","zip":"11105","type":"sidewalk","status":"Issued","licenseIssued":"2026-03-27","licenseExpires":"2030-03-27","nta":"QN0101","bbl":"4008420071","sid":["row-s4gq_rj3x~kzaz"]}},{"type":"Feature","id":"eoy-104d6d72dbe3","geometry":{"type":"Point","coordinates":[-73.989123049646,40.743246492273]},"properties":{"id":"eoy-104d6d72dbe3","name":"ALL'ANTICO VINAIO","legalName":"AV 1123 BROADWAY LLC","street":"1123 BROADWAY","neighborhood":"NEW YORK","borough":"Manhattan","zip":"10010","type":"both","status":"Issued","licenseIssued":"2026-06-12","licenseExpires":"2030-06-12","nta":"MN0501","bbl":"1008270028","sid":["row-bzp3_h5q7_245a","row-hc6w.ynge.tvim"]}},{"type":"Feature","id":"eoy-107fe6add5e5","geometry":{"type":"Point","coordinates":[-73.989827456113,40.762297937707]},"properties":{"id":"eoy-107fe6add5e5","name":"MOM'S KITCHEN & BAR","legalName":"701 RESTAURANT LLC","street":"701 9 AVENUE","neighborhood":"NEW YORK","borough":"Manhattan","zip":"10019","type":"sidewalk","status":"Issued","licenseIssued":"2026-05-08","licenseExpires":"2030-05-08","nta":"MN0402","bbl":"1010580029","sid":["row-kbxd~hi96_486d"]}},{"type":"Feature","id":"eoy-1094d3a45749","geometry":{"type":"Point","coordinates":[-73.987851866135,40.728353274395]},"properties":{"id":"eoy-1094d3a45749","name":"B&H DAIRY","legalName":"JUICE & VEGGIE FOOD CORP","street":"127 SECOND AVENUE","neighborhood":"NEW YORK","borough":"Manhattan","zip":"10003","type":"sidewalk","status":"Issued","licenseIssued":"2024-12-19","licenseExpires":"2028-12-19","nta":"MN0303","bbl":"1004630031","sid":["row-zrn2.57cd.5x5z"]}},{"type":"Feature","id":"eoy-10a892e408f1","geometry":{"type":"Point","coordinates":[-73.989016576646,40.688809492286]},"properties":{"id":"eoy-10a892e408f1","name":"NU HOTEL","legalName":"HERSHA HOSPITALITY MANAGEMENT LP","street":"85 SMITH STREET","neighborhood":"BROOKLYN","borough":"Brooklyn","zip":"11201","type":"sidewalk","status":"Issued","licenseIssued":"2026-08-14","licenseExpires":"2030-08-14","nta":"BK0202","bbl":"3001767501","sid":["row-383h-wnuf~yk4i"]}},{"type":"Feature","id":"eoy-10c49ff2f601","geometry":{"type":"Point","coordinates":[-73.994377254632,40.745854394137]},"properties":{"id":"eoy-10c49ff2f601","name":"BLANK STREET COFFEE","legalName":"BLANK STREET INC.","street":"276 7 AVENUE","neighborhood":"NEW YORK","borough":"Manhattan","zip":"10001","type":"sidewalk","status":"Issued","licenseIssued":"2026-06-19","licenseExpires":"2030-06-19","nta":"MN0401","bbl":"1007750044","sid":["row-t6tq-m6m5~n3qz"]}},{"type":"Feature","id":"eoy-10df79a7b6e1","geometry":{"type":"Point","coordinates":[-73.985195264291,40.668637706981]},"properties":{"id":"eoy-10df79a7b6e1","name":"DRAM SHOP","legalName":"LS TAVERN INC","street":"339 9 STREET","neighborhood":"BROOKLYN","borough":"Brooklyn","zip":"11215","type":"sidewalk","status":"Issued","licenseIssued":"2026-05-29","licenseExpires":"2030-05-29","nta":"BK0602","bbl":"3010050063","sid":["row-v84x.acud.tj7c"]}},{"type":"Feature","id":"eoy-110760d7858e","geometry":{"type":"Point","coordinates":[-73.959652903485,40.773931809705]},"properties":{"id":"eoy-110760d7858e","name":"SOOM SOOM","legalName":"VEG ON LEX LLC","street":"1108 LEXINGTON AVENUE","neighborhood":"NEW YORK","borough":"Manhattan","zip":"10075","type":"roadway","status":"Issued","licenseIssued":"2026-06-05","licenseExpires":"2030-06-05","nta":"MN0802","bbl":"1014120057","sid":["row-iq28_fe47~8fpj"]}},{"type":"Feature","id":"eoy-110788e68f22","geometry":{"type":"Point","coordinates":[-73.992992365827,40.736873453731]},"properties":{"id":"eoy-110788e68f22","name":"PURA VIDA MIAMI","legalName":"PVM 100 FIFTH AVE LLC","street":"100 5 AVENUE","neighborhood":"NEW YORK","borough":"Manhattan","zip":"10011","type":"sidewalk","status":"Issued","licenseIssued":"2026-07-31","licenseExpires":"2030-07-31","nta":"MN0501","bbl":"1008177502","sid":["row-7n4i_ne73_vgcq"]}},{"type":"Feature","id":"eoy-110b5ec3d04c","geometry":{"type":"Point","coordinates":[-73.803359672781,40.771182153487]},"properties":{"id":"eoy-110b5ec3d04c","name":"BEAN HOUSE","legalName":"BEAN HOUSE 1 INC","street":"161-01 29 AVENUE","neighborhood":"FLUSHING","borough":"Queens","zip":"11358","type":"sidewalk","status":"Issued","licenseIssued":"2026-04-03","licenseExpires":"2030-04-03","nta":"QN0704","bbl":"4048890063","sid":["row-bryz_fpjc.4rfj"]}},{"type":"Feature","id":"eoy-11132b45116d","geometry":{"type":"Point","coordinates":[-73.899971439457,40.731524336492]},"properties":{"id":"eoy-11132b45116d","name":"LA CATRINA","legalName":"LA CATRINA QUEENS INC","street":"5275 65TH PL","neighborhood":"MASPETH","borough":"Manhattan","zip":"11378","type":"sidewalk","status":"Issued","licenseIssued":"2026-06-19","licenseExpires":"2030-06-19","nta":"QN0501","bbl":null,"sid":["row-frxv.ytnr.6cya"]}},{"type":"Feature","id":"eoy-1127bb5fc841","geometry":{"type":"Point","coordinates":[-73.977521283789,40.784226781713]},"properties":{"id":"eoy-1127bb5fc841","name":"PIG & KHAO","legalName":"PK UWS LLC","street":"433 AMSTERDAM AVENUE","neighborhood":"NEW YORK","borough":"Manhattan","zip":"10024","type":"sidewalk","status":"Issued","licenseIssued":"2026-08-07","licenseExpires":"2030-08-07","nta":"MN0702","bbl":"1012110063","sid":["row-g9mx.pafw_iz7p"]}},{"type":"Feature","id":"eoy-11542105b74f","geometry":{"type":"Point","coordinates":[-73.981263426273,40.729178561902]},"properties":{"id":"eoy-11542105b74f","name":"BORIS & HORTON","legalName":"BAJA AND HUMANS, LLC","street":"195 AVENUE A","neighborhood":"NEW YORK","borough":"Manhattan","zip":"10009","type":"sidewalk","status":"Issued","licenseIssued":"2026-09-11","licenseExpires":"2030-09-11","nta":"MN0303","bbl":"1004400038","sid":["row-8rbs-ctrj~5six"]}},{"type":"Feature","id":"eoy-115468600e98","geometry":{"type":"Point","coordinates":[-73.983649157445,40.725874228518]},"properties":{"id":"eoy-115468600e98","name":"96 TEARS","legalName":"LAPIZZA SHOP, INC.","street":"110 AVENUE A","neighborhood":"NEW YORK","borough":"Manhattan","zip":"10009","type":"both","status":"Issued","licenseIssued":"2026-01-02","licenseExpires":"2030-01-02","nta":"MN0303","bbl":"1004027501","sid":["row-7sxv_5keg.w2nr","row-rrrj.ptth~2pcc"]}},{"type":"Feature","id":"eoy-11645c03371e","geometry":{"type":"Point","coordinates":[-73.920246997645,40.867973535584]},"properties":{"id":"eoy-11645c03371e","name":"GARDEN CAFE","legalName":"LUGUS LOP CORP","street":"4961 BROADWAY","neighborhood":"NEW YORK","borough":"Manhattan","zip":"10034","type":"sidewalk","status":"Issued","licenseIssued":"2026-03-20","licenseExpires":"2030-03-20","nta":"MN1203","bbl":"1022420055","sid":["row-dtx5_n4e7_4d86"]}},{"type":"Feature","id":"eoy-1171046422fd","geometry":{"type":"Point","coordinates":[-73.982717535686,40.673484636108]},"properties":{"id":"eoy-1171046422fd","name":"LOFI BAR","legalName":"LUGGAGE FACTORY LLC","street":"304 5 AVENUE","neighborhood":"BROOKLYN","borough":"Brooklyn","zip":"11215","type":"sidewalk","status":"Issued","licenseIssued":"2026-08-28","licenseExpires":"2030-08-28","nta":"BK0602","bbl":"3009690045","sid":["row-9zng~u5v4.yrcy"]}},{"type":"Feature","id":"eoy-1184220ca550","geometry":{"type":"Point","coordinates":[-73.833046122336,40.754502589049]},"properties":{"id":"eoy-1184220ca550","name":"EMPANADAS EL GUSTAZO RESTAURANTE","legalName":"GUSTASO CORP.","street":"42-19 COLLEGE POINT BOULEVARD","neighborhood":"FLUSHING","borough":"Queens","zip":"11355","type":"sidewalk","status":"Issued","licenseIssued":"2026-04-17","licenseExpires":"2030-04-17","nta":"QN0707","bbl":"4051010001","sid":["row-6wux-hezc.bya8"]}},{"type":"Feature","id":"eoy-1199647ae188","geometry":{"type":"Point","coordinates":[-74.005057670039,40.718574201969]},"properties":{"id":"eoy-1199647ae188","name":"FILÉ GUMBO BAR","legalName":"TINY'S GUMBO BAR NYC LLC","street":"275 CHURCH STREET","neighborhood":"NEW YORK","borough":"Manhattan","zip":"10013","type":"roadway","status":"Issued","licenseIssued":"2026-05-22","licenseExpires":"2030-05-22","nta":"MN0102","bbl":"1001750014","sid":["row-upw3~jj53_mkvm"]}},{"type":"Feature","id":"eoy-11b15e4d6926","geometry":{"type":"Point","coordinates":[-73.99689388844,40.720319943672]},"properties":{"id":"eoy-11b15e4d6926","name":"MULBERRY STREET BAR","legalName":"MULBERRY STREET BAR LLC","street":"176 1/2 MULBERRY STREET","neighborhood":"NEW YORK","borough":"Manhattan","zip":"10013","type":"both","status":"Issued","licenseIssued":"2026-06-19","licenseExpires":"2030-06-19","nta":"MN0201","bbl":"1004717502","sid":["row-3fuw.5jmt.2rgk","row-6pei~mrg5_fx26"]}},{"type":"Feature","id":"eoy-11e630451eab","geometry":{"type":"Point","coordinates":[-73.927119024631,40.701497896968]},"properties":{"id":"eoy-11e630451eab","name":"101 WILSON BAR","legalName":"101 WILSON BAR LLC","street":"101 WILSON AVENUE","neighborhood":"BROOKLYN","borough":"Brooklyn","zip":"11237","type":"roadway","status":"Issued","licenseIssued":"2025-10-17","licenseExpires":"2029-10-17","nta":"BK0401","bbl":"3031860004","sid":["row-eihy_9ekc_fhnk"]}},{"type":"Feature","id":"eoy-1210128c7dd4","geometry":{"type":"Point","coordinates":[-73.978348183042,40.729005128428]},"properties":{"id":"eoy-1210128c7dd4","name":"SALUMERIA ROSI","legalName":"SR 222 LLC","street":"222 AVENUE B","neighborhood":"NEW YORK","borough":"Manhattan","zip":"10009","type":"roadway","status":"Issued","licenseIssued":"2026-08-07","licenseExpires":"2030-08-07","nta":"MN0303","bbl":"1004070034","sid":["row-9wsm_h67v.zyv5"]}},{"type":"Feature","id":"eoy-127ab015f10e","geometry":{"type":"Point","coordinates":[-73.972664636597,40.687360263457]},"properties":{"id":"eoy-127ab015f10e","name":"BLACK IRIS","legalName":"BLK IRIS EXPRESS INC.","street":"277 CUMBERLAND STREET","neighborhood":"BROOKLYN","borough":"Brooklyn","zip":"11238","type":"both","status":"Issued","licenseIssued":"2026-05-01","licenseExpires":"2030-05-01","nta":"BK0203","bbl":"3021190023","sid":["row-cpvs~qjz5_5zcx","row-hatu_h4xy-7xgp"]}},{"type":"Feature","id":"eoy-12803cb4e654","geometry":{"type":"Point","coordinates":[-73.99079633155,40.751939298258]},"properties":{"id":"eoy-12803cb4e654","name":"STOUT NYC","legalName":"STOUT 35TH STREET INC.","street":"213 WEST 35 STREET","neighborhood":"NEW YORK","borough":"Manhattan","zip":"10001","type":"roadway","status":"Issued","licenseIssued":"2026-09-04","licenseExpires":"2030-09-04","nta":"MN0502","bbl":"1007850029","sid":["row-xn8j_t2b2-2wzp"]}},{"type":"Feature","id":"eoy-128efdadb7df","geometry":{"type":"Point","coordinates":[-73.970629517633,40.764062254344]},"properties":{"id":"eoy-128efdadb7df","name":"CAFE BILBOQUET","legalName":"26 EAST 60TH STREET HOSPITALITY LLC","street":"26 EAST 60 STREET","neighborhood":"NEW YORK","borough":"Manhattan","zip":"10022","type":"sidewalk","status":"Issued","licenseIssued":"2026-06-25","licenseExpires":"2030-06-25","nta":"MN0802","bbl":"1013740046","sid":["row-33mc_tcdy~hg8n"]}},{"type":"Feature","id":"eoy-12adfcae54ee","geometry":{"type":"Point","coordinates":[-73.952465800856,40.716607442879]},"properties":{"id":"eoy-12adfcae54ee","name":"BALKAN GRIND","legalName":"BALKAN GRIND LLC","street":"5 WITHERS STREET","neighborhood":"BROOKLYN","borough":"Brooklyn","zip":"11211","type":"sidewalk","status":"Issued","licenseIssued":"2026-03-27","licenseExpires":"2030-03-27","nta":"BK0102","bbl":"3023070022","sid":["row-makq.r3ig-i368"]}},{"type":"Feature","id":"eoy-12d5d1d238d6","geometry":{"type":"Point","coordinates":[-74.00802003872,40.715113282537]},"properties":{"id":"eoy-12d5d1d238d6","name":"LITTLE ITALY PIZZA","legalName":"CHAMBERS CHURCH PIZZA, INC.","street":"154 CHURCH STREET","neighborhood":"NEW YORK","borough":"Manhattan","zip":"10007","type":"sidewalk","status":"Issued","licenseIssued":"2026-05-08","licenseExpires":"2030-05-08","nta":"MN0102","bbl":"1001457501","sid":["row-8jzp.raut_ap69"]}},{"type":"Feature","id":"eoy-130074119823","geometry":{"type":"Point","coordinates":[-73.997456624808,40.721453546457]},"properties":{"id":"eoy-130074119823","name":"THE CORNER DELI / LA ESQUINA CANTINA","legalName":"114 KENMARE ASSOCIATES, LLC","street":"106 KENMARE STREET","neighborhood":"NEW YORK","borough":"Manhattan","zip":"10012","type":"sidewalk","status":"Issued","licenseIssued":"2026-09-18","licenseExpires":"2030-09-18","nta":"MN0201","bbl":"1004827501","sid":["row-evbg.dmyj.6ucg"]}},{"type":"Feature","id":"eoy-13055314f552","geometry":{"type":"Point","coordinates":[-73.950641704337,40.676134999255]},"properties":{"id":"eoy-13055314f552","name":"COTTON BEAN","legalName":"COTTON BEAN CORPORATION","street":"1077 BERGEN STREET","neighborhood":"BROOKLYN","borough":"Brooklyn","zip":"11216","type":"both","status":"Issued","licenseIssued":"2026-05-08","licenseExpires":"2030-05-08","nta":"BK0802","bbl":"3012120051","sid":["row-kpiv~xtdn.cec5","row-sw4m.wnnb~yjqy"]}},{"type":"Feature","id":"eoy-130ebf318595","geometry":{"type":"Point","coordinates":[-73.95675660244,40.775001209636]},"properties":{"id":"eoy-130ebf318595","name":"ELI'S TABLE","legalName":"ELIS MANHATTAN, INC","street":"1411 3 AVENUE","neighborhood":"NEW YORK","borough":"Manhattan","zip":"10028","type":"both","status":"Issued","licenseIssued":"2026-04-03","licenseExpires":"2030-04-03","nta":"MN0803","bbl":"1015267501","sid":["row-tqp5.snqm.a3wd","row-x64c_dpmr.cj89"]}},{"type":"Feature","id":"eoy-1336327c898a","geometry":{"type":"Point","coordinates":[-73.987732913442,40.747275662702]},"properties":{"id":"eoy-1336327c898a","name":"BEAR DONUT","legalName":"BEAR DONUT INC","street":"40 WEST 31 STREET","neighborhood":"NEW YORK","borough":"Manhattan","zip":"10001","type":"roadway","status":"Issued","licenseIssued":"2025-06-13","licenseExpires":"2029-06-13","nta":"MN0501","bbl":"1008320066","sid":["row-vu7r~zhwu.z4x8"]}},{"type":"Feature","id":"eoy-13a2e82cc427","geometry":{"type":"Point","coordinates":[-73.992853214914,40.688694515181]},"properties":{"id":"eoy-13a2e82cc427","name":"MAMAN","legalName":"MAMAN COBBLE HILL LLC","street":"154 COURT STREET","neighborhood":"BROOKLYN","borough":"Brooklyn","zip":"11201","type":"roadway","status":"Issued","licenseIssued":"2026-08-14","licenseExpires":"2030-08-14","nta":"BK0601","bbl":"3002920031","sid":["row-q4du~qg3v~afb6"]}},{"type":"Feature","id":"eoy-13a369be71e8","geometry":{"type":"Point","coordinates":[-73.955779036083,40.714089070456]},"properties":{"id":"eoy-13a369be71e8","name":"BAR MADONNA","legalName":"PAINT 367 LLC","street":"367 METROPOLITAN AVENUE","neighborhood":"BROOKLYN","borough":"Brooklyn","zip":"11211","type":"both","status":"Issued","licenseIssued":"2026-07-02","licenseExpires":"2030-07-02","nta":"BK0102","bbl":"3023460025","sid":["row-3nzn-tfvk-fhwg","row-s25z~fn6t.bqpu"]}},{"type":"Feature","id":"eoy-142b6b4d96aa","geometry":{"type":"Point","coordinates":[-74.000321120881,40.730201144472]},"properties":{"id":"eoy-142b6b4d96aa","name":"MAMOUN'S FALAFEL","legalName":"MAMOUN FAST FOOD CATERERS INC.","street":"119 MACDOUGAL STREET","neighborhood":"NEW YORK","borough":"Manhattan","zip":"10012","type":"roadway","status":"Issued","licenseIssued":"2025-10-24","licenseExpires":"2029-10-24","nta":"MN0202","bbl":"1005430021","sid":["row-8bpe-tmz3-4mt7"]}},{"type":"Feature","id":"eoy-143d31677135","geometry":{"type":"Point","coordinates":[-73.991615198738,40.726854969017]},"properties":{"id":"eoy-143d31677135","name":"PHEBE'S","legalName":"WEST MAYO LLC","street":"359 BOWERY","neighborhood":"NEW YORK","borough":"Manhattan","zip":"10003","type":"roadway","status":"Issued","licenseIssued":"2026-07-31","licenseExpires":"2030-07-31","nta":"MN0303","bbl":"1004590008","sid":["row-x82n-7n4h-pv5m"]}},{"type":"Feature","id":"eoy-14426b7e1569","geometry":{"type":"Point","coordinates":[-73.983130800885,40.72124647653]},"properties":{"id":"eoy-14426b7e1569","name":"PARKSIDE LOUNGE","legalName":"STERLING PARKSIDE CORP","street":"317 EAST HOUSTON STREET","neighborhood":"NEW YORK","borough":"Manhattan","zip":"10002","type":"roadway","status":"Issued","licenseIssued":"2026-04-03","licenseExpires":"2030-04-03","nta":"MN0302","bbl":"1003500062","sid":["row-5kfu.vhrm.5nmh"]}},{"type":"Feature","id":"eoy-14583a3cfaae","geometry":{"type":"Point","coordinates":[-73.943421749511,40.708605078885]},"properties":{"id":"eoy-14583a3cfaae","name":"PIZZETTE","legalName":"PIZZETTE LLC","street":"191 GRAHAM AVENUE","neighborhood":"BROOKLYN","borough":"Brooklyn","zip":"11206","type":"sidewalk","status":"Issued","licenseIssued":"2026-08-28","licenseExpires":"2030-08-28","nta":"BK0104","bbl":"3030430020","sid":["row-9ay5-gitb-5dbg"]}},{"type":"Feature","id":"eoy-145da098106e","geometry":{"type":"Point","coordinates":[-74.007007898756,40.739379422906]},"properties":{"id":"eoy-145da098106e","name":"PASTIS","legalName":"TRAIN DESIGN LLC","street":"54 GANSEVOORT STREET","neighborhood":"NEW YORK","borough":"Manhattan","zip":"10014","type":"both","status":"Issued","licenseIssued":"2026-07-20","licenseExpires":"2030-07-20","nta":"MN0203","bbl":"1006430049","sid":["row-k6g7_xetb.uqjs","row-w6t9~v2eq~9u3y"]}},{"type":"Feature","id":"eoy-1473e2d1f579","geometry":{"type":"Point","coordinates":[-73.918860928862,40.765714377578]},"properties":{"id":"eoy-1473e2d1f579","name":"OVELIA","legalName":"MANGIA RESTAURANT CORP.","street":"34-01 30 AVENUE","neighborhood":"ASTORIA","borough":"Queens","zip":"11103","type":"sidewalk","status":"Issued","licenseIssued":"2026-08-21","licenseExpires":"2030-08-21","nta":"QN0103","bbl":"4006280048","sid":["row-5g39.zy64.hjw4"]}},{"type":"Feature","id":"eoy-1509a12bff7a","geometry":{"type":"Point","coordinates":[-73.985957546969,40.763030379787]},"properties":{"id":"eoy-1509a12bff7a","name":"DOLLY VARDEN","legalName":"TBB TAVERN CORPORATION","street":"302 WEST 51 STREET","neighborhood":"NEW YORK","borough":"Manhattan","zip":"10019","type":"roadway","status":"Issued","licenseIssued":"2025-08-22","licenseExpires":"2029-08-22","nta":"MN0402","bbl":"1010410037","sid":["row-d29h.8nzt.sv4b"]}},{"type":"Feature","id":"eoy-150cfa6a7f63","geometry":{"type":"Point","coordinates":[-74.004718930915,40.723679483636]},"properties":{"id":"eoy-150cfa6a7f63","name":"LUPE'S EAST L.A. KITCHEN","legalName":"LUPE'S EAST L.A. KITCHEN INC.","street":"110 AVENUE OF THE AMERICAS","neighborhood":"NEW YORK","borough":"Manhattan","zip":"10013","type":"sidewalk","status":"Issued","licenseIssued":"2026-09-02","licenseExpires":"2030-09-02","nta":"MN0201","bbl":"1004760015","sid":["row-52en~smmd~sbqe"]}},{"type":"Feature","id":"eoy-151c3aeacf2a","geometry":{"type":"Point","coordinates":[-74.009149522863,40.725715832576]},"properties":{"id":"eoy-151c3aeacf2a","name":"HOUSEMAN","legalName":"WINDY POINT EAST II LLC","street":"508 GREENWICH STREET","neighborhood":"NEW YORK","borough":"Manhattan","zip":"10013","type":"roadway","status":"Issued","licenseIssued":"2026-04-03","licenseExpires":"2030-04-03","nta":"MN0201","bbl":"1005950076","sid":["row-nw6j~wpyz-x5ry"]}},{"type":"Feature","id":"eoy-1562d044f3fd","geometry":{"type":"Point","coordinates":[-73.979648807913,40.735123447835]},"properties":{"id":"eoy-1562d044f3fd","name":"ROSEMARY'S","legalName":"350 FIRST AVENUE LLC","street":"350 1 AVENUE","neighborhood":"NEW YORK","borough":"Manhattan","zip":"10010","type":"sidewalk","status":"Issued","licenseIssued":"2026-08-28","licenseExpires":"2030-08-28","nta":"MN0601","bbl":"1009780001","sid":["row-6qs7_t7p8_8kej"]}},{"type":"Feature","id":"eoy-1591dfd296dd","geometry":{"type":"Point","coordinates":[-73.853536926578,40.8493095734]},"properties":{"id":"eoy-1591dfd296dd","name":"PATRICIA'S","legalName":"PATRICIAS MORRIS PARK CORP","street":"1082 MORRIS PARK AVENUE","neighborhood":"BRONX","borough":"Bronx","zip":"10461","type":"sidewalk","status":"Issued","licenseIssued":"2026-07-31","licenseExpires":"2030-07-31","nta":"BX1102","bbl":"2041080004","sid":["row-vz75_3k8e_9tjn"]}},{"type":"Feature","id":"eoy-15b4250b58ea","geometry":{"type":"Point","coordinates":[-74.00820570751,40.737389389895]},"properties":{"id":"eoy-15b4250b58ea","name":"ENTWINE","legalName":"PUAR, LLC","street":"765 WASHINGTON STREET","neighborhood":"NEW YORK","borough":"Manhattan","zip":"10014","type":"roadway","status":"Issued","licenseIssued":"2025-05-16","licenseExpires":"2029-05-16","nta":"MN0203","bbl":"1006400039","sid":["row-khxc~5mbr~3cti"]}},{"type":"Feature","id":"eoy-15f9d1e7cee1","geometry":{"type":"Point","coordinates":[-73.984617431286,40.719978602979]},"properties":{"id":"eoy-15f9d1e7cee1","name":"DONNYBROOK","legalName":"BETA CLINTON CORP","street":"37 CLINTON STREET","neighborhood":"NEW YORK","borough":"Manhattan","zip":"10002","type":"sidewalk","status":"Issued","licenseIssued":"2026-04-24","licenseExpires":"2030-04-24","nta":"MN0302","bbl":"1003490019","sid":["row-43dd~9epa.scs7"]}},{"type":"Feature","id":"eoy-161633b6ec69","geometry":{"type":"Point","coordinates":[-74.006808507658,40.730428758385]},"properties":{"id":"eoy-161633b6ec69","name":"THE CLAM","legalName":"NAUGHTY GULL, LLC","street":"420 HUDSON STREET","neighborhood":"NEW YORK","borough":"Manhattan","zip":"10014","type":"both","status":"Issued","licenseIssued":"2026-08-28","licenseExpires":"2030-08-28","nta":"MN0203","bbl":"1005830001","sid":["row-femc.hjfm.yqd2","row-yvhz_qzp6.sdak"]}},{"type":"Feature","id":"eoy-16476df7495d","geometry":{"type":"Point","coordinates":[-73.908922746961,40.699796851441]},"properties":{"id":"eoy-16476df7495d","name":"GORY'S PLACE","legalName":"GORY'S PLACE ONE LLC","street":"54-58 MYRTLE AVENUE","neighborhood":"RIDGEWOOD","borough":"Queens","zip":"11385","type":"sidewalk","status":"Issued","licenseIssued":"2026-03-27","licenseExpires":"2030-03-27","nta":"QN0502","bbl":"4035440027","sid":["row-hkh7-876n.t4ik"]}},{"type":"Feature","id":"eoy-165d6619236f","geometry":{"type":"Point","coordinates":[-73.962141066323,40.716042877859]},"properties":{"id":"eoy-165d6619236f","name":"SKINNY DENNIS","legalName":"CRABBY PATTY BROOKLYN LLC","street":"152 METROPOLITAN AVENUE","neighborhood":"BROOKLYN","borough":"Brooklyn","zip":"11249","type":"both","status":"Issued","licenseIssued":"2026-08-14","licenseExpires":"2030-08-14","nta":"BK0102","bbl":"3023640022","sid":["row-65nf~pbmb~88xz","row-7muz-q7er.35p5"]}},{"type":"Feature","id":"eoy-166db9a94864","geometry":{"type":"Point","coordinates":[-73.990452406045,40.759193669729]},"properties":{"id":"eoy-166db9a94864","name":"DON GIOVANNI RISTORANTE","legalName":"MARILYN 18 REST INC","street":"358 WEST 44 STREET","neighborhood":"NEW YORK","borough":"Manhattan","zip":"10036","type":"sidewalk","status":"Issued","licenseIssued":"2026-06-05","licenseExpires":"2030-06-05","nta":"MN0402","bbl":"1010340061","sid":["row-cdux.6yws.8zx2"]}},{"type":"Feature","id":"eoy-16823632a146","geometry":{"type":"Point","coordinates":[-73.963832961587,40.682826194355]},"properties":{"id":"eoy-16823632a146","name":"OTWAY","legalName":"ST JAMES 930 LLC","street":"930 FULTON STREET","neighborhood":"BROOKLYN","borough":"Brooklyn","zip":"11238","type":"sidewalk","status":"Issued","licenseIssued":"2026-08-07","licenseExpires":"2030-08-07","nta":"BK0204","bbl":"3020130038","sid":["row-gakg.8595~6y2f"]}},{"type":"Feature","id":"eoy-1757af9e3325","geometry":{"type":"Point","coordinates":[-73.959994317765,40.770566858667]},"properties":{"id":"eoy-1757af9e3325","name":"E.J'S LUNCHEONETTE","legalName":"C.S.L.L. REST CORP/EJ'S LUNCHEONETTE","street":"1271 THIRD AVENUE","neighborhood":"NEW YORK","borough":"Manhattan","zip":"10021","type":"both","status":"Issued","licenseIssued":"2025-07-18","licenseExpires":"2029-07-18","nta":"MN0801","bbl":"1014280001","sid":["row-36w4~bzru-qyy9","row-djg5.hsdq.3dh2"]}},{"type":"Feature","id":"eoy-175bedf32be3","geometry":{"type":"Point","coordinates":[-74.004902727484,40.720992348962]},"properties":{"id":"eoy-175bedf32be3","name":"PEPOLINO","legalName":"P.E.C. GROUP LTD","street":"281 WEST BROADWAY","neighborhood":"NEW YORK","borough":"Manhattan","zip":"10013","type":"sidewalk","status":"Issued","licenseIssued":"2026-08-07","licenseExpires":"2030-08-07","nta":"MN0102","bbl":"1002110016","sid":["row-3qb9~zujq-5fzq"]}},{"type":"Feature","id":"eoy-175fcd3bc00f","geometry":{"type":"Point","coordinates":[-73.993046186801,40.739793885455]},"properties":{"id":"eoy-175fcd3bc00f","name":"BOQUERIA","legalName":"TAPAS Y MAS, LLC","street":"53 WEST 19 STREET","neighborhood":"NEW YORK","borough":"Manhattan","zip":"10011","type":"sidewalk","status":"Issued","licenseIssued":"2026-07-21","licenseExpires":"2030-07-21","nta":"MN0501","bbl":"1008210011","sid":["row-28i5.svkb-jv5w"]}},{"type":"Feature","id":"eoy-175ffe1bde3d","geometry":{"type":"Point","coordinates":[-73.996047728584,40.753751141047]},"properties":{"id":"eoy-175ffe1bde3d","name":"In Common Cafe","legalName":"TRADINGSAVI88 LLC","street":"441 9 AVENUE","neighborhood":"NEW YORK","borough":"Manhattan","zip":"10001","type":"sidewalk","status":"Issued","licenseIssued":"2026-09-18","licenseExpires":"2030-09-18","nta":"MN0401","bbl":"1007327501","sid":["row-zvh7~8uks.nkaa"]}},{"type":"Feature","id":"eoy-17744ca2a143","geometry":{"type":"Point","coordinates":[-73.772680350068,40.763415445333]},"properties":{"id":"eoy-17744ca2a143","name":"KUNST COFFEE HAUS","legalName":"BELL F & B INC.","street":"21208 41ST AVE","neighborhood":"BAYSIDE","borough":"Queens","zip":"11361","type":"both","status":"Issued","licenseIssued":"2026-07-24","licenseExpires":"2030-07-24","nta":"QN1102","bbl":"4062270278","sid":["row-rt9k.p2u8-a5mw","row-tm57_vg2w_2tev"]}},{"type":"Feature","id":"eoy-17c4c8c66d89","geometry":{"type":"Point","coordinates":[-73.954499520028,40.780989391134]},"properties":{"id":"eoy-17c4c8c66d89","name":"TAL BAGELS","legalName":"LEXINGTON BAGELS INC.","street":"1324 LEXINGTON AVENUE","neighborhood":"NEW YORK","borough":"Manhattan","zip":"10128","type":"sidewalk","status":"Issued","licenseIssued":"2026-07-24","licenseExpires":"2030-07-24","nta":"MN0802","bbl":"1015170016","sid":["row-7nyn.z6cs~unwg"]}},{"type":"Feature","id":"eoy-17daa1e34f0d","geometry":{"type":"Point","coordinates":[-73.943000132185,40.716550978308]},"properties":{"id":"eoy-17daa1e34f0d","name":"AS YOU LIKE","legalName":"NAKAMEGURO LLC","street":"428 HUMBOLDT STREET","neighborhood":"BROOKLYN","borough":"Brooklyn","zip":"11211","type":"sidewalk","status":"Issued","licenseIssued":"2026-07-24","licenseExpires":"2030-07-24","nta":"BK0104","bbl":"3028830006","sid":["row-yzw9.3cmf~fpsb"]}},{"type":"Feature","id":"eoy-18131fc55913","geometry":{"type":"Point","coordinates":[-73.960298884315,40.714096213797]},"properties":{"id":"eoy-18131fc55913","name":"SAMURAI MAMA","legalName":"OHNO INC","street":"205 GRAND STREET","neighborhood":"BROOKLYN","borough":"Brooklyn","zip":"11211","type":"roadway","status":"Issued","licenseIssued":"2026-01-16","licenseExpires":"2030-01-16","nta":"BK0102","bbl":"3023810013","sid":["row-r6aw_v656~ung9"]}},{"type":"Feature","id":"eoy-1823a5b93ca6","geometry":{"type":"Point","coordinates":[-73.959502890419,40.77126659913]},"properties":{"id":"eoy-1823a5b93ca6","name":"BREADS BAKERY","legalName":"BREAD OF THIRD AVENUE LLC","street":"1294 3 AVENUE","neighborhood":"NEW YORK","borough":"Manhattan","zip":"10021","type":"sidewalk","status":"Issued","licenseIssued":"2026-06-12","licenseExpires":"2030-06-12","nta":"MN0802","bbl":"1014090033","sid":["row-s6ya-yhg7~racg"]}},{"type":"Feature","id":"eoy-18352eaf77a7","geometry":{"type":"Point","coordinates":[-73.998012350741,40.716383971332]},"properties":{"id":"eoy-18352eaf77a7","name":"LANZHOU HAND PULLED NOODLES & DUMPLINGS","legalName":"LANZHOU HAND PULLED NOODLES HOUSE INC.","street":"76 MOTT STREET","neighborhood":"NEW YORK","borough":"Manhattan","zip":"10013","type":"roadway","status":"Issued","licenseIssued":"2026-09-18","licenseExpires":"2030-09-18","nta":"MN0301","bbl":"1002010011","sid":["row-hexn_9j38-py3b"]}},{"type":"Feature","id":"eoy-1883097c704e","geometry":{"type":"Point","coordinates":[-73.923640988542,40.705791201518]},"properties":{"id":"eoy-1883097c704e","name":"THE JOHNSON'S","legalName":"Johnson 369 Corp.","street":"369 TROUTMAN STREET","neighborhood":"BROOKLYN","borough":"Brooklyn","zip":"11237","type":"both","status":"Issued","licenseIssued":"2025-04-04","licenseExpires":"2029-04-04","nta":"BK0401","bbl":"3031760053","sid":["row-5aj8-hrve_p67s","row-u9cv~ckgi.nm7n"]}},{"type":"Feature","id":"eoy-18926077e12a","geometry":{"type":"Point","coordinates":[-73.979843524857,40.676154834001]},"properties":{"id":"eoy-18926077e12a","name":"UNION HALL","legalName":"WARE FARM, LLC","street":"702 UNION STREET","neighborhood":"BROOKLYN","borough":"Brooklyn","zip":"11215","type":"both","status":"Issued","licenseIssued":"2025-05-02","licenseExpires":"2029-05-02","nta":"BK0602","bbl":"3009560112","sid":["row-hccc.fkuy_2ah4","row-itxn-wv6x.yp3s"]}},{"type":"Feature","id":"eoy-18a275c18961","geometry":{"type":"Point","coordinates":[-74.004737103801,40.725559647998]},"properties":{"id":"eoy-18a275c18961","name":"CAFE ALTRO PARADISO","legalName":"TOURBILLON45 LLC","street":"234 SPRING STREET","neighborhood":"NEW YORK","borough":"Manhattan","zip":"10013","type":"sidewalk","status":"Issued","licenseIssued":"2026-06-05","licenseExpires":"2030-06-05","nta":"MN0201","bbl":"1004910046","sid":["row-g2ek.nytb_thst"]}},{"type":"Feature","id":"eoy-18b0ec22ce3a","geometry":{"type":"Point","coordinates":[-73.982289137444,40.75237746221]},"properties":{"id":"eoy-18b0ec22ce3a","name":"HERITAGE GRAND BAKERY, RESTAURANT & PIZZA BAR","legalName":"NINURTA BAKERY WEST CORP","street":"8 WEST 40 STREET","neighborhood":"NEW YORK","borough":"Manhattan","zip":"10018","type":"roadway","status":"Issued","licenseIssued":"2025-08-15","licenseExpires":"2029-08-15","nta":"MN0502","bbl":"1008410054","sid":["row-np8t-bx75_rvt2"]}},{"type":"Feature","id":"eoy-18d6f01cdfc1","geometry":{"type":"Point","coordinates":[-73.98695326895,40.74775590996]},"properties":{"id":"eoy-18d6f01cdfc1","name":"SHANGHAI MONG","legalName":"1MJJET CORP","street":"30 WEST 32 STREET","neighborhood":"NEW YORK","borough":"Manhattan","zip":"10001","type":"roadway","status":"Issued","licenseIssued":"2026-01-02","licenseExpires":"2030-01-02","nta":"MN0501","bbl":"1008330061","sid":["row-e4ag_9aaf~6inx"]}},{"type":"Feature","id":"eoy-18dc803ab380","geometry":{"type":"Point","coordinates":[-73.997077892142,40.719910978144]},"properties":{"id":"eoy-18dc803ab380","name":"LA MELA","legalName":"LA MELA RISTORANTE ITALIANO INC.","street":"167 MULBERRY STREET","neighborhood":"NEW YORK","borough":"Manhattan","zip":"10013","type":"roadway","status":"Issued","licenseIssued":"2025-08-08","licenseExpires":"2029-08-08","nta":"MN0201","bbl":"1004710019","sid":["row-e3yp~ku79_mki5"]}},{"type":"Feature","id":"eoy-18e9e1998eaa","geometry":{"type":"Point","coordinates":[-73.957173797144,40.783114858982]},"properties":{"id":"eoy-18e9e1998eaa","name":"PAOLA'S OSTERIA","legalName":"PAOLA'S CAFE LLC","street":"1246 MADISON AVENUE","neighborhood":"NEW YORK","borough":"Manhattan","zip":"10128","type":"both","status":"Issued","licenseIssued":"2026-03-27","licenseExpires":"2030-03-27","nta":"MN0802","bbl":"1015010056","sid":["row-ick7.3248-6avw","row-y8h4~yjhm-2sjg"]}},{"type":"Feature","id":"eoy-18fb72510766","geometry":{"type":"Point","coordinates":[-73.99714283496,40.719746293725]},"properties":{"id":"eoy-18fb72510766","name":"LA BELLA VITA","legalName":"H & M RESTAURANT, INC","street":"163 MULBERRY STREET","neighborhood":"NEW YORK","borough":"Manhattan","zip":"10013","type":"roadway","status":"Issued","licenseIssued":"2026-05-15","licenseExpires":"2030-05-15","nta":"MN0201","bbl":"1004710021","sid":["row-3q63.zaea-qub4"]}},{"type":"Feature","id":"eoy-1908f218e102","geometry":{"type":"Point","coordinates":[-73.986239515456,40.726302752074]},"properties":{"id":"eoy-1908f218e102","name":"SCHMUCK","legalName":"SCHMUCK OR DIE LLC","street":"97 1 AVENUE","neighborhood":"NEW YORK","borough":"Manhattan","zip":"10003","type":"both","status":"Issued","licenseIssued":"2026-07-31","licenseExpires":"2030-07-31","nta":"MN0303","bbl":"1004470028","sid":["row-2qc4~x5tx.r7xp","row-47ik_yvtd.qt2e"]}},{"type":"Feature","id":"eoy-191e5ab182e3","geometry":{"type":"Point","coordinates":[-74.00466446992,40.71877184192]},"properties":{"id":"eoy-191e5ab182e3","name":"THE ROXY HOTEL / THE DJANGO / PAUL'S COCKTAIL LOUNGE","legalName":"TRIBECA GRAND HOTEL, INC","street":"32 WHITE STREET","neighborhood":"NEW YORK","borough":"Manhattan","zip":"10013","type":"sidewalk","status":"Issued","licenseIssued":"2026-08-21","licenseExpires":"2030-08-21","nta":"MN0102","bbl":"1001910001","sid":["row-985m.dhyj.crcj"]}},{"type":"Feature","id":"eoy-1931a11484d8","geometry":{"type":"Point","coordinates":[-73.99298258918,40.726953872403]},"properties":{"id":"eoy-1931a11484d8","name":"VIC'S","legalName":"31 GREAT JONES RESTAURANT CORP","street":"31 GREAT JONES STREET","neighborhood":"NEW YORK","borough":"Manhattan","zip":"10012","type":"both","status":"Issued","licenseIssued":"2026-04-03","licenseExpires":"2030-04-03","nta":"MN0202","bbl":"1005300022","sid":["row-fafe~my6w_k2ub","row-khhj_vyzf-vadj"]}},{"type":"Feature","id":"eoy-196505bc887d","geometry":{"type":"Point","coordinates":[-73.996463381342,40.742980711395]},"properties":{"id":"eoy-196505bc887d","name":"MERCHANTS NY","legalName":"190 SEVENTH AVENUE LLC","street":"190 7 AVENUE","neighborhood":"NEW YORK","borough":"Manhattan","zip":"10011","type":"both","status":"Issued","licenseIssued":"2026-09-11","licenseExpires":"2030-09-11","nta":"MN0401","bbl":"1007710038","sid":["row-eft3.zfm2~y35q","row-gibu~exxy_jxkd"]}},{"type":"Feature","id":"eoy-1970ce8056f1","geometry":{"type":"Point","coordinates":[-74.004359714281,40.747402494668]},"properties":{"id":"eoy-1970ce8056f1","name":"DON GIOVANNI","legalName":"RODA 18 REST CORP.","street":"214 10 AVENUE","neighborhood":"NEW YORK","borough":"Manhattan","zip":"10011","type":"sidewalk","status":"Issued","licenseIssued":"2026-08-07","licenseExpires":"2030-08-07","nta":"MN0401","bbl":"1007200082","sid":["row-f36b-rys5~cjjr"]}},{"type":"Feature","id":"eoy-19764440c869","geometry":{"type":"Point","coordinates":[-73.952017766643,40.77750528772]},"properties":{"id":"eoy-19764440c869","name":"THE SUPPLY HOUSE","legalName":"1647 second ave corp","street":"1647 2 AVENUE","neighborhood":"NEW YORK","borough":"Manhattan","zip":"10028","type":"sidewalk","status":"Issued","licenseIssued":"2026-07-20","licenseExpires":"2030-07-20","nta":"MN0803","bbl":"1015310024","sid":["row-6263-8qev.gbpr"]}},{"type":"Feature","id":"eoy-1997fb0ac8af","geometry":{"type":"Point","coordinates":[-73.920459296671,40.76644560212]},"properties":{"id":"eoy-1997fb0ac8af","name":"BURGER CLUB","legalName":"MZ RESTAURANT GROUP LLC","street":"32-02 30 AVENUE","neighborhood":"ASTORIA","borough":"Queens","zip":"11102","type":"sidewalk","status":"Issued","licenseIssued":"2026-06-12","licenseExpires":"2030-06-12","nta":"QN0103","bbl":"4006160133","sid":["row-qm92~xjh6.gja7"]}},{"type":"Feature","id":"eoy-19a404494962","geometry":{"type":"Point","coordinates":[-73.968262243572,40.679278511872]},"properties":{"id":"eoy-19a404494962","name":"BRANDED SALOON","legalName":"BRANDED CATTLE SALOON INC","street":"603 VANDERBILT AVENUE","neighborhood":"BROOKLYN","borough":"Brooklyn","zip":"11238","type":"both","status":"Issued","licenseIssued":"2026-03-13","licenseExpires":"2030-03-13","nta":"BK0801","bbl":"3011450013","sid":["row-q2te_42ci.e4t9","row-rrsh.rytt~d2qr"]}},{"type":"Feature","id":"eoy-19bbaf3f7fe1","geometry":{"type":"Point","coordinates":[-73.989167180685,40.760299693312]},"properties":{"id":"eoy-19bbaf3f7fe1","name":"LE RIVAGE","legalName":"340 WEST 46TH STREET CORP","street":"340 WEST 46 STREET","neighborhood":"NEW YORK","borough":"Manhattan","zip":"10036","type":"roadway","status":"Issued","licenseIssued":"2025-10-03","licenseExpires":"2029-10-03","nta":"MN0402","bbl":"1010360049","sid":["row-74cf-gerx-e7ee"]}},{"type":"Feature","id":"eoy-19c7f3c41299","geometry":{"type":"Point","coordinates":[-73.992588846982,40.763557993078]},"properties":{"id":"eoy-19c7f3c41299","name":"RICE X BEANS","legalName":"INACIO NYC INC","street":"688 10 AVENUE","neighborhood":"NEW YORK","borough":"Manhattan","zip":"10019","type":"sidewalk","status":"Issued","licenseIssued":"2026-05-01","licenseExpires":"2030-05-01","nta":"MN0402","bbl":"1010580002","sid":["row-6q6x.9be3.ybw5"]}},{"type":"Feature","id":"eoy-19eb22b69732","geometry":{"type":"Point","coordinates":[-73.997088652537,40.72133002318]},"properties":{"id":"eoy-19eb22b69732","name":"PURA VIDA MIAMI","legalName":"PVM KENMARE LLC","street":"98 KENMARE STREET","neighborhood":"NEW YORK","borough":"Manhattan","zip":"10012","type":"sidewalk","status":"Issued","licenseIssued":"2026-07-31","licenseExpires":"2030-07-31","nta":"MN0201","bbl":"1004810032","sid":["row-iew5-pr9w-et3h"]}},{"type":"Feature","id":"eoy-1a77b0f220b1","geometry":{"type":"Point","coordinates":[-73.966675831359,40.686595631694]},"properties":{"id":"eoy-1a77b0f220b1","name":"AITA / MAYFLOWER","legalName":"GIURO, LLC","street":"132 GREENE AVENUE","neighborhood":"BROOKLYN","borough":"Brooklyn","zip":"11238","type":"both","status":"Issued","licenseIssued":"2025-03-07","licenseExpires":"2029-03-07","nta":"BK0204","bbl":"3019610039","sid":["row-2rfy-ps6a_eqc8","row-tztt.v38b_8b5g"]}},{"type":"Feature","id":"eoy-1a78015df5a4","geometry":{"type":"Point","coordinates":[-73.947246265705,40.779770361128]},"properties":{"id":"eoy-1a78015df5a4","name":"TINOS","legalName":"LIMANAKI INC","street":"1748 1 AVENUE","neighborhood":"NEW YORK","borough":"Manhattan","zip":"10128","type":"roadway","status":"Issued","licenseIssued":"2026-04-24","licenseExpires":"2030-04-24","nta":"MN0803","bbl":"1015700050","sid":["row-qmq8_9iac-mczx"]}},{"type":"Feature","id":"eoy-1aee37c17026","geometry":{"type":"Point","coordinates":[-73.953676257979,40.662050067503]},"properties":{"id":"eoy-1aee37c17026","name":"THE BOBBED BANDIT","legalName":"GRBD INCORPORATED","street":"429 ROGERS AVENUE","neighborhood":"BROOKLYN","borough":"Brooklyn","zip":"11225","type":"sidewalk","status":"Issued","licenseIssued":"2026-05-01","licenseExpires":"2030-05-01","nta":"BK0902","bbl":"3013290007","sid":["row-a7rj_d7rn-y37b"]}},{"type":"Feature","id":"eoy-1af4b9596c17","geometry":{"type":"Point","coordinates":[-74.006285654455,40.733840531071]},"properties":{"id":"eoy-1af4b9596c17","name":"COWGIRL","legalName":"COWGIRL, INC.","street":"519 HUDSON STREET","neighborhood":"NEW YORK","borough":"Manhattan","zip":"10014","type":"sidewalk","status":"Issued","licenseIssued":"2026-09-18","licenseExpires":"2030-09-18","nta":"MN0203","bbl":"1006310046","sid":["row-zfc9.twyj-uepu"]}},{"type":"Feature","id":"eoy-1b35f2556f11","geometry":{"type":"Point","coordinates":[-73.983875315042,40.760266134671]},"properties":{"id":"eoy-1b35f2556f11","name":"FAMOUS RAY'S PIZZA","legalName":"49TH STREET PIZZA CORP.","street":"736 7 AVENUE","neighborhood":"NEW YORK","borough":"Manhattan","zip":"10019","type":"sidewalk","status":"Issued","licenseIssued":"2026-01-09","licenseExpires":"2030-01-09","nta":"MN0502","bbl":"1010200035","sid":["row-dve9_rw9g~k3z9"]}},{"type":"Feature","id":"eoy-1b3bc5413c38","geometry":{"type":"Point","coordinates":[-73.979158991216,40.743681532192]},"properties":{"id":"eoy-1b3bc5413c38","name":"BANTER","legalName":"BANTER MURRAY HILL LLC","street":"201 EAST 31 STREET","neighborhood":"NEW YORK","borough":"Manhattan","zip":"10016","type":"both","status":"Issued","licenseIssued":"2026-03-27","licenseExpires":"2030-03-27","nta":"MN0603","bbl":"1009120001","sid":["row-88je.36bq.p996","row-uq6g.znjp.cxjb"]}},{"type":"Feature","id":"eoy-1b3ca4c0d1b5","geometry":{"type":"Point","coordinates":[-73.988455259317,40.764916306658]},"properties":{"id":"eoy-1b3ca4c0d1b5","name":"THE RED STACHE","legalName":"THE RED STACHE, LLC","street":"401 WEST 52 STREET","neighborhood":"NEW YORK","borough":"Manhattan","zip":"10019","type":"roadway","status":"Issued","licenseIssued":"2026-02-27","licenseExpires":"2030-02-27","nta":"MN0402","bbl":"1010620029","sid":["row-ycs3-an89.qx6c"]}},{"type":"Feature","id":"eoy-1b6617de5703","geometry":{"type":"Point","coordinates":[-73.985816743408,40.729341156459]},"properties":{"id":"eoy-1b6617de5703","name":"MADAME VO'S","legalName":"BIG BEN RESTAURANT CORP","street":"212 EAST 10 STREET","neighborhood":"NEW YORK","borough":"Manhattan","zip":"10003","type":"sidewalk","status":"Issued","licenseIssued":"2026-08-14","licenseExpires":"2030-08-14","nta":"MN0303","bbl":"1004510017","sid":["row-9xgp.s22k-t567"]}},{"type":"Feature","id":"eoy-1b87a4752c72","geometry":{"type":"Point","coordinates":[-73.887070541844,40.755364454829]},"properties":{"id":"eoy-1b87a4752c72","name":"THE QUEENSBORO","legalName":"QUEENSBORO HOSPITALITY LLC","street":"80-02 NORTHERN BOULEVARD","neighborhood":"JACKSON HEIGHTS","borough":"Queens","zip":"11372","type":"roadway","status":"Issued","licenseIssued":"2025-10-24","licenseExpires":"2029-10-24","nta":"QN0301","bbl":"4012530001","sid":["row-7n3w~2tjc-u2na"]}},{"type":"Feature","id":"eoy-1b9285a9b171","geometry":{"type":"Point","coordinates":[-73.980793874296,40.78081015853]},"properties":{"id":"eoy-1b9285a9b171","name":"THE OWL'S TAIL","legalName":"NY OWL CAFE 75 LLC","street":"215 WEST 75 STREET","neighborhood":"NEW YORK","borough":"Manhattan","zip":"10023","type":"both","status":"Issued","licenseIssued":"2026-07-20","licenseExpires":"2030-07-20","nta":"MN0702","bbl":"1011677501","sid":["row-36tw-yb8r-7anf","row-ef7m-8umx.egqu"]}},{"type":"Feature","id":"eoy-1b9cc1c3ac90","geometry":{"type":"Point","coordinates":[-74.003315699204,40.72730811396]},"properties":{"id":"eoy-1b9cc1c3ac90","name":"DEAN'S","legalName":"213 SIXTH AVENUE RIVIERA LLC","street":"213 6 AVENUE","neighborhood":"NEW YORK","borough":"Manhattan","zip":"10014","type":"sidewalk","status":"Issued","licenseIssued":"2026-09-11","licenseExpires":"2030-09-11","nta":"MN0201","bbl":"1005190030","sid":["row-uxy9~d45h~ne3a"]}},{"type":"Feature","id":"eoy-1ba016f6c0b1","geometry":{"type":"Point","coordinates":[-73.954049935468,40.710668407853]},"properties":{"id":"eoy-1ba016f6c0b1","name":"WEI'S WILLIAMSBURG","legalName":"GOLDEN MONKEY MAGIC INC","street":"145 BORINQUEN PLACE","neighborhood":"BROOKLYN","borough":"Brooklyn","zip":"11211","type":"sidewalk","status":"Issued","licenseIssued":"2025-03-07","licenseExpires":"2029-03-07","nta":"BK0102","bbl":"3024110017","sid":["row-y2ir-c52q~sx2c"]}},{"type":"Feature","id":"eoy-1ba84ae85c69","geometry":{"type":"Point","coordinates":[-73.979663674365,40.7454876763]},"properties":{"id":"eoy-1ba84ae85c69","name":"LUCKY LYNDON","legalName":"LYNDON INC","street":"156 EAST 33 STREET","neighborhood":"NEW YORK","borough":"Manhattan","zip":"10016","type":"sidewalk","status":"Issued","licenseIssued":"2026-07-21","licenseExpires":"2030-07-21","nta":"MN0603","bbl":"1008880047","sid":["row-i2tx-meai.xgnv"]}},{"type":"Feature","id":"eoy-1bb376f4b8bd","geometry":{"type":"Point","coordinates":[-73.990909911178,40.6868910611]},"properties":{"id":"eoy-1bb376f4b8bd","name":"BARBALU BK","legalName":"BARBALU BK LLC","street":"68 BERGEN STREET","neighborhood":"BROOKLYN","borough":"Brooklyn","zip":"11201","type":"sidewalk","status":"Issued","licenseIssued":"2026-05-22","licenseExpires":"2030-05-22","nta":"BK0202","bbl":"3003840037","sid":["row-fsus_f658-3442"]}},{"type":"Feature","id":"eoy-1bbcfe3fcb17","geometry":{"type":"Point","coordinates":[-73.967356352706,40.79860957939]},"properties":{"id":"eoy-1bbcfe3fcb17","name":"BOSINO","legalName":"ASTROCCO INC","street":"203 WEST 103 STREET","neighborhood":"NEW YORK","borough":"Manhattan","zip":"10025","type":"sidewalk","status":"Issued","licenseIssued":"2026-03-27","licenseExpires":"2030-03-27","nta":"MN0703","bbl":"1018750029","sid":["row-wsdb-dx29-z2qa"]}},{"type":"Feature","id":"eoy-1bd02f9dfdbe","geometry":{"type":"Point","coordinates":[-73.997586597168,40.71876093231]},"properties":{"id":"eoy-1bd02f9dfdbe","name":"SOFIA'S OF LITTLE ITALY","legalName":"SOFIAS 143 INC.","street":"143 MULBERRY STREET","neighborhood":"NEW YORK","borough":"Manhattan","zip":"10013","type":"both","status":"Issued","licenseIssued":"2026-09-18","licenseExpires":"2030-09-18","nta":"MN0201","bbl":"1002360024","sid":["row-65i3~dxyq.esrg","row-dvqs.s6qq~b8s4"]}},{"type":"Feature","id":"eoy-1bf64f8fd0e2","geometry":{"type":"Point","coordinates":[-73.975687805824,40.781690256482]},"properties":{"id":"eoy-1bf64f8fd0e2","name":"WAFELS & DINGES","legalName":"BELGO NHM LLC","street":"392 COLUMBUS AVE","neighborhood":"NEW YORK","borough":"Manhattan","zip":"10024","type":"sidewalk","status":"Issued","licenseIssued":"2026-07-31","licenseExpires":"2030-07-31","nta":"MN0702","bbl":"1011500034","sid":["row-q2m3~ussi.wh6v"]}},{"type":"Feature","id":"eoy-1bf6c109bb3d","geometry":{"type":"Point","coordinates":[-73.99592218276,40.682282872632]},"properties":{"id":"eoy-1bf6c109bb3d","name":"MARCO POLO RISTORANTE","legalName":"345 COURT STREET CORP","street":"345 COURT STREET","neighborhood":"BROOKLYN","borough":"Brooklyn","zip":"11231","type":"sidewalk","status":"Issued","licenseIssued":"2026-04-17","licenseExpires":"2030-04-17","nta":"BK0601","bbl":"3004350009","sid":["row-wdtf_7cjv~5k6u"]}},{"type":"Feature","id":"eoy-1c12ea0bba84","geometry":{"type":"Point","coordinates":[-73.984167174805,40.671717209391]},"properties":{"id":"eoy-1c12ea0bba84","name":"CAFE MARTIN","legalName":"CAFE MARTIN BK INC","street":"355 5 AVENUE","neighborhood":"BROOKLYN","borough":"Brooklyn","zip":"11215","type":"sidewalk","status":"Issued","licenseIssued":"2026-09-25","licenseExpires":"2030-09-25","nta":"BK0602","bbl":"3009850002","sid":["row-kem2~c7yx~hmvd"]}},{"type":"Feature","id":"eoy-1c48dfca1a3e","geometry":{"type":"Point","coordinates":[-73.976113317338,40.652936040084]},"properties":{"id":"eoy-1c48dfca1a3e","name":"LE PADDOCK","legalName":"BERTAUD LLC","street":"1235 PROSPECT AVENUE","neighborhood":"BROOKLYN","borough":"Brooklyn","zip":"11218","type":"sidewalk","status":"Issued","licenseIssued":"2026-03-20","licenseExpires":"2030-03-20","nta":"BK0701","bbl":"3052750053","sid":["row-ckk9~mvtk~mn4i"]}},{"type":"Feature","id":"eoy-1c683fe42425","geometry":{"type":"Point","coordinates":[-74.004696191509,40.708229183248]},"properties":{"id":"eoy-1c683fe42425","name":"PLAYA BOWLS","legalName":"FULTON STREET SMOOTHIE LLC","street":"50 FULTON STREET","neighborhood":"NEW YORK","borough":"Manhattan","zip":"10038","type":"sidewalk","status":"Issued","licenseIssued":"2026-01-02","licenseExpires":"2030-01-02","nta":"MN0101","bbl":"1000757501","sid":["row-8ue4.s69y~qtea"]}},{"type":"Feature","id":"eoy-1c6bc0ade86d","geometry":{"type":"Point","coordinates":[-74.002825116086,40.729589027438]},"properties":{"id":"eoy-1c6bc0ade86d","name":"CREVETTE","legalName":"CREVETTE LLC","street":"10 DOWNING ST","neighborhood":"NEW YORK","borough":"Manhattan","zip":"10014","type":"sidewalk","status":"Issued","licenseIssued":"2026-07-24","licenseExpires":"2030-07-24","nta":"MN0203","bbl":"1005270027","sid":["row-smzd~8spq-5zd3"]}},{"type":"Feature","id":"eoy-1c954914e718","geometry":{"type":"Point","coordinates":[-73.990658802524,40.703332228404]},"properties":{"id":"eoy-1c954914e718","name":"DAWN’S TIL DUSK","legalName":"OGC DUMBO, LTD","street":"33 MAIN STREET","neighborhood":"BROOKLYN","borough":"Brooklyn","zip":"11201","type":"sidewalk","status":"Issued","licenseIssued":"2026-07-21","licenseExpires":"2030-07-21","nta":"BK0202","bbl":"3000277501","sid":["row-kruw_fq65_cn2k"]}},{"type":"Feature","id":"eoy-1cb0c41128f8","geometry":{"type":"Point","coordinates":[-73.955732297296,40.681393324245]},"properties":{"id":"eoy-1cb0c41128f8","name":"HART'S","legalName":"SIMIA DEI LLC","street":"506 FRANKLIN AVENUE","neighborhood":"BROOKLYN","borough":"Brooklyn","zip":"11238","type":"sidewalk","status":"Issued","licenseIssued":"2026-04-17","licenseExpires":"2030-04-17","nta":"BK0301","bbl":"3019970042","sid":["row-mi47-u7cf~9d2z"]}},{"type":"Feature","id":"eoy-1cbc9161bd2e","geometry":{"type":"Point","coordinates":[-74.001948079959,40.72018547558]},"properties":{"id":"eoy-1cbc9161bd2e","name":"LA MERCERIE","legalName":"CENTER FOR GOODS LLC","street":"53 HOWARD STREET","neighborhood":"NEW YORK","borough":"Manhattan","zip":"10013","type":"both","status":"Issued","licenseIssued":"2026-04-17","licenseExpires":"2030-04-17","nta":"MN0201","bbl":"1002310005","sid":["row-25cq-9xaq.tktz","row-855y-ve4n_mvs2"]}},{"type":"Feature","id":"eoy-1cf0c628b3a8","geometry":{"type":"Point","coordinates":[-73.96494980829,40.773302255654]},"properties":{"id":"eoy-1cf0c628b3a8","name":"CARAVAGGIO","legalName":"CARAVAGGIO, INC.","street":"23 EAST 74 STREET","neighborhood":"NEW YORK","borough":"Manhattan","zip":"10021","type":"roadway","status":"Issued","licenseIssued":"2026-07-21","licenseExpires":"2030-07-21","nta":"MN0802","bbl":"1013897501","sid":["row-xvd5~vaaa-tzru"]}},{"type":"Feature","id":"eoy-1d0fc1fa7bcb","geometry":{"type":"Point","coordinates":[-73.978554358542,40.783244357926]},"properties":{"id":"eoy-1d0fc1fa7bcb","name":"NICE MATIN","legalName":"RENOLTA, LLC","street":"201 WEST 79 STREET","neighborhood":"NEW YORK","borough":"Manhattan","zip":"10024","type":"sidewalk","status":"Issued","licenseIssued":"2026-05-15","licenseExpires":"2030-05-15","nta":"MN0702","bbl":"1012270029","sid":["row-q677-v75r.aciq"]}},{"type":"Feature","id":"eoy-1d1a5a6f1202","geometry":{"type":"Point","coordinates":[-73.88643716989,40.857600212645]},"properties":{"id":"eoy-1d1a5a6f1202","name":"HOWL AT THE MOON BAR & GRILL","legalName":"HOWL AT THE MOON RESTAURANT CORP","street":"585 EAST 189 STREET","neighborhood":"BRONX","borough":"Bronx","zip":"10458","type":"roadway","status":"Issued","licenseIssued":"2026-09-02","licenseExpires":"2030-09-02","nta":"BX0603","bbl":"2030670069","sid":["row-8s2e.3fxk.4rzu"]}},{"type":"Feature","id":"eoy-1d29b538a2dd","geometry":{"type":"Point","coordinates":[-73.99197028787,40.684516910524]},"properties":{"id":"eoy-1d29b538a2dd","name":"CLOVER CLUB","legalName":"GIN BLOSSOM BK LLC","street":"210 SMITH STREET","neighborhood":"BROOKLYN","borough":"Brooklyn","zip":"11201","type":"both","status":"Issued","licenseIssued":"2025-03-14","licenseExpires":"2029-03-14","nta":"BK0601","bbl":"3004020042","sid":["row-cgc5~64ij.msnj","row-fptr_h6da_vn3j"]}},{"type":"Feature","id":"eoy-1d59fd966c37","geometry":{"type":"Point","coordinates":[-73.971377470518,40.787554798582]},"properties":{"id":"eoy-1d59fd966c37","name":"BODEGA 88","legalName":"BODEGA 88 LLC","street":"573 COLUMBUS AVENUE","neighborhood":"NEW YORK","borough":"Manhattan","zip":"10024","type":"both","status":"Issued","licenseIssued":"2026-04-17","licenseExpires":"2030-04-17","nta":"MN0702","bbl":"1012010063","sid":["row-z7w9_vd9z_see9","row-zrhx~h6b9~4w98"]}},{"type":"Feature","id":"eoy-1d6573dab413","geometry":{"type":"Point","coordinates":[-74.001111257425,40.727972389856]},"properties":{"id":"eoy-1d6573dab413","name":"BANTER","legalName":"BANTER HOSPITALITY GROUP LLC","street":"169 SULLIVAN STREET","neighborhood":"NEW YORK","borough":"Manhattan","zip":"10012","type":"roadway","status":"Issued","licenseIssued":"2026-08-27","licenseExpires":"2030-08-27","nta":"MN0202","bbl":"1005250032","sid":["row-p2da_bvkx~m64d"]}},{"type":"Feature","id":"eoy-1d8027c2159b","geometry":{"type":"Point","coordinates":[-73.97673983586,40.757509172347]},"properties":{"id":"eoy-1d8027c2159b","name":"LA PIAZZA","legalName":"THE DUE FAMILY INC","street":"20 EAST 49 STREET","neighborhood":"NEW YORK","borough":"Manhattan","zip":"10017","type":"roadway","status":"Issued","licenseIssued":"2026-08-21","licenseExpires":"2030-08-21","nta":"MN0502","bbl":"1012840060","sid":["row-bqmn.ah5e_xeez"]}},{"type":"Feature","id":"eoy-1da294cd31c6","geometry":{"type":"Point","coordinates":[-73.992063559738,40.718664616226]},"properties":{"id":"eoy-1da294cd31c6","name":"HA'S SNACK BAR","legalName":"HAS SWEETPEA LLC","street":"297 BROOME STREET","neighborhood":"NEW YORK","borough":"Manhattan","zip":"10002","type":"roadway","status":"Issued","licenseIssued":"2026-09-18","licenseExpires":"2030-09-18","nta":"MN0302","bbl":"1004180042","sid":["row-mkm7~b3c4-9yfg"]}},{"type":"Feature","id":"eoy-1da58173209a","geometry":{"type":"Point","coordinates":[-73.848028279305,40.871378316319]},"properties":{"id":"eoy-1da58173209a","name":"CODE RED","legalName":"B & L MORDECAI INC","street":"1320 EAST GUN HILL ROAD","neighborhood":"BRONX","borough":"Bronx","zip":"10469","type":"sidewalk","status":"Issued","licenseIssued":"2026-09-18","licenseExpires":"2030-09-18","nta":"BX1103","bbl":"2045890048","sid":["row-u8wp.em89-kgv9"]}},{"type":"Feature","id":"eoy-1daffe786146","geometry":{"type":"Point","coordinates":[-73.845700435733,40.720498903109]},"properties":{"id":"eoy-1daffe786146","name":"OBA GRILL","legalName":"ANTIOCHIA GRILL, INC.","street":"70-35 AUSTIN STREET","neighborhood":"FOREST HILLS","borough":"Queens","zip":"11375","type":"both","status":"Issued","licenseIssued":"2026-09-18","licenseExpires":"2030-09-18","nta":"QN0602","bbl":"4032390032","sid":["row-4fin.z2ad_8nts","row-frw9-s47p~ebkv"]}},{"type":"Feature","id":"eoy-1dead9d8708a","geometry":{"type":"Point","coordinates":[-74.028162250774,40.630576078226]},"properties":{"id":"eoy-1dead9d8708a","name":"OMONIA CAFE","legalName":"TEREUS CAFE, INC","street":"7612 3 AVENUE","neighborhood":"BROOKLYN","borough":"Brooklyn","zip":"11209","type":"both","status":"Issued","licenseIssued":"2026-07-31","licenseExpires":"2030-07-31","nta":"BK1001","bbl":"3059490045","sid":["row-798s_it2s-kqaf","row-vqxd_v5tr_jxun"]}},{"type":"Feature","id":"eoy-1df3f36897eb","geometry":{"type":"Point","coordinates":[-73.956934423683,40.67349980621]},"properties":{"id":"eoy-1df3f36897eb","name":"RAS PLANT BASED","legalName":"M.R.R.REST LLC","street":"739 FRANKLIN AVENUE","neighborhood":"BROOKLYN","borough":"Brooklyn","zip":"11238","type":"roadway","status":"Issued","licenseIssued":"2026-06-26","licenseExpires":"2030-06-26","nta":"BK0802","bbl":"3012380002","sid":["row-3akf.7pvt.cnnc"]}},{"type":"Feature","id":"eoy-1e5814c50afb","geometry":{"type":"Point","coordinates":[-73.983301786178,40.729914473918]},"properties":{"id":"eoy-1e5814c50afb","name":"HEARTH","legalName":"HEARTH RESTAURANT INVESTORS, LLC","street":"403 EAST 12 STREET","neighborhood":"NEW YORK","borough":"Manhattan","zip":"10009","type":"sidewalk","status":"Issued","licenseIssued":"2026-03-13","licenseExpires":"2030-03-13","nta":"MN0303","bbl":"1004400001","sid":["row-nqmj_ck7u-hytb"]}},{"type":"Feature","id":"eoy-1e58ce944e75","geometry":{"type":"Point","coordinates":[-73.951436134798,40.723683023266]},"properties":{"id":"eoy-1e58ce944e75","name":"FORMA PASTA FACTORY","legalName":"FORMA PASTA LLC","street":"14 BEDFORD AVENUE","neighborhood":"BROOKLYN","borough":"Brooklyn","zip":"11222","type":"sidewalk","status":"Issued","licenseIssued":"2026-01-09","licenseExpires":"2030-01-09","nta":"BK0101","bbl":"3026450035","sid":["row-cf2u_txjj~m7mb"]}},{"type":"Feature","id":"eoy-1e775653d8d6","geometry":{"type":"Point","coordinates":[-73.958628175115,40.715001397012]},"properties":{"id":"eoy-1e775653d8d6","name":"WOODHUL WINE BAR","legalName":"644 DRIGGS AVE, LLC","street":"644 DRIGGS AVENUE","neighborhood":"BROOKLYN","borough":"Brooklyn","zip":"11211","type":"sidewalk","status":"Issued","licenseIssued":"2026-08-28","licenseExpires":"2030-08-28","nta":"BK0102","bbl":"3023520025","sid":["row-9znx~a4tu_kr8z"]}},{"type":"Feature","id":"eoy-1e9fb5b012ed","geometry":{"type":"Point","coordinates":[-73.987372522452,40.744585756978]},"properties":{"id":"eoy-1e9fb5b012ed","name":"THINK COFFEE","legalName":"THINK NOMAD LLC","street":"246 5 AVENUE","neighborhood":"NEW YORK","borough":"Manhattan","zip":"10001","type":"sidewalk","status":"Issued","licenseIssued":"2026-07-20","licenseExpires":"2030-07-20","nta":"MN0501","bbl":"1008290042","sid":["row-dtm4.dyjz-8932"]}},{"type":"Feature","id":"eoy-1eb5eca65564","geometry":{"type":"Point","coordinates":[-74.002352604702,40.733689717103]},"properties":{"id":"eoy-1eb5eca65564","name":"THE DUPLEX","legalName":"LEGENDARY NIGHT SPOTS, INC","street":"61 CHRISTOPHER STREET","neighborhood":"NEW YORK","borough":"Manhattan","zip":"10014","type":"sidewalk","status":"Issued","licenseIssued":"2026-08-28","licenseExpires":"2030-08-28","nta":"MN0203","bbl":"1006100001","sid":["row-zag7.isd8~ws9d"]}},{"type":"Feature","id":"eoy-1effdef9331d","geometry":{"type":"Point","coordinates":[-73.980788031909,40.663847415775]},"properties":{"id":"eoy-1effdef9331d","name":"ZATAR CAFE & BISTRO","legalName":"ZATAR CAFE & BISTRO INC","street":"1201 8 AVENUE","neighborhood":"BROOKLYN","borough":"Brooklyn","zip":"11215","type":"roadway","status":"Issued","licenseIssued":"2026-07-31","licenseExpires":"2030-07-31","nta":"BK0602","bbl":"3010990009","sid":["row-ivba_e4j6~sfke"]}},{"type":"Feature","id":"eoy-1f03b1b011eb","geometry":{"type":"Point","coordinates":[-73.983218785238,40.672883604537]},"properties":{"id":"eoy-1f03b1b011eb","name":"STONE PARK CAFE","legalName":"STONE PARK CORNER LLC","street":"324 5 AVENUE","neighborhood":"BROOKLYN","borough":"Brooklyn","zip":"11215","type":"sidewalk","status":"Issued","licenseIssued":"2026-08-28","licenseExpires":"2030-08-28","nta":"BK0602","bbl":"3009740044","sid":["row-w7vz~vrc4.fm3m"]}},{"type":"Feature","id":"eoy-1f08527d17d2","geometry":{"type":"Point","coordinates":[-73.970536878988,40.793831831]},"properties":{"id":"eoy-1f08527d17d2","name":"DIVE BAR","legalName":"LE-SE AMSTERDAM 732 RESTAURANT INC.","street":"732 AMSTERDAM AVENUE","neighborhood":"NEW YORK","borough":"Manhattan","zip":"10025","type":"sidewalk","status":"Issued","licenseIssued":"2026-07-30","licenseExpires":"2030-07-30","nta":"MN0702","bbl":"1012430035","sid":["row-gri3~qh5n_buz4"]}},{"type":"Feature","id":"eoy-1f1fa01bbc6c","geometry":{"type":"Point","coordinates":[-73.998401741122,40.724829626806]},"properties":{"id":"eoy-1f1fa01bbc6c","name":"LURE FISHBAR","legalName":"142 MERCER STREET LLC","street":"142 MERCER STREET","neighborhood":"NEW YORK","borough":"Manhattan","zip":"10012","type":"roadway","status":"Issued","licenseIssued":"2026-08-07","licenseExpires":"2030-08-07","nta":"MN0201","bbl":"1005120023","sid":["row-yvfe.ydjh-yb3d"]}},{"type":"Feature","id":"eoy-1f2047ab1709","geometry":{"type":"Point","coordinates":[-73.983620285047,40.725912651128]},"properties":{"id":"eoy-1f2047ab1709","name":"NIAGARA / LOVERS OF TODAY / 96 TEARS/ THE CABIN","legalName":"TOZZER, LTD.","street":"112 AVENUE A","neighborhood":"NEW YORK","borough":"Manhattan","zip":"10009","type":"roadway","status":"Issued","licenseIssued":"2026-04-24","licenseExpires":"2030-04-24","nta":"MN0303","bbl":"1004027501","sid":["row-syxd_nizi_juqe"]}},{"type":"Feature","id":"eoy-1f2906068564","geometry":{"type":"Point","coordinates":[-73.990701209066,40.761082083992]},"properties":{"id":"eoy-1f2906068564","name":"GALAXY DINER","legalName":"P & A 665 RESTAURANT CORP.","street":"665 9 AVENUE","neighborhood":"NEW YORK","borough":"Manhattan","zip":"10036","type":"sidewalk","status":"Issued","licenseIssued":"2026-07-21","licenseExpires":"2030-07-21","nta":"MN0402","bbl":"1010560029","sid":["row-ti89-k65i.xy7h"]}},{"type":"Feature","id":"eoy-1f29e228d275","geometry":{"type":"Point","coordinates":[-73.988015613768,40.760637184115]},"properties":{"id":"eoy-1f29e228d275","name":"DUTCH FREDS","legalName":"DUTCH FREDS INC","street":"307 WEST 47 STREET","neighborhood":"NEW YORK","borough":"Manhattan","zip":"10036","type":"roadway","status":"Issued","licenseIssued":"2025-05-16","licenseExpires":"2029-05-16","nta":"MN0402","bbl":"1010380028","sid":["row-47v2.xsau.x6j2"]}},{"type":"Feature","id":"eoy-1f68d7112263","geometry":{"type":"Point","coordinates":[-73.991072044326,40.714651692113]},"properties":{"id":"eoy-1f68d7112263","name":"LE DIVE","legalName":"FRENCH 37 LLC","street":"37 CANAL STREET","neighborhood":"NEW YORK","borough":"Manhattan","zip":"10002","type":"both","status":"Issued","licenseIssued":"2025-08-15","licenseExpires":"2029-08-15","nta":"MN0301","bbl":"1002970037","sid":["row-3dnr.fccv~p5sa","row-q7rd~bs6n-tacm"]}},{"type":"Feature","id":"eoy-1f8adc94dd6a","geometry":{"type":"Point","coordinates":[-74.001075913541,40.736552556452]},"properties":{"id":"eoy-1f8adc94dd6a","name":"ROSEMARY'S","legalName":"18 GREENWICH AVENUE, LLC","street":"1820 GREENWICH AVENUE","neighborhood":"NEW YORK","borough":"Manhattan","zip":"10011","type":"sidewalk","status":"Issued","licenseIssued":"2026-07-20","licenseExpires":"2030-07-20","nta":"MN0203","bbl":null,"sid":["row-9tyz~wuqa-kgc3"]}},{"type":"Feature","id":"eoy-1fa713aeac3b","geometry":{"type":"Point","coordinates":[-74.001403589122,40.732012681351]},"properties":{"id":"eoy-1fa713aeac3b","name":"BURRITO LOCO","legalName":"NATALEX REST. INC/BURRITO LOCO","street":"166 WEST 4 STREET","neighborhood":"NEW YORK","borough":"Manhattan","zip":"10014","type":"roadway","status":"Issued","licenseIssued":"2026-03-27","licenseExpires":"2030-03-27","nta":"MN0203","bbl":"1005900031","sid":["row-4ppc_qvt2-gyce"]}},{"type":"Feature","id":"eoy-1fc63410872b","geometry":{"type":"Point","coordinates":[-73.842370022351,40.719240013333]},"properties":{"id":"eoy-1fc63410872b","name":"5 BURRO CAFE","legalName":"MARLA'S FOOD CORP","street":"72-05 AUSTIN STREET","neighborhood":"FOREST HILLS","borough":"Queens","zip":"11375","type":"roadway","status":"Issued","licenseIssued":"2024-12-19","licenseExpires":"2028-12-19","nta":"QN0602","bbl":"4032580033","sid":["row-376k~wchr_hsqr"]}},{"type":"Feature","id":"eoy-1ffad143036f","geometry":{"type":"Point","coordinates":[-73.999660906271,40.71695764462]},"properties":{"id":"eoy-1ffad143036f","name":"DIASPORA","legalName":"SOHOGOZO LLC","street":"91 BAXTER STREET","neighborhood":"NEW YORK","borough":"Manhattan","zip":"10013","type":"roadway","status":"Issued","licenseIssued":"2024-12-20","licenseExpires":"2028-12-20","nta":"MN0301","bbl":"1001990007","sid":["row-xipy.cdc5-ibtv"]}},{"type":"Feature","id":"eoy-201e79d9f61e","geometry":{"type":"Point","coordinates":[-73.992358453523,40.726649163481]},"properties":{"id":"eoy-201e79d9f61e","name":"IL BUCO ALIMENTARI & VINERIA","legalName":"IL BUCO VINERIA LLC","street":"53 GREAT JONES STREET","neighborhood":"NEW YORK","borough":"Manhattan","zip":"10012","type":"sidewalk","status":"Issued","licenseIssued":"2026-05-22","licenseExpires":"2030-05-22","nta":"MN0202","bbl":"1005300031","sid":["row-ue26.3gay~w7ez"]}},{"type":"Feature","id":"eoy-202220340d52","geometry":{"type":"Point","coordinates":[-73.99834040585,40.724931182296]},"properties":{"id":"eoy-202220340d52","name":"SARTIANO'S / SUBMERCER","legalName":"THE MERCER 1 LLC.","street":"147 MERCER STREET","neighborhood":"NEW YORK","borough":"Manhattan","zip":"10012","type":"sidewalk","status":"Issued","licenseIssued":"2026-03-27","licenseExpires":"2030-03-27","nta":"MN0201","bbl":"1005130035","sid":["row-ewgy_yjx5_xus2"]}},{"type":"Feature","id":"eoy-2024fdbae2e1","geometry":{"type":"Point","coordinates":[-73.989971321275,40.718030410967]},"properties":{"id":"eoy-2024fdbae2e1","name":"BARRIO CHINO","legalName":"BARRIO CHINO LLC","street":"253 BROOME STREET","neighborhood":"NEW YORK","borough":"Manhattan","zip":"10002","type":"roadway","status":"Issued","licenseIssued":"2025-06-27","licenseExpires":"2029-06-27","nta":"MN0302","bbl":"1004080010","sid":["row-mf9c~5cvc~gr2c"]}},{"type":"Feature","id":"eoy-202f3d03585a","geometry":{"type":"Point","coordinates":[-73.950551744079,40.821217532574]},"properties":{"id":"eoy-202f3d03585a","name":"CLOVE INDIAN RESTAURANT BAR","legalName":"CLOVE INDIAN RESTAURANT INC","street":"1592 AMSTERDAM AVENUE","neighborhood":"NEW YORK","borough":"Manhattan","zip":"10031","type":"sidewalk","status":"Issued","licenseIssued":"2026-07-30","licenseExpires":"2030-07-30","nta":"MN0903","bbl":"1020700036","sid":["row-wk9r-ukpx.n7wq"]}},{"type":"Feature","id":"eoy-208c0baed8bd","geometry":{"type":"Point","coordinates":[-73.99361347978,40.694606801501]},"properties":{"id":"eoy-208c0baed8bd","name":"GRAND CANYON","legalName":"143 MONTAGUE RESTAURANT CORP.","street":"143 MONTAGUE STREET","neighborhood":"BROOKLYN","borough":"Brooklyn","zip":"11201","type":"sidewalk","status":"Issued","licenseIssued":"2026-07-03","licenseExpires":"2030-07-03","nta":"BK0201","bbl":"3002430016","sid":["row-h2a6.sagd-dwtn"]}},{"type":"Feature","id":"eoy-2090a72ec46a","geometry":{"type":"Point","coordinates":[-73.959479476479,40.774134860505]},"properties":{"id":"eoy-2090a72ec46a","name":"ANGELINA PARIS","legalName":"ANGELINA LEXINGTON LLC","street":"1121 LEXINGTON AVENUE","neighborhood":"NEW YORK","borough":"Manhattan","zip":"10075","type":"sidewalk","status":"Issued","licenseIssued":"2026-07-20","licenseExpires":"2030-07-20","nta":"MN0802","bbl":"1014127504","sid":["row-k8kg.c3d8.3pzr"]}},{"type":"Feature","id":"eoy-20b15944b651","geometry":{"type":"Point","coordinates":[-73.932317640875,40.70701532968]},"properties":{"id":"eoy-20b15944b651","name":"BUSHWICK ICE HOUSE","legalName":"BUSHWICK ICE HOUSE LLC","street":"35 INGRAHAM STREET","neighborhood":"BROOKLYN","borough":"Brooklyn","zip":"11206","type":"both","status":"Issued","licenseIssued":"2026-03-27","licenseExpires":"2030-03-27","nta":"BK0104","bbl":"3030750026","sid":["row-iexd.35cf_nc88","row-vtja.szz4.rs6v"]}},{"type":"Feature","id":"eoy-20c774d6d378","geometry":{"type":"Point","coordinates":[-73.980726745472,40.76329860681]},"properties":{"id":"eoy-20c774d6d378","name":"FACES & NAMES","legalName":"FACES & NAMES INC","street":"161 WEST 54 STREET","neighborhood":"NEW YORK","borough":"Manhattan","zip":"10019","type":"sidewalk","status":"Issued","licenseIssued":"2025-08-01","licenseExpires":"2029-08-01","nta":"MN0502","bbl":"1010070001","sid":["row-mn3e_tzxc.y428"]}},{"type":"Feature","id":"eoy-2110bbfb31e1","geometry":{"type":"Point","coordinates":[-74.003903908927,40.72926511346]},"properties":{"id":"eoy-2110bbfb31e1","name":"EMILY","legalName":"EMMY SQUARED BEDFORD, LLC","street":"35 DOWNING STREET","neighborhood":"NEW YORK","borough":"Manhattan","zip":"10014","type":"sidewalk","status":"Issued","licenseIssued":"2026-07-31","licenseExpires":"2030-07-31","nta":"MN0203","bbl":"1005280077","sid":["row-3nq9~v8un.y2ac"]}},{"type":"Feature","id":"eoy-214814e80a3d","geometry":{"type":"Point","coordinates":[-73.955439460636,40.768577977001]},"properties":{"id":"eoy-214814e80a3d","name":"FINNEGAN'S WAKE","legalName":"FINNEGAN'S WAKE PUB LLC","street":"1361 1 AVENUE","neighborhood":"NEW YORK","borough":"Manhattan","zip":"10021","type":"sidewalk","status":"Issued","licenseIssued":"2026-05-22","licenseExpires":"2030-05-22","nta":"MN0801","bbl":"1014480023","sid":["row-8cda~8prs-sfyb"]}},{"type":"Feature","id":"eoy-215a691155e7","geometry":{"type":"Point","coordinates":[-73.914386380092,40.775438546455]},"properties":{"id":"eoy-215a691155e7","name":"TELLY'S TAVERNA","legalName":"GREEK TAVERNA LLC","street":"28-11 23 AVENUE","neighborhood":"ASTORIA","borough":"Queens","zip":"11105","type":"both","status":"Issued","licenseIssued":"2026-05-08","licenseExpires":"2030-05-08","nta":"QN0101","bbl":"4008450061","sid":["row-pdjw-7jxi-wypz","row-qsv7_akxe~zkm9"]}},{"type":"Feature","id":"eoy-2160d275aeba","geometry":{"type":"Point","coordinates":[-73.985622390329,40.760433797116]},"properties":{"id":"eoy-2160d275aeba","name":"HURLEY'S SALOON","legalName":"RAVE RESTAURANT CORP","street":"232 WEST 48 STREET","neighborhood":"NEW YORK","borough":"Manhattan","zip":"10036","type":"roadway","status":"Issued","licenseIssued":"2026-02-06","licenseExpires":"2030-02-06","nta":"MN0502","bbl":"1010190054","sid":["row-2acq~bux9.9pkg"]}},{"type":"Feature","id":"eoy-2170072069fc","geometry":{"type":"Point","coordinates":[-73.980519319958,40.756661745572]},"properties":{"id":"eoy-2170072069fc","name":"CARMEN'S KITCHEN / 2 BROS PIZZA","legalName":"CK 46 LLC","street":"45 WEST 46 STREET","neighborhood":"NEW YORK","borough":"Manhattan","zip":"10036","type":"roadway","status":"Issued","licenseIssued":"2026-07-02","licenseExpires":"2030-07-02","nta":"MN0502","bbl":"1012620017","sid":["row-zj6g.dkh3-4m6r"]}},{"type":"Feature","id":"eoy-218e63ff58b7","geometry":{"type":"Point","coordinates":[-73.981186951273,40.744401010383]},"properties":{"id":"eoy-218e63ff58b7","name":"VEZZO","legalName":"VEZZO, INC.","street":"178 LEXINGTON AVENUE","neighborhood":"NEW YORK","borough":"Manhattan","zip":"10016","type":"sidewalk","status":"Issued","licenseIssued":"2026-08-07","licenseExpires":"2030-08-07","nta":"MN0603","bbl":"1008860071","sid":["row-7vnt.pmdd_y46f"]}},{"type":"Feature","id":"eoy-21ca9aa15048","geometry":{"type":"Point","coordinates":[-73.927599875782,40.865821045241]},"properties":{"id":"eoy-21ca9aa15048","name":"TABU","legalName":"IL POSTO TRATTORIA RUSTICA CORP","street":"227 DYCKMAN STREET","neighborhood":"NEW YORK","borough":"Manhattan","zip":"10034","type":"sidewalk","status":"Issued","licenseIssued":"2026-08-21","licenseExpires":"2030-08-21","nta":"MN1203","bbl":"1022370001","sid":["row-6wgx.dhe2-98cr"]}},{"type":"Feature","id":"eoy-21fa05cdfcbe","geometry":{"type":"Point","coordinates":[-74.006300067847,40.73363192817]},"properties":{"id":"eoy-21fa05cdfcbe","name":"JUSTINE'S ON HUDSON","legalName":"518 HUDSON STREET LLC","street":"518 HUDSON STREET","neighborhood":"NEW YORK","borough":"Manhattan","zip":"10014","type":"sidewalk","status":"Issued","licenseIssued":"2026-05-22","licenseExpires":"2030-05-22","nta":"MN0203","bbl":"1006190009","sid":["row-sekg.tehv~bxzm"]}},{"type":"Feature","id":"eoy-21fb37c40227","geometry":{"type":"Point","coordinates":[-73.949322269168,40.676063059259]},"properties":{"id":"eoy-21fb37c40227","name":"KING TAI","legalName":"BAR BERTRAND LLC","street":"1095 BERGEN STREET","neighborhood":"BROOKLYN","borough":"Brooklyn","zip":"11216","type":"both","status":"Issued","licenseIssued":"2026-07-24","licenseExpires":"2030-07-24","nta":"BK0802","bbl":"3012130078","sid":["row-cwi4_kkzb.wy5p","row-rhe5-jubc~tvjh"]}},{"type":"Feature","id":"eoy-2246fa7b884e","geometry":{"type":"Point","coordinates":[-73.953300675297,40.745142368982]},"properties":{"id":"eoy-2246fa7b884e","name":"WOODBINES","legalName":"4710 CAFE INC","street":"47-10 VERNON BOULEVARD","neighborhood":"LONG ISLAND CITY","borough":"Queens","zip":"11101","type":"both","status":"Issued","licenseIssued":"2026-05-22","licenseExpires":"2030-05-22","nta":"QN0201","bbl":"4000290048","sid":["row-3pv7.57rp.5ffc","row-a2en_q5dz_cim5"]}},{"type":"Feature","id":"eoy-224c9be85b14","geometry":{"type":"Point","coordinates":[-73.99908334541,40.744484892006]},"properties":{"id":"eoy-224c9be85b14","name":"MARSANNE NYC","legalName":"MIM UNITED INC","street":"233 8 AVENUE","neighborhood":"NEW YORK","borough":"Manhattan","zip":"10011","type":"sidewalk","status":"Issued","licenseIssued":"2026-01-16","licenseExpires":"2030-01-16","nta":"MN0401","bbl":"1007450040","sid":["row-b32k-zguq-7j24"]}},{"type":"Feature","id":"eoy-22677765b184","geometry":{"type":"Point","coordinates":[-73.953339311533,40.782583627131]},"properties":{"id":"eoy-22677765b184","name":"LA BOMBONIERA","legalName":"NTH NY CORP","street":"1378 LEXINGTON AVENUE","neighborhood":"NEW YORK","borough":"Manhattan","zip":"10128","type":"sidewalk","status":"Issued","licenseIssued":"2026-05-29","licenseExpires":"2030-05-29","nta":"MN0802","bbl":"1015190059","sid":["row-x49d.gs83-cykw"]}},{"type":"Feature","id":"eoy-22c34fffdfd4","geometry":{"type":"Point","coordinates":[-73.970379739364,40.76561297812]},"properties":{"id":"eoy-22c34fffdfd4","name":"AMARANTH","legalName":"ENTERPRISE RESTAURANT LLC","street":"21 EAST 62 STREET","neighborhood":"NEW YORK","borough":"Manhattan","zip":"10065","type":"sidewalk","status":"Issued","licenseIssued":"2026-06-25","licenseExpires":"2030-06-25","nta":"MN0802","bbl":"1013770014","sid":["row-um64_m42r_8vbk"]}},{"type":"Feature","id":"eoy-22d0ca6ad12b","geometry":{"type":"Point","coordinates":[-73.951511064286,40.769279042312]},"properties":{"id":"eoy-22d0ca6ad12b","name":"BAGELS & CO","legalName":"YORK BAGELS INC","street":"500 EAST 76 STREET","neighborhood":"NEW YORK","borough":"Manhattan","zip":"10021","type":"sidewalk","status":"Issued","licenseIssued":"2026-07-31","licenseExpires":"2030-07-31","nta":"MN0801","bbl":"1014870049","sid":["row-gv73_ruwh_a8ns"]}},{"type":"Feature","id":"eoy-22d2153f20c0","geometry":{"type":"Point","coordinates":[-73.787339812632,40.757912841169]},"properties":{"id":"eoy-22d2153f20c0","name":"GYRO WORLD","legalName":"Two Dimitris Corp.","street":"194-21 NORTHERN BOULEVARD","neighborhood":"FLUSHING","borough":"Queens","zip":"11358","type":"sidewalk","status":"Issued","licenseIssued":"2026-07-21","licenseExpires":"2030-07-21","nta":"QN1101","bbl":"4053700002","sid":["row-dz78.jymn~9fcp"]}},{"type":"Feature","id":"eoy-22da0390a3a5","geometry":{"type":"Point","coordinates":[-73.986556145104,40.748387159231]},"properties":{"id":"eoy-22da0390a3a5","name":"JACK DEMSEY'S PUB","legalName":"PMF RESTAURANT CORP.","street":"36 WEST 33 STREET","neighborhood":"NEW YORK","borough":"Manhattan","zip":"10001","type":"sidewalk","status":"Issued","licenseIssued":"2026-08-14","licenseExpires":"2030-08-14","nta":"MN0501","bbl":"1008340066","sid":["row-gw5h-7mqv~xucr"]}},{"type":"Feature","id":"eoy-22ff17d81cc0","geometry":{"type":"Point","coordinates":[-73.975625791658,40.67531136837]},"properties":{"id":"eoy-22ff17d81cc0","name":"CAFE REGULAR","legalName":"CAFE REGULIER, LLC.","street":"158 BERKELEY PLACE","neighborhood":"BROOKLYN","borough":"Brooklyn","zip":"11217","type":"sidewalk","status":"Issued","licenseIssued":"2026-04-03","licenseExpires":"2030-04-03","nta":"BK0602","bbl":"3009540037","sid":["row-h5vt_7p78_me8x"]}},{"type":"Feature","id":"eoy-23369d47af87","geometry":{"type":"Point","coordinates":[-73.997012949003,40.720075662525]},"properties":{"id":"eoy-23369d47af87","name":"L'AMORE","legalName":"TT & B RESTAURANT INC","street":"171 MULBERRY STREET","neighborhood":"NEW YORK","borough":"Manhattan","zip":"10013","type":"both","status":"Issued","licenseIssued":"2026-08-21","licenseExpires":"2030-08-21","nta":"MN0201","bbl":"1004710017","sid":["row-qbpr_85zx_m242","row-vehi-euc7_7ciq"]}},{"type":"Feature","id":"eoy-233cb6282250","geometry":{"type":"Point","coordinates":[-73.989905606376,40.746894352563]},"properties":{"id":"eoy-233cb6282250","name":"L'AMICO, BACK BAR","legalName":"SIXTH AVENUE RESTAURANT MANAGEMENT LLC","street":"839 6 AVENUE","neighborhood":"NEW YORK","borough":"Manhattan","zip":"10001","type":"sidewalk","status":"Issued","licenseIssued":"2026-08-28","licenseExpires":"2030-08-28","nta":"MN0501","bbl":"1008057502","sid":["row-kjab-t3u8~qrwp"]}},{"type":"Feature","id":"eoy-2361ba29ee7c","geometry":{"type":"Point","coordinates":[-73.982328535776,40.739965655283]},"properties":{"id":"eoy-2361ba29ee7c","name":"FITZGERALD'S PUB","legalName":"336 PUB INC","street":"336 THIRD AVENUE","neighborhood":"NEW YORK","borough":"Manhattan","zip":"10010","type":"sidewalk","status":"Issued","licenseIssued":"2026-05-29","licenseExpires":"2030-05-29","nta":"MN0602","bbl":"1008800050","sid":["row-hvb3~x4cc~3zx6"]}},{"type":"Feature","id":"eoy-23670ef59be2","geometry":{"type":"Point","coordinates":[-73.989616562553,40.702827100892]},"properties":{"id":"eoy-23670ef59be2","name":"SWEETGREEN DUMBO","legalName":"SWEETGREEN NEW YORK LLC","street":"50 WASHINGTON STREET","neighborhood":"BROOKLYN","borough":"Brooklyn","zip":"11201","type":"roadway","status":"Issued","licenseIssued":"2026-02-20","licenseExpires":"2030-02-20","nta":"BK0202","bbl":"3000370001","sid":["row-qnx8_j6cm-d6wf"]}},{"type":"Feature","id":"eoy-238c6426a457","geometry":{"type":"Point","coordinates":[-73.907351361698,40.887775294174]},"properties":{"id":"eoy-238c6426a457","name":"SALVATORE'S OF SOHO","legalName":"SALVATORES OF SOHO, INC.","street":"3738 RIVERDALE AVENUE","neighborhood":"BRONX","borough":"Bronx","zip":"10463","type":"sidewalk","status":"Issued","licenseIssued":"2026-08-07","licenseExpires":"2030-08-07","nta":"BX0803","bbl":"2057720010","sid":["row-7kg9-jxck-mjui"]}},{"type":"Feature","id":"eoy-238def6b84ee","geometry":{"type":"Point","coordinates":[-73.926898214358,40.771039118137]},"properties":{"id":"eoy-238def6b84ee","name":"ASTORIA TACO FACTORY","legalName":"SNN FOOD CORP","street":"28-02 21 STREET","neighborhood":"ASTORIA","borough":"Queens","zip":"11102","type":"both","status":"Issued","licenseIssued":"2026-06-25","licenseExpires":"2030-06-25","nta":"QN0102","bbl":"4005380041","sid":["row-kajc_2hcj-6wxk","row-s7zt-27r4_nm6t"]}},{"type":"Feature","id":"eoy-23a523e3c5f5","geometry":{"type":"Point","coordinates":[-74.006108950432,40.734954914987]},"properties":{"id":"eoy-23a523e3c5f5","name":"LEITAO","legalName":"UPRIGHT HOLDINGS 547 LLC","street":"547 HUDSON STREET","neighborhood":"NEW YORK","borough":"Manhattan","zip":"10014","type":"both","status":"Issued","licenseIssued":"2025-10-03","licenseExpires":"2029-10-03","nta":"MN0203","bbl":"1006320149","sid":["row-mr48~ukbk-2icz","row-yy5r-tc35.5whu"]}},{"type":"Feature","id":"eoy-23a62b734b69","geometry":{"type":"Point","coordinates":[-73.961733403225,40.716103127468]},"properties":{"id":"eoy-23a62b734b69","name":"THE LEVEE","legalName":"BERRY 212, CORP","street":"212 BERRY STREET","neighborhood":"BROOKLYN","borough":"Brooklyn","zip":"11249","type":"sidewalk","status":"Issued","licenseIssued":"2025-04-11","licenseExpires":"2029-04-11","nta":"BK0102","bbl":"3023580018","sid":["row-6m7b~i8uh-7pib"]}},{"type":"Feature","id":"eoy-23c0c27a5d3a","geometry":{"type":"Point","coordinates":[-73.983483937272,40.722893388231]},"properties":{"id":"eoy-23c0c27a5d3a","name":"KOLKATA CHAI CO.","legalName":"KOLKATA CHAI CAFE 1 LIMITED","street":"199 EAST 3 STREET","neighborhood":"NEW YORK","borough":"Manhattan","zip":"10009","type":"roadway","status":"Issued","licenseIssued":"2026-07-21","licenseExpires":"2030-07-21","nta":"MN0303","bbl":"1003990038","sid":["row-jucp~xat4-53dh"]}},{"type":"Feature","id":"eoy-23f25239c734","geometry":{"type":"Point","coordinates":[-74.009845003805,40.720083513178]},"properties":{"id":"eoy-23f25239c734","name":"SMITH & MILLS","legalName":"NO MOORE OYSTERS LLC","street":"71 NORTH MOORE STREET","neighborhood":"NEW YORK","borough":"Manhattan","zip":"10013","type":"sidewalk","status":"Issued","licenseIssued":"2025-12-19","licenseExpires":"2029-12-19","nta":"MN0102","bbl":"1001880009","sid":["row-n8ee_r6xw-zp7t"]}},{"type":"Feature","id":"eoy-2413046d63df","geometry":{"type":"Point","coordinates":[-73.97155578678,40.750687275724]},"properties":{"id":"eoy-2413046d63df","name":"REMI43 FLOWER & COFFEE","legalName":"CH FLOWER CORP","street":"810 2 AVENUE","neighborhood":"NEW YORK","borough":"Manhattan","zip":"10017","type":"sidewalk","status":"Issued","licenseIssued":"2026-05-22","licenseExpires":"2030-05-22","nta":"MN0603","bbl":"1013367501","sid":["row-pees~2us9_khw7"]}},{"type":"Feature","id":"eoy-245d4723c0c4","geometry":{"type":"Point","coordinates":[-73.972605966568,40.785905502434]},"properties":{"id":"eoy-245d4723c0c4","name":"GOOD ENOUGH TO EAT","legalName":"520 COLUMBUS AVENUE, LTD.","street":"520 COLUMBUS AVENUE","neighborhood":"NEW YORK","borough":"Manhattan","zip":"10024","type":"sidewalk","status":"Issued","licenseIssued":"2026-07-21","licenseExpires":"2030-07-21","nta":"MN0702","bbl":"1012160027","sid":["row-zv5c-b3se-uiim"]}},{"type":"Feature","id":"eoy-245ecad16560","geometry":{"type":"Point","coordinates":[-74.009123038204,40.71676789325]},"properties":{"id":"eoy-245ecad16560","name":"FORGIONE","legalName":"FORGE 30 HUDSON LLC","street":"30 HUDSON STREET","neighborhood":"NEW YORK","borough":"Manhattan","zip":"10013","type":"sidewalk","status":"Issued","licenseIssued":"2026-09-11","licenseExpires":"2030-09-11","nta":"MN0102","bbl":"1001440001","sid":["row-ue6j.kk93-tqsm"]}},{"type":"Feature","id":"eoy-246ce51d40ac","geometry":{"type":"Point","coordinates":[-74.003305144043,40.732704323079]},"properties":{"id":"eoy-246ce51d40ac","name":"ALL'ANTICO VINAIO","legalName":"AV 7TH AVE, LLC","street":"89 7 AVENUE SOUTH","neighborhood":"NEW YORK","borough":"Manhattan","zip":"10014","type":"sidewalk","status":"Issued","licenseIssued":"2026-06-25","licenseExpires":"2030-06-25","nta":"MN0203","bbl":"1005910033","sid":["row-8qjd~dg8y-3br3"]}},{"type":"Feature","id":"eoy-246f52d16de0","geometry":{"type":"Point","coordinates":[-73.961864623756,40.763985568121]},"properties":{"id":"eoy-246f52d16de0","name":"BAGEL EXPRESS II","legalName":"CORNERSTONE LI INC.","street":"1228 2 AVENUE","neighborhood":"NEW YORK","borough":"Manhattan","zip":"10065","type":"sidewalk","status":"Issued","licenseIssued":"2025-12-19","licenseExpires":"2029-12-19","nta":"MN0801","bbl":"1014397501","sid":["row-ukdx-h2aw~zv7z"]}},{"type":"Feature","id":"eoy-24dfd2961877","geometry":{"type":"Point","coordinates":[-73.982134784722,40.776042737468]},"properties":{"id":"eoy-24dfd2961877","name":"CANTO","legalName":"WEST SIDE 2014 LLC","street":"2014 BROADWAY","neighborhood":"NEW YORK","borough":"Manhattan","zip":"10023","type":"sidewalk","status":"Issued","licenseIssued":"2026-06-26","licenseExpires":"2030-06-26","nta":"MN0701","bbl":"1011400046","sid":["row-u9na~hzfn_bawp"]}},{"type":"Feature","id":"eoy-24fcebcd1edd","geometry":{"type":"Point","coordinates":[-73.99807016741,40.712974969635]},"properties":{"id":"eoy-24fcebcd1edd","name":"BAR OLIVER","legalName":"ALL DAY FOOD LLC","street":"5 OLIVER STREET","neighborhood":"NEW YORK","borough":"Manhattan","zip":"10038","type":"sidewalk","status":"Issued","licenseIssued":"2026-06-19","licenseExpires":"2030-06-19","nta":"MN0301","bbl":"1002790015","sid":["row-299b.kftp-j63k"]}},{"type":"Feature","id":"eoy-25258ae1f229","geometry":{"type":"Point","coordinates":[-73.9290474457,40.86453741464]},"properties":{"id":"eoy-25258ae1f229","name":"CANAVE","legalName":"4716 ARDEN LLC","street":"4716 BROADWAY","neighborhood":"NEW YORK","borough":"Manhattan","zip":"10040","type":"sidewalk","status":"Issued","licenseIssued":"2026-06-05","licenseExpires":"2030-06-05","nta":"MN1202","bbl":"1021750027","sid":["row-q8se~xfec_pdh9"]}},{"type":"Feature","id":"eoy-252a6855f789","geometry":{"type":"Point","coordinates":[-74.003925137847,40.722172636494]},"properties":{"id":"eoy-252a6855f789","name":"IL MULINO PRIME","legalName":"PASTA PERFECT LLC","street":"331 WEST BROADWAY","neighborhood":"NEW YORK","borough":"Manhattan","zip":"10013","type":"sidewalk","status":"Issued","licenseIssued":"2026-08-07","licenseExpires":"2030-08-07","nta":"MN0201","bbl":"1002280022","sid":["row-wynm.tmwu~qt42"]}},{"type":"Feature","id":"eoy-259a7e7c1a3b","geometry":{"type":"Point","coordinates":[-73.953842653582,40.80648785804]},"properties":{"id":"eoy-259a7e7c1a3b","name":"ROSA'S PIZZA","legalName":"TLM HARLEM PIZZA LTD","street":"2210 FREDERICK DOUGLASS BOULEVARD","neighborhood":"NEW YORK","borough":"Manhattan","zip":"10026","type":"sidewalk","status":"Issued","licenseIssued":"2026-03-13","licenseExpires":"2030-03-13","nta":"MN1001","bbl":"1019250001","sid":["row-ir3t~n26z.tngv"]}},{"type":"Feature","id":"eoy-25b6d9ce1cf6","geometry":{"type":"Point","coordinates":[-73.968949713247,40.689450835157]},"properties":{"id":"eoy-25b6d9ce1cf6","name":"MEKONG BK","legalName":"MEKONG BK CORP","street":"250 DEKALB AVENUE","neighborhood":"BROOKLYN","borough":"Brooklyn","zip":"11205","type":"sidewalk","status":"Issued","licenseIssued":"2025-04-04","licenseExpires":"2029-04-04","nta":"BK0204","bbl":"3019290018","sid":["row-a69g_5nyd.ypw5"]}},{"type":"Feature","id":"eoy-26131c6f612c","geometry":{"type":"Point","coordinates":[-74.005637163453,40.745645791526]},"properties":{"id":"eoy-26131c6f612c","name":"10TH AVENUE COOKSHOP","legalName":"156 TENTH AVENUE RESTAURANT LLC","street":"156 10 AVENUE","neighborhood":"NEW YORK","borough":"Manhattan","zip":"10011","type":"sidewalk","status":"Issued","licenseIssued":"2026-04-24","licenseExpires":"2030-04-24","nta":"MN0401","bbl":"1007170077","sid":["row-4n6i-gdqx.xrsw"]}},{"type":"Feature","id":"eoy-2624e7c875bb","geometry":{"type":"Point","coordinates":[-73.849507574282,40.732726423707]},"properties":{"id":"eoy-2624e7c875bb","name":"NADEZHDA","legalName":"BRAHA HOLDING INC","street":"64-06 108 STREET","neighborhood":"FOREST HILLS","borough":"Queens","zip":"11375","type":"both","status":"Issued","licenseIssued":"2026-01-09","licenseExpires":"2030-01-09","nta":"QN0602","bbl":"4021490001","sid":["row-prfg.83nq-kgds","row-vauj_cz2k-qd25"]}},{"type":"Feature","id":"eoy-265067b22dad","geometry":{"type":"Point","coordinates":[-73.977520237742,40.68076836975]},"properties":{"id":"eoy-265067b22dad","name":"PIZZA SECRET","legalName":"MADE IN SUD RESTAURANT INC","street":"72 5 AVENUE","neighborhood":"BROOKLYN","borough":"Brooklyn","zip":"11217","type":"sidewalk","status":"Issued","licenseIssued":"2026-05-01","licenseExpires":"2030-05-01","nta":"BK0602","bbl":"3009340039","sid":["row-b568_6a4k_idr4"]}},{"type":"Feature","id":"eoy-2670193d7e0b","geometry":{"type":"Point","coordinates":[-73.954012775837,40.774739391413]},"properties":{"id":"eoy-2670193d7e0b","name":"LA PECORA BIANCA","legalName":"LPB 7 LLC","street":"1562 2 AVENUE","neighborhood":"NEW YORK","borough":"Manhattan","zip":"10028","type":"both","status":"Issued","licenseIssued":"2025-05-16","licenseExpires":"2029-05-16","nta":"MN0803","bbl":"1015447504","sid":["row-j7n5-hw29_8c8g","row-ya3d~ig25~vd64"]}},{"type":"Feature","id":"eoy-269192f5690f","geometry":{"type":"Point","coordinates":[-73.963691721476,40.677372280756]},"properties":{"id":"eoy-269192f5690f","name":"BEARDED LADY","legalName":"BOGMAN LLC","street":"686A WASHINGTON AVENUE","neighborhood":"BROOKLYN","borough":"Brooklyn","zip":"11238","type":"both","status":"Issued","licenseIssued":"2026-03-27","licenseExpires":"2030-03-27","nta":"BK0801","bbl":"3011530030","sid":["row-62gd_5bby~2qi4","row-8wjb-rkms.r6ri"]}},{"type":"Feature","id":"eoy-26a3e3a5cfb2","geometry":{"type":"Point","coordinates":[-73.988816194309,40.722463103703]},"properties":{"id":"eoy-26a3e3a5cfb2","name":"FOSSETTA","legalName":"MOREISH HOSPITALITY INC","street":"198 ALLEN STREET","neighborhood":"NEW YORK","borough":"Manhattan","zip":"10002","type":"sidewalk","status":"Issued","licenseIssued":"2026-07-03","licenseExpires":"2030-07-03","nta":"MN0302","bbl":"1004170076","sid":["row-h2t7.ddbx-ub5k"]}},{"type":"Feature","id":"eoy-26b946e4a6c0","geometry":{"type":"Point","coordinates":[-73.948757479918,40.828723613901]},"properties":{"id":"eoy-26b946e4a6c0","name":"AT THE WALLACE","legalName":"GREENWOOD LAKE GROUP LLC","street":"3612 BROADWAY","neighborhood":"NEW YORK","borough":"Manhattan","zip":"10031","type":"both","status":"Issued","licenseIssued":"2026-02-13","licenseExpires":"2030-02-13","nta":"MN0903","bbl":"1020800059","sid":["row-4itj_dtts_88xf","row-dzrc-8vqb.jvzu"]}},{"type":"Feature","id":"eoy-26ba02f3be23","geometry":{"type":"Point","coordinates":[-74.006240987374,40.71929601761]},"properties":{"id":"eoy-26ba02f3be23","name":"TERRA","legalName":"225 WEST BROADWAY CORP","street":"225 WEST BROADWAY","neighborhood":"NEW YORK","borough":"Manhattan","zip":"10013","type":"roadway","status":"Issued","licenseIssued":"2026-04-10","licenseExpires":"2030-04-10","nta":"MN0102","bbl":"1001780019","sid":["row-yv6s~9yhb.cy88"]}},{"type":"Feature","id":"eoy-26c34db53997","geometry":{"type":"Point","coordinates":[-73.996889220771,40.742945041819]},"properties":{"id":"eoy-26c34db53997","name":"KONA COFFEE ROASTERS","legalName":"TH HOSPITALITY CORPORATION","street":"201 WEST 21 STREET","neighborhood":"NEW YORK","borough":"Manhattan","zip":"10011","type":"sidewalk","status":"Issued","licenseIssued":"2025-02-28","licenseExpires":"2029-02-28","nta":"MN0401","bbl":"1007710038","sid":["row-6e2a-a73a.tdj2"]}},{"type":"Feature","id":"eoy-26ce2cd69004","geometry":{"type":"Point","coordinates":[-74.000667747286,40.754936943427]},"properties":{"id":"eoy-26ce2cd69004","name":"LOCANDA VERDE","legalName":"50 HY RESTAURANT OWNER LLC","street":"20 HUDSON BLVD EAST","neighborhood":"NEW YORK","borough":"Manhattan","zip":"10001","type":"sidewalk","status":"Issued","licenseIssued":"2026-07-21","licenseExpires":"2030-07-21","nta":"MN0401","bbl":"1007050039","sid":["row-d7qq-vzym.isjx"]}},{"type":"Feature","id":"eoy-26e391fb0531","geometry":{"type":"Point","coordinates":[-73.997243737593,40.722353825168]},"properties":{"id":"eoy-26e391fb0531","name":"BLANK STREET","legalName":"BLANK STREET INC.","street":"63 SPRING STREET","neighborhood":"NEW YORK","borough":"Manhattan","zip":"10012","type":"both","status":"Issued","licenseIssued":"2026-05-01","licenseExpires":"2030-05-01","nta":"MN0201","bbl":"1004960034","sid":["row-gdct_uchh_b8ty","row-i8dn.pt37~g4e9"]}},{"type":"Feature","id":"eoy-26f09be5222a","geometry":{"type":"Point","coordinates":[-73.996946054728,40.684223460209]},"properties":{"id":"eoy-26f09be5222a","name":"POPPY'S CATERING + EVENTS","legalName":"POPPY'S CAFE + BAKERY LLC","street":"243 DEGRAW STREET","neighborhood":"BROOKLYN","borough":"Brooklyn","zip":"11231","type":"sidewalk","status":"Issued","licenseIssued":"2026-08-21","licenseExpires":"2030-08-21","nta":"BK0601","bbl":"3003250001","sid":["row-xwns-f2su~smb5"]}},{"type":"Feature","id":"eoy-26f89199b568","geometry":{"type":"Point","coordinates":[-73.958677462389,40.716952945333]},"properties":{"id":"eoy-26f89199b568","name":"JUICE GENERATION","legalName":"JUICE GENERATION INC","street":"210 BEDFORD AVENUE","neighborhood":"BROOKLYN","borough":"Brooklyn","zip":"11249","type":"roadway","status":"Issued","licenseIssued":"2026-02-20","licenseExpires":"2030-02-20","nta":"BK0102","bbl":"3023350025","sid":["row-jxaw-qieh~zcwh"]}},{"type":"Feature","id":"eoy-26fddb78c010","geometry":{"type":"Point","coordinates":[-73.940131636462,40.825283026751]},"properties":{"id":"eoy-26fddb78c010","name":"COMMON GOOD HARLEM","legalName":"2801 FOOD GROUP INC","street":"2801 FREDERICK DOUGLASS BOULEVARD","neighborhood":"NEW YORK","borough":"Manhattan","zip":"10039","type":"sidewalk","status":"Issued","licenseIssued":"2026-07-31","licenseExpires":"2030-07-31","nta":"MN1002","bbl":"1020450076","sid":["row-jsva_5gxr~2tms"]}},{"type":"Feature","id":"eoy-270444690e30","geometry":{"type":"Point","coordinates":[-73.946474259616,40.72520141601]},"properties":{"id":"eoy-270444690e30","name":"MINNOWS BAR","legalName":"SAINT ELLIE LLC","street":"167 NASSAU AVENUE","neighborhood":"BROOKLYN","borough":"Brooklyn","zip":"11222","type":"sidewalk","status":"Issued","licenseIssued":"2026-08-07","licenseExpires":"2030-08-07","nta":"BK0101","bbl":"3026520033","sid":["row-9caz-ewme_75yb"]}},{"type":"Feature","id":"eoy-2721669c1537","geometry":{"type":"Point","coordinates":[-73.994235163464,40.761304641341]},"properties":{"id":"eoy-2721669c1537","name":"THE MARSHAL","legalName":"WMWRESTURANT GROUP LLC","street":"628 10 AVENUE","neighborhood":"NEW YORK","borough":"Manhattan","zip":"10036","type":"sidewalk","status":"Issued","licenseIssued":"2026-04-03","licenseExpires":"2030-04-03","nta":"MN0402","bbl":"1010540063","sid":["row-5dn8.c4k2~d54v"]}},{"type":"Feature","id":"eoy-2778060597f5","geometry":{"type":"Point","coordinates":[-73.987599246192,40.728674384957]},"properties":{"id":"eoy-2778060597f5","name":"CAFE MAUD","legalName":"HOST 132 LLC","street":"132 2 AVENUE","neighborhood":"NEW YORK","borough":"Manhattan","zip":"10003","type":"sidewalk","status":"Issued","licenseIssued":"2025-04-04","licenseExpires":"2029-04-04","nta":"MN0303","bbl":"1004500001","sid":["row-r42g~mixt~3y3t"]}},{"type":"Feature","id":"eoy-2783bfc10d0f","geometry":{"type":"Point","coordinates":[-73.967954880525,40.800750651715]},"properties":{"id":"eoy-2783bfc10d0f","name":"THE ELLINGTON","legalName":"BROADWAY GS LLC","street":"2745 BROADWAY","neighborhood":"NEW YORK","borough":"Manhattan","zip":"10025","type":"sidewalk","status":"Issued","licenseIssued":"2026-03-20","licenseExpires":"2030-03-20","nta":"MN0703","bbl":"1018770001","sid":["row-tgv8.b7wi-39ue"]}},{"type":"Feature","id":"eoy-278bae5acc51","geometry":{"type":"Point","coordinates":[-73.994271265642,40.761255237502]},"properties":{"id":"eoy-278bae5acc51","name":"44 & X","legalName":"44 & X HELL'S KITCHEN CORP","street":"626 10 AVENUE","neighborhood":"NEW YORK","borough":"Manhattan","zip":"10036","type":"sidewalk","status":"Issued","licenseIssued":"2026-08-14","licenseExpires":"2030-08-14","nta":"MN0402","bbl":"1010540001","sid":["row-qiji_6d4j_q2p7"]}},{"type":"Feature","id":"eoy-27a2d430c7f3","geometry":{"type":"Point","coordinates":[-73.957694207106,40.765458041436]},"properties":{"id":"eoy-27a2d430c7f3","name":"LE PAIN QUOTIDIEN","legalName":"APQ FIRST AVENUE NY, LLC","street":"1270 1 AVENUE","neighborhood":"NEW YORK","borough":"Manhattan","zip":"10065","type":"sidewalk","status":"Issued","licenseIssued":"2026-05-29","licenseExpires":"2030-05-29","nta":"MN0801","bbl":"1014630003","sid":["row-e2kz.qn5w-x5yg"]}},{"type":"Feature","id":"eoy-27c2e1e0e75d","geometry":{"type":"Point","coordinates":[-73.958892596624,40.765678057521]},"properties":{"id":"eoy-27c2e1e0e75d","name":"LITTLE ITALY PIZZA","legalName":"23RD STREET LITTLE ITALY PIZZA CORP.","street":"359 EAST 68 STREET","neighborhood":"NEW YORK","borough":"Manhattan","zip":"10065","type":"sidewalk","status":"Issued","licenseIssued":"2026-02-20","licenseExpires":"2030-02-20","nta":"MN0801","bbl":"1014437501","sid":["row-pkfb~hzwr~8w39"]}},{"type":"Feature","id":"eoy-27ce57aa0d06","geometry":{"type":"Point","coordinates":[-73.973303313477,40.784914811178]},"properties":{"id":"eoy-27ce57aa0d06","name":"NOI DUE CAFE","legalName":"NOI DUE INC.","street":"491 COLUMBUS AVENUE","neighborhood":"NEW YORK","borough":"Manhattan","zip":"10024","type":"both","status":"Issued","licenseIssued":"2025-10-10","licenseExpires":"2029-10-10","nta":"MN0702","bbl":"1011970063","sid":["row-ntvj~i8he_hk7t","row-s6hy-ngxq-psba"]}},{"type":"Feature","id":"eoy-2809f30d9e32","geometry":{"type":"Point","coordinates":[-73.996915533689,40.720322689023]},"properties":{"id":"eoy-2809f30d9e32","name":"GROTTA AZZURRA","legalName":"GROTTA AZZURRA INN INC.","street":"177 MULBERRY STREET","neighborhood":"NEW YORK","borough":"Manhattan","zip":"10013","type":"both","status":"Issued","licenseIssued":"2026-05-15","licenseExpires":"2030-05-15","nta":"MN0201","bbl":"1004710014","sid":["row-8vjv-q79v.ba5r","row-w6ef.w6dh_cjtd"]}},{"type":"Feature","id":"eoy-281a388df1de","geometry":{"type":"Point","coordinates":[-73.994762250179,40.760580050424]},"properties":{"id":"eoy-281a388df1de","name":"PIO PIO","legalName":"PIO PIO OCHO INC","street":"604 10 AVENUE","neighborhood":"NEW YORK","borough":"Manhattan","zip":"10036","type":"sidewalk","status":"Issued","licenseIssued":"2026-08-07","licenseExpires":"2030-08-07","nta":"MN0402","bbl":"1010537503","sid":["row-3n2g-m3ei.86xk"]}},{"type":"Feature","id":"eoy-281cd8ff5875","geometry":{"type":"Point","coordinates":[-74.002017003593,40.732696118666]},"properties":{"id":"eoy-281cd8ff5875","name":"THE SPANIARD","legalName":"WEST 4TH & BARROW LLC","street":"190 WEST 4 STREET","neighborhood":"NEW YORK","borough":"Manhattan","zip":"10014","type":"sidewalk","status":"Issued","licenseIssued":"2026-05-29","licenseExpires":"2030-05-29","nta":"MN0203","bbl":"1005907502","sid":["row-bqhh~gcg5~rp4j"]}},{"type":"Feature","id":"eoy-289da5a78fda","geometry":{"type":"Point","coordinates":[-73.78741562294,40.757910236865]},"properties":{"id":"eoy-289da5a78fda","name":"CAFE BENCH","legalName":"CAFE BENCH, INC.","street":"194-09 NORTHERN BOULEVARD","neighborhood":"FLUSHING","borough":"Queens","zip":"11358","type":"sidewalk","status":"Issued","licenseIssued":"2026-04-17","licenseExpires":"2030-04-17","nta":"QN1101","bbl":"4053700002","sid":["row-zb56.y28s-57f8"]}},{"type":"Feature","id":"eoy-28a712de3f8f","geometry":{"type":"Point","coordinates":[-73.957136627525,40.745640668157]},"properties":{"id":"eoy-28a712de3f8f","name":"SHI","legalName":"SNY LEE INCORPORATED","street":"47-20 CENTER BOULEVARD","neighborhood":"LONG ISLAND CITY","borough":"Queens","zip":"11109","type":"sidewalk","status":"Issued","licenseIssued":"2026-08-14","licenseExpires":"2030-08-14","nta":"QN0201","bbl":"4000210070","sid":["row-bj5q~xty4-7vdq"]}},{"type":"Feature","id":"eoy-28b67722db50","geometry":{"type":"Point","coordinates":[-74.001443280258,40.732056597098]},"properties":{"id":"eoy-28b67722db50","name":"TIO PEPE","legalName":"SANGE REST. INC. D/B/A TIO PEPE","street":"168 WEST 4 STREET","neighborhood":"NEW YORK","borough":"Manhattan","zip":"10014","type":"roadway","status":"Issued","licenseIssued":"2026-05-22","licenseExpires":"2030-05-22","nta":"MN0203","bbl":"1005900029","sid":["row-yumf~5vk2-mibt"]}},{"type":"Feature","id":"eoy-28e2ca4e9b64","geometry":{"type":"Point","coordinates":[-73.980294017354,40.676670930228]},"properties":{"id":"eoy-28e2ca4e9b64","name":"BLACK OAK","legalName":"LILAC GM LLC","street":"200 5 AVENUE","neighborhood":"BROOKLYN","borough":"Brooklyn","zip":"11217","type":"both","status":"Issued","licenseIssued":"2026-07-02","licenseExpires":"2030-07-02","nta":"BK0602","bbl":"3009520038","sid":["row-ashg~deeg_gm3c","row-qbf8~u45g_d7i3"]}},{"type":"Feature","id":"eoy-292def7d7d02","geometry":{"type":"Point","coordinates":[-73.923584770535,40.754645260179]},"properties":{"id":"eoy-292def7d7d02","name":"EL MERO MERO","legalName":"EL MERO MERO INC","street":"35-57 38 STREET","neighborhood":"LONG ISLAND CITY","borough":"Queens","zip":"11101","type":"sidewalk","status":"Issued","licenseIssued":"2026-08-14","licenseExpires":"2030-08-14","nta":"QN0104","bbl":"4006680043","sid":["row-bfsv_fqya-3igi"]}},{"type":"Feature","id":"eoy-293b5a297729","geometry":{"type":"Point","coordinates":[-73.922763725663,40.706493275462]},"properties":{"id":"eoy-293b5a297729","name":"ARTICHOKE BASILLE'S PIZZA","legalName":"ARTICHOKE BUSHWICK, LLC","street":"18 WYCKOFF AVENUE","neighborhood":"BROOKLYN","borough":"Brooklyn","zip":"11237","type":"sidewalk","status":"Issued","licenseIssued":"2026-07-31","licenseExpires":"2030-07-31","nta":"BK0401","bbl":"3031880034","sid":["row-s2jb.kg8q-aksq"]}},{"type":"Feature","id":"eoy-29521791208c","geometry":{"type":"Point","coordinates":[-73.982285882806,40.764569680819]},"properties":{"id":"eoy-29521791208c","name":"APPLE JACK DINER","legalName":"APPLEJACK COFFEE SHOP INC","street":"1725 BROADWAY","neighborhood":"NEW YORK","borough":"Manhattan","zip":"10019","type":"sidewalk","status":"Issued","licenseIssued":"2026-03-20","licenseExpires":"2030-03-20","nta":"MN0502","bbl":"1010267502","sid":["row-7yff-yxhn.ex6x"]}},{"type":"Feature","id":"eoy-295808c252d0","geometry":{"type":"Point","coordinates":[-73.968411503201,40.767234604713]},"properties":{"id":"eoy-295808c252d0","name":"MATCH 65","legalName":"PK & SON, LLC","street":"29 EAST 65 STREET","neighborhood":"NEW YORK","borough":"Manhattan","zip":"10065","type":"sidewalk","status":"Issued","licenseIssued":"2026-04-10","licenseExpires":"2030-04-10","nta":"MN0802","bbl":"1013800023","sid":["row-hkmy.5b73-h48t"]}},{"type":"Feature","id":"eoy-29812420ff76","geometry":{"type":"Point","coordinates":[-73.975741322671,40.763712119711]},"properties":{"id":"eoy-29812420ff76","name":"QUALITY ITALIAN STEAKHOUSE","legalName":"BAKED ZITI LLC","street":"57 WEST 57 STREET","neighborhood":"NEW YORK","borough":"Manhattan","zip":"10019","type":"sidewalk","status":"Issued","licenseIssued":"2026-07-31","licenseExpires":"2030-07-31","nta":"MN0502","bbl":"1012730001","sid":["row-px3t-3w8m-ytdg"]}},{"type":"Feature","id":"eoy-298a9819ba5e","geometry":{"type":"Point","coordinates":[-73.974894696743,40.787824607234]},"properties":{"id":"eoy-298a9819ba5e","name":"BARNEY GREENGRASS","legalName":"BARNEY GREENGRASS INC.","street":"541 AMSTERDAM AVENUE","neighborhood":"NEW YORK","borough":"Manhattan","zip":"10024","type":"both","status":"Issued","licenseIssued":"2026-04-24","licenseExpires":"2030-04-24","nta":"MN0702","bbl":"1012170064","sid":["row-6k57_tnys_cxem","row-ix67_g773.77ny"]}},{"type":"Feature","id":"eoy-299d698ea21f","geometry":{"type":"Point","coordinates":[-73.965384058565,40.80598688351]},"properties":{"id":"eoy-299d698ea21f","name":"WU & NUSSBAUM","legalName":"NUSBAUM WU & PARTNERS LLC","street":"2897 BROADWAY","neighborhood":"NEW YORK","borough":"Manhattan","zip":"10025","type":"sidewalk","status":"Issued","licenseIssued":"2026-09-18","licenseExpires":"2030-09-18","nta":"MN0901","bbl":"1018950023","sid":["row-987u.r979_fgni"]}},{"type":"Feature","id":"eoy-29b2057a751e","geometry":{"type":"Point","coordinates":[-74.010392595204,40.715252673067]},"properties":{"id":"eoy-29b2057a751e","name":"TAQ","legalName":"TAQ NEW YORK LLC","street":"81 WARREN STREET","neighborhood":"NEW YORK","borough":"Manhattan","zip":"10007","type":"roadway","status":"Issued","licenseIssued":"2026-07-24","licenseExpires":"2030-07-24","nta":"MN0102","bbl":"1001320123","sid":["row-jyus-srdi_xjqj"]}},{"type":"Feature","id":"eoy-29b74fa831cc","geometry":{"type":"Point","coordinates":[-74.005560180629,40.731381259221]},"properties":{"id":"eoy-29b74fa831cc","name":"THE COMMERCE INN","legalName":"FIFTY MERCHANTS LLC","street":"50 COMMERCE STREET","neighborhood":"NEW YORK","borough":"Manhattan","zip":"10014","type":"sidewalk","status":"Issued","licenseIssued":"2026-07-20","licenseExpires":"2030-07-20","nta":"MN0203","bbl":"1005840020","sid":["row-48hc~ywt5-xcv5"]}},{"type":"Feature","id":"eoy-29c1bbd3bd70","geometry":{"type":"Point","coordinates":[-73.967792462007,40.755887601863]},"properties":{"id":"eoy-29c1bbd3bd70","name":"TURTLE BAY TAVERN","legalName":"LMF NY LLC","street":"975 2 AVENUE","neighborhood":"NEW YORK","borough":"Manhattan","zip":"10022","type":"sidewalk","status":"Issued","licenseIssued":"2026-08-14","licenseExpires":"2030-08-14","nta":"MN0604","bbl":"1013250029","sid":["row-ssma.idce~h29v"]}},{"type":"Feature","id":"eoy-29c75bdc0f9c","geometry":{"type":"Point","coordinates":[-73.999332614735,40.718942110436]},"properties":{"id":"eoy-29c75bdc0f9c","name":"THE TYGER / SOUTH SOHO BAR","legalName":"1TYGER LLC","street":"1 HOWARD STREET","neighborhood":"NEW YORK","borough":"Manhattan","zip":"10013","type":"sidewalk","status":"Issued","licenseIssued":"2026-04-10","licenseExpires":"2030-04-10","nta":"MN0201","bbl":"1002080019","sid":["row-ib3a~kxnr.x4wk"]}},{"type":"Feature","id":"eoy-29dc8749f206","geometry":{"type":"Point","coordinates":[-73.971851779747,40.784634499716]},"properties":{"id":"eoy-29dc8749f206","name":"SPIGA","legalName":"PROCENA INC","street":"57 WEST 84 STREET","neighborhood":"NEW YORK","borough":"Manhattan","zip":"10024","type":"both","status":"Issued","licenseIssued":"2026-09-11","licenseExpires":"2030-09-11","nta":"MN0702","bbl":"1011980001","sid":["row-ha3b.x6k3~tjh2","row-inyg-9eit.e6yz"]}},{"type":"Feature","id":"eoy-29debebfd229","geometry":{"type":"Point","coordinates":[-73.92488982582,40.705001532147]},"properties":{"id":"eoy-29debebfd229","name":"NOOK","legalName":"SOMMIE LLC","street":"45 IRVING AVENUE","neighborhood":"BROOKLYN","borough":"Brooklyn","zip":"11237","type":"both","status":"Issued","licenseIssued":"2025-06-13","licenseExpires":"2029-06-13","nta":"BK0401","bbl":"3031760001","sid":["row-n4ju_5nyr_ttiu","row-qdy7-cxu5.e5e6"]}},{"type":"Feature","id":"eoy-2a175d630a6f","geometry":{"type":"Point","coordinates":[-73.964265667901,40.756473936366]},"properties":{"id":"eoy-2a175d630a6f","name":"MARINARA","legalName":"PIZZA 54 INC","street":"985 1 AVENUE","neighborhood":"NEW YORK","borough":"Manhattan","zip":"10022","type":"sidewalk","status":"Issued","licenseIssued":"2026-07-24","licenseExpires":"2030-07-24","nta":"MN0604","bbl":"1013470023","sid":["row-mh9f~tryi_f5af"]}},{"type":"Feature","id":"eoy-2a1c7a493f40","geometry":{"type":"Point","coordinates":[-73.974069888749,40.791524348299]},"properties":{"id":"eoy-2a1c7a493f40","name":"BLANK STREET COFFEE","legalName":"BLANK STREET INC.","street":"2461 BROADWAY","neighborhood":"NEW YORK","borough":"Manhattan","zip":"10025","type":"roadway","status":"Issued","licenseIssued":"2026-05-08","licenseExpires":"2030-05-08","nta":"MN0702","bbl":"1012397503","sid":["row-mnr2_sgjj~wf5f"]}},{"type":"Feature","id":"eoy-2a24ec91bf9a","geometry":{"type":"Point","coordinates":[-73.991714065461,40.715214417866]},"properties":{"id":"eoy-2a24ec91bf9a","name":"CARLOTA","legalName":"DULCE RANGER LLC","street":"14A ORCHARD ST","neighborhood":"NEW YORK","borough":"Manhattan","zip":"10002","type":"roadway","status":"Issued","licenseIssued":"2026-06-26","licenseExpires":"2030-06-26","nta":"MN0301","bbl":null,"sid":["row-hgbg.uzn6_kiap"]}},{"type":"Feature","id":"eoy-2a4b709bd884","geometry":{"type":"Point","coordinates":[-74.004159481889,40.719713316676]},"properties":{"id":"eoy-2a4b709bd884","name":"MACAO TRADING COMPANY","legalName":"TANGIER LLC","street":"311 CHURCH STREET","neighborhood":"NEW YORK","borough":"Manhattan","zip":"10013","type":"roadway","status":"Issued","licenseIssued":"2026-05-08","licenseExpires":"2030-05-08","nta":"MN0102","bbl":"1001940018","sid":["row-kwgj~hw2x_mz3x"]}},{"type":"Feature","id":"eoy-2a85f2a04ae0","geometry":{"type":"Point","coordinates":[-73.979892475195,40.76456379693]},"properties":{"id":"eoy-2a85f2a04ae0","name":"SOUVLAKI GR MIDTOWN","legalName":"SGR HOSPITALITY GROUP LLC","street":"162 WEST 56 STREET","neighborhood":"NEW YORK","borough":"Manhattan","zip":"10019","type":"roadway","status":"Issued","licenseIssued":"2026-01-02","licenseExpires":"2030-01-02","nta":"MN0502","bbl":"1010087502","sid":["row-4gui.vby6~42fm"]}},{"type":"Feature","id":"eoy-2a90d784dd45","geometry":{"type":"Point","coordinates":[-73.975538663755,40.68674608336]},"properties":{"id":"eoy-2a90d784dd45","name":"DENIZ","legalName":"662 FULTON ST RESTAURANT CORP","street":"662 FULTON STREET","neighborhood":"BROOKLYN","borough":"Brooklyn","zip":"11217","type":"sidewalk","status":"Issued","licenseIssued":"2026-05-15","licenseExpires":"2030-05-15","nta":"BK0203","bbl":"3021130035","sid":["row-u3dd_yrym-kr9k"]}},{"type":"Feature","id":"eoy-2aaf21a96de8","geometry":{"type":"Point","coordinates":[-73.977386411729,40.75615887998]},"properties":{"id":"eoy-2aaf21a96de8","name":"MAGGIE'S PLACE","legalName":"MAGGIES PLACE INC","street":"21 EAST 47 STREET","neighborhood":"NEW YORK","borough":"Manhattan","zip":"10017","type":"both","status":"Issued","licenseIssued":"2026-03-27","licenseExpires":"2030-03-27","nta":"MN0502","bbl":"1012830015","sid":["row-3ybh-jjwx_ydm4","row-yhvr_f8u9-st5r"]}},{"type":"Feature","id":"eoy-2ab0316ba8ea","geometry":{"type":"Point","coordinates":[-73.987122854337,40.729363268647]},"properties":{"id":"eoy-2ab0316ba8ea","name":"DOWNTOWN SOCIAL","legalName":"149 SECOND AVE REST. INC.","street":"149 2 AVENUE","neighborhood":"NEW YORK","borough":"Manhattan","zip":"10003","type":"sidewalk","status":"Issued","licenseIssued":"2026-04-17","licenseExpires":"2030-04-17","nta":"MN0303","bbl":"1004650053","sid":["row-5xm2_q6n3.46kj"]}},{"type":"Feature","id":"eoy-2ab3bac00831","geometry":{"type":"Point","coordinates":[-73.999069139622,40.728106884989]},"properties":{"id":"eoy-2ab3bac00831","name":"GMT TAVERN","legalName":"GMT NEW YORK LLC","street":"142 BLEECKER STREET","neighborhood":"NEW YORK","borough":"Manhattan","zip":"10012","type":"both","status":"Issued","licenseIssued":"2026-04-17","licenseExpires":"2030-04-17","nta":"MN0202","bbl":"1005257504","sid":["row-9d3b.agyk~rdz3","row-n949_g7df_qned"]}},{"type":"Feature","id":"eoy-2adeb6a479ed","geometry":{"type":"Point","coordinates":[-73.988401226584,40.764246580406]},"properties":{"id":"eoy-2adeb6a479ed","name":"JASPER'S TAPHOUSE & KITCHEN","legalName":"Aggiepolo Inc","street":"761 9 AVENUE","neighborhood":"NEW YORK","borough":"Manhattan","zip":"10019","type":"both","status":"Issued","licenseIssued":"2025-05-09","licenseExpires":"2029-05-09","nta":"MN0402","bbl":"1010610029","sid":["row-eg7v_ammg_cj2j","row-vxzn.4gfi_ivvd"]}},{"type":"Feature","id":"eoy-2ae2883e8d1b","geometry":{"type":"Point","coordinates":[-73.959903513142,40.729658907663]},"properties":{"id":"eoy-2ae2883e8d1b","name":"BANKS TAVERN","legalName":"19 GREENPOINT LLC","street":"19 GREENPOINT AVENUE","neighborhood":"BROOKLYN","borough":"Brooklyn","zip":"11222","type":"roadway","status":"Issued","licenseIssued":"2025-10-03","licenseExpires":"2029-10-03","nta":"BK0101","bbl":"3025560048","sid":["row-7faa-bqty.t4c8"]}},{"type":"Feature","id":"eoy-2b1c1b6ed8cc","geometry":{"type":"Point","coordinates":[-73.955743078897,40.681445479141]},"properties":{"id":"eoy-2b1c1b6ed8cc","name":"GOLDA","legalName":"FRANKLIN HOSPITALITY GROUP LLC","street":"504 FRANKLIN AVENUE","neighborhood":"BROOKLYN","borough":"Brooklyn","zip":"11238","type":"sidewalk","status":"Issued","licenseIssued":"2025-10-24","licenseExpires":"2029-10-24","nta":"BK0301","bbl":"3019970040","sid":["row-jutc_wzxh~3y2k"]}},{"type":"Feature","id":"eoy-2b221d01a658","geometry":{"type":"Point","coordinates":[-73.99674538512,40.732421613743]},"properties":{"id":"eoy-2b221d01a658","name":"CHEZ NOUS","legalName":"MARLTON HOTEL OPERATING, LLC","street":"5 WEST 8 STREET","neighborhood":"NEW YORK","borough":"Manhattan","zip":"10011","type":"roadway","status":"Issued","licenseIssued":"2025-10-24","licenseExpires":"2029-10-24","nta":"MN0202","bbl":"1005720045","sid":["row-nmf3.mirt_fr6f"]}},{"type":"Feature","id":"eoy-2b7a5dda0933","geometry":{"type":"Point","coordinates":[-73.99234105841,40.721063561976]},"properties":{"id":"eoy-2b7a5dda0933","name":"RAY'S","legalName":"SWISS WHITE INT'L LLC","street":"177 CHRYSTIE STREET","neighborhood":"NEW YORK","borough":"Manhattan","zip":"10002","type":"roadway","status":"Issued","licenseIssued":"2025-08-15","licenseExpires":"2029-08-15","nta":"MN0302","bbl":"1004250026","sid":["row-knuf~8eqh.eyr7"]}},{"type":"Feature","id":"eoy-2bdd53afe2f1","geometry":{"type":"Point","coordinates":[-73.904965067861,40.887273807158]},"properties":{"id":"eoy-2bdd53afe2f1","name":"AN BEAL BOCHT CAFE","legalName":"BURKES BEAL BOCHT CORP","street":"445 WEST 238 STREET","neighborhood":"BRONX","borough":"Bronx","zip":"10463","type":"sidewalk","status":"Issued","licenseIssued":"2026-08-14","licenseExpires":"2030-08-14","nta":"BX0803","bbl":"2057790810","sid":["row-zhq2~5yya.zvgu"]}},{"type":"Feature","id":"eoy-2bf8564c989b","geometry":{"type":"Point","coordinates":[-73.986437911625,40.602864645233]},"properties":{"id":"eoy-2bf8564c989b","name":"STILLWELL SOCCER SPORTS","legalName":"CALCIO AND AMICI INC","street":"1786 STILLWELL AVENUE","neighborhood":"BROOKLYN","borough":"Brooklyn","zip":"11223","type":"sidewalk","status":"Issued","licenseIssued":"2026-08-14","licenseExpires":"2030-08-14","nta":"BK1103","bbl":"3068480132","sid":["row-5qwp.n738-wfzg"]}},{"type":"Feature","id":"eoy-2c1125ccc434","geometry":{"type":"Point","coordinates":[-73.968690895035,40.756590508962]},"properties":{"id":"eoy-2c1125ccc434","name":"ROSA MEXICANO","legalName":"ROSA MEXICANO SECOND AVENUE LLC","street":"251 EAST 52 STREET","neighborhood":"NEW YORK","borough":"Manhattan","zip":"10022","type":"sidewalk","status":"Issued","licenseIssued":"2026-03-27","licenseExpires":"2030-03-27","nta":"MN0604","bbl":"1013260021","sid":["row-krmj-dcae~pihd"]}},{"type":"Feature","id":"eoy-2c3837579de0","geometry":{"type":"Point","coordinates":[-73.994581365428,40.721242099576]},"properties":{"id":"eoy-2c3837579de0","name":"THE VIG BAR","legalName":"TWELVE SPRING ST REST CORP.","street":"12 SPRING STREET","neighborhood":"NEW YORK","borough":"Manhattan","zip":"10012","type":"roadway","status":"Issued","licenseIssued":"2026-05-15","licenseExpires":"2030-05-15","nta":"MN0201","bbl":"1004780018","sid":["row-rhvf~kxh3_y4fc"]}},{"type":"Feature","id":"eoy-2c3d30243760","geometry":{"type":"Point","coordinates":[-73.937036056453,40.854663782004]},"properties":{"id":"eoy-2c3d30243760","name":"REFRIED BEANS","legalName":"187 RESTAURANT CORP.","street":"591 FORT WASHINGTON AVENUE","neighborhood":"NEW YORK","borough":"Manhattan","zip":"10033","type":"sidewalk","status":"Issued","licenseIssued":"2026-06-19","licenseExpires":"2030-06-19","nta":"MN1202","bbl":"1021790215","sid":["row-n34r.apti-fajw"]}},{"type":"Feature","id":"eoy-2c3dbed5367f","geometry":{"type":"Point","coordinates":[-73.991907134111,40.699769610154]},"properties":{"id":"eoy-2c3dbed5367f","name":"NOODLE PUDDING","legalName":"NOODLE PUDDING RESTAURANT LLC","street":"38 HENRY STREET","neighborhood":"BROOKLYN","borough":"Brooklyn","zip":"11201","type":"roadway","status":"Issued","licenseIssued":"2025-10-10","licenseExpires":"2029-10-10","nta":"BK0201","bbl":"3002160028","sid":["row-vgcx.2uhc-xdgu"]}},{"type":"Feature","id":"eoy-2c3ede07d87f","geometry":{"type":"Point","coordinates":[-73.977125640885,40.7796704135]},"properties":{"id":"eoy-2c3ede07d87f","name":"ASSET","legalName":"329 HOSPITALITY GROUP LLC","street":"329 COLUMBUS AVENUE","neighborhood":"NEW YORK","borough":"Manhattan","zip":"10023","type":"sidewalk","status":"Issued","licenseIssued":"2026-07-20","licenseExpires":"2030-07-20","nta":"MN0702","bbl":"1011280001","sid":["row-q8zz.untu.bkuy"]}},{"type":"Feature","id":"eoy-2c6618ab7f02","geometry":{"type":"Point","coordinates":[-73.992523979822,40.698496077933]},"properties":{"id":"eoy-2c6618ab7f02","name":"HEIGHTS FALAFEL","legalName":"HEIGHTS FALAFEL CORP","street":"78 HENRY STREET","neighborhood":"BROOKLYN","borough":"Brooklyn","zip":"11201","type":"sidewalk","status":"Issued","licenseIssued":"2026-05-15","licenseExpires":"2030-05-15","nta":"BK0201","bbl":"3002260024","sid":["row-9e3d.dcn3.eiqc"]}},{"type":"Feature","id":"eoy-2c6967d6bcbd","geometry":{"type":"Point","coordinates":[-73.996232400573,40.743296351728]},"properties":{"id":"eoy-2c6967d6bcbd","name":"THE COPPER STILL","legalName":"DLK RESTAURANTS LLC","street":"206 7 AVENUE","neighborhood":"NEW YORK","borough":"Manhattan","zip":"10011","type":"sidewalk","status":"Issued","licenseIssued":"2026-05-29","licenseExpires":"2030-05-29","nta":"MN0401","bbl":"1007710046","sid":["row-7zs5~ikcs.ybxi"]}},{"type":"Feature","id":"eoy-2c737128cf22","geometry":{"type":"Point","coordinates":[-73.993840463019,40.735704232923]},"properties":{"id":"eoy-2c737128cf22","name":"ARISTON FLOWERS & CAFE","legalName":"78 5TH AVENUE KAFENEIO INC","street":"78 5 AVENUE","neighborhood":"NEW YORK","borough":"Manhattan","zip":"10011","type":"sidewalk","status":"Issued","licenseIssued":"2026-02-27","licenseExpires":"2030-02-27","nta":"MN0202","bbl":"1005770041","sid":["row-54eg~cjyv~r8pr"]}},{"type":"Feature","id":"eoy-2c9c2b69afbc","geometry":{"type":"Point","coordinates":[-73.979248029701,40.678213309628]},"properties":{"id":"eoy-2c9c2b69afbc","name":"WILD","legalName":"WILD LIVING LLC","street":"148 5 AVENUE","neighborhood":"BROOKLYN","borough":"Brooklyn","zip":"11217","type":"sidewalk","status":"Issued","licenseIssued":"2026-05-22","licenseExpires":"2030-05-22","nta":"BK0602","bbl":"3009460045","sid":["row-vjdi.x8c9-i3p4"]}},{"type":"Feature","id":"eoy-2ca054c57e4e","geometry":{"type":"Point","coordinates":[-73.955126741196,40.777232069721]},"properties":{"id":"eoy-2ca054c57e4e","name":"ISLE OF US","legalName":"1481 3RD AVE IOU LLC","street":"1481 3 AVENUE","neighborhood":"NEW YORK","borough":"Manhattan","zip":"10028","type":"both","status":"Issued","licenseIssued":"2026-06-12","licenseExpires":"2030-06-12","nta":"MN0803","bbl":"1015290045","sid":["row-eqf6_ekry.8hw4","row-nugc~abbf.nmng"]}},{"type":"Feature","id":"eoy-2ca65a574d57","geometry":{"type":"Point","coordinates":[-73.992731195886,40.683397093264]},"properties":{"id":"eoy-2ca65a574d57","name":"BIG TINY","legalName":"BENDOM BROOKLYN INC","street":"244 SMITH STREET","neighborhood":"BROOKLYN","borough":"Brooklyn","zip":"11231","type":"sidewalk","status":"Issued","licenseIssued":"2026-07-02","licenseExpires":"2030-07-02","nta":"BK0601","bbl":"3004140036","sid":["row-gnds-tjzc-vevu"]}},{"type":"Feature","id":"eoy-2d2fb9c4b457","geometry":{"type":"Point","coordinates":[-73.960235440924,40.814008107473]},"properties":{"id":"eoy-2d2fb9c4b457","name":"KURO KUMA ESPRESSO & COFFEE","legalName":"JACK OF HEARTS COFFEE, LLC","street":"121 LASALLE STREET","neighborhood":"NEW YORK","borough":"Manhattan","zip":"10027","type":"sidewalk","status":"Issued","licenseIssued":"2026-06-19","licenseExpires":"2030-06-19","nta":"MN0901","bbl":"1019930073","sid":["row-v2wn_trug.xxm8"]}},{"type":"Feature","id":"eoy-2d49c611d9a5","geometry":{"type":"Point","coordinates":[-73.98941189563,40.719740351033]},"properties":{"id":"eoy-2d49c611d9a5","name":"LUCKY JACK'S","legalName":"ALPHA 129 REST. LLC","street":"129 ORCHARD STREET","neighborhood":"NEW YORK","borough":"Manhattan","zip":"10002","type":"sidewalk","status":"Issued","licenseIssued":"2026-09-25","licenseExpires":"2030-09-25","nta":"MN0302","bbl":"1004150072","sid":["row-i5fk~36er~5wq3"]}},{"type":"Feature","id":"eoy-2d8090d66325","geometry":{"type":"Point","coordinates":[-73.994271265642,40.761255237502]},"properties":{"id":"eoy-2d8090d66325","name":"SENZA GLUTEN BY JEMIKO","legalName":"CHEF JEMIKO INC.","street":"626 10 AVENUE","neighborhood":"NEW YORK","borough":"Manhattan","zip":"10036","type":"sidewalk","status":"Issued","licenseIssued":"2026-07-20","licenseExpires":"2030-07-20","nta":"MN0402","bbl":"1010540001","sid":["row-6tyb.w7r8.e8z4"]}},{"type":"Feature","id":"eoy-2dc1c2b64097","geometry":{"type":"Point","coordinates":[-73.957741325522,40.719820886998]},"properties":{"id":"eoy-2dc1c2b64097","name":"CHEESEBOAT","legalName":"CHEESEBOAT LLC","street":"80 BERRY STREET","neighborhood":"BROOKLYN","borough":"Brooklyn","zip":"11249","type":"roadway","status":"Issued","licenseIssued":"2025-08-08","licenseExpires":"2029-08-08","nta":"BK0102","bbl":"3023030040","sid":["row-rv73~eusx-4k5w"]}},{"type":"Feature","id":"eoy-2dcda0378611","geometry":{"type":"Point","coordinates":[-73.952518525168,40.768988519305]},"properties":{"id":"eoy-2dcda0378611","name":"KOSSAR'S BAGELS & BIALYS / MISS WONTON DUMPLING","legalName":"AVIV75 LLC","street":"1409 YORK AVENUE","neighborhood":"NEW YORK","borough":"Manhattan","zip":"10021","type":"sidewalk","status":"Issued","licenseIssued":"2026-02-06","licenseExpires":"2030-02-06","nta":"MN0801","bbl":"1014700022","sid":["row-hghz.8sti.v7ji"]}},{"type":"Feature","id":"eoy-2e12cfe23bbc","geometry":{"type":"Point","coordinates":[-73.955175177187,40.732270174211]},"properties":{"id":"eoy-2e12cfe23bbc","name":"RADIO BAKERY","legalName":"RAMBLE ON PARTNERS LLC","street":"135 INDIA STREET","neighborhood":"BROOKLYN","borough":"Brooklyn","zip":"11222","type":"sidewalk","status":"Issued","licenseIssued":"2026-05-08","licenseExpires":"2030-05-08","nta":"BK0101","bbl":"3025320047","sid":["row-q7qs~vyeq.cy2r"]}},{"type":"Feature","id":"eoy-2e219b1a8a3c","geometry":{"type":"Point","coordinates":[-74.000101046356,40.743052129685]},"properties":{"id":"eoy-2e219b1a8a3c","name":"BAR BONOBO","legalName":"FOUR PROVINCES LLC","street":"184 8 AVENUE","neighborhood":"NEW YORK","borough":"Manhattan","zip":"10011","type":"sidewalk","status":"Issued","licenseIssued":"2026-06-19","licenseExpires":"2030-06-19","nta":"MN0401","bbl":"1007690003","sid":["row-cvi2-dw64~j8cq"]}},{"type":"Feature","id":"eoy-2e455149fd9f","geometry":{"type":"Point","coordinates":[-73.942460448842,40.723236964089]},"properties":{"id":"eoy-2e455149fd9f","name":"LITTLE DOKEBI","legalName":"Little Dokebi Inc.","street":"85 DRIGGS AVENUE","neighborhood":"BROOKLYN","borough":"Brooklyn","zip":"11222","type":"sidewalk","status":"Issued","licenseIssued":"2026-05-29","licenseExpires":"2030-05-29","nta":"BK0101","bbl":"3027040025","sid":["row-pgkq~6zav_di5b"]}},{"type":"Feature","id":"eoy-2ee06b75ad95","geometry":{"type":"Point","coordinates":[-73.98601125899,40.730856290865]},"properties":{"id":"eoy-2ee06b75ad95","name":"FIVE GUYS BURGERS & FRIES","legalName":"FGNY 188 SECOND AVENUE LLC","street":"188 2 AVENUE","neighborhood":"NEW YORK","borough":"Manhattan","zip":"10003","type":"sidewalk","status":"Issued","licenseIssued":"2026-04-17","licenseExpires":"2030-04-17","nta":"MN0303","bbl":"1004530008","sid":["row-xgd3.n8pu.ge7s"]}},{"type":"Feature","id":"eoy-2f109c78767e","geometry":{"type":"Point","coordinates":[-73.983089386167,40.742205496564]},"properties":{"id":"eoy-2f109c78767e","name":"BHATTI INDIAN GRILL","legalName":"Gourmet Club India Inc","street":"100 LEXINGTON AVENUE","neighborhood":"NEW YORK","borough":"Manhattan","zip":"10016","type":"both","status":"Issued","licenseIssued":"2026-02-13","licenseExpires":"2030-02-13","nta":"MN0602","bbl":"1008830020","sid":["row-4hrp_thhu-khsm","row-55tu~9s7n_z364"]}},{"type":"Feature","id":"eoy-2f9a3d8446ce","geometry":{"type":"Point","coordinates":[-73.986042648349,40.753171215883]},"properties":{"id":"eoy-2f9a3d8446ce","name":"STOUT NYC","legalName":"STOUT BRYANT PARK INC","street":"109 WEST 39 STREET","neighborhood":"NEW YORK","borough":"Manhattan","zip":"10018","type":"both","status":"Issued","licenseIssued":"2026-08-21","licenseExpires":"2030-08-21","nta":"MN0502","bbl":"1008150021","sid":["row-avg5_5g7s~rmk6","row-hxy2_xm38-2tmc"]}},{"type":"Feature","id":"eoy-2fdfeb4f8a16","geometry":{"type":"Point","coordinates":[-73.955592315647,40.804498606427]},"properties":{"id":"eoy-2fdfeb4f8a16","name":"SILVANA","legalName":"Sivan design LLC","street":"300 WEST 116 STREET","neighborhood":"NEW YORK","borough":"Manhattan","zip":"10026","type":"sidewalk","status":"Issued","licenseIssued":"2026-04-24","licenseExpires":"2030-04-24","nta":"MN1001","bbl":"1018480053","sid":["row-md7c~f3mq.5t2v"]}},{"type":"Feature","id":"eoy-300f7e93dc85","geometry":{"type":"Point","coordinates":[-73.982559179975,40.727405647501]},"properties":{"id":"eoy-300f7e93dc85","name":"VILLAGE SQUARE PIZZA","legalName":"THE VILLAGE SQUARE PIZZA INC","street":"147 AVENUE A","neighborhood":"NEW YORK","borough":"Manhattan","zip":"10009","type":"roadway","status":"Issued","licenseIssued":"2025-10-03","licenseExpires":"2029-10-03","nta":"MN0303","bbl":"1004370030","sid":["row-idr5_i6qd.yd4h"]}},{"type":"Feature","id":"eoy-30206e6f2dd9","geometry":{"type":"Point","coordinates":[-73.979673645442,40.677582087478]},"properties":{"id":"eoy-30206e6f2dd9","name":"MAYA TAQUERIA","legalName":"JOSEPH FOOD 1 CORP","street":"168 5 AVENUE","neighborhood":"BROOKLYN","borough":"Brooklyn","zip":"11217","type":"sidewalk","status":"Issued","licenseIssued":"2025-12-19","licenseExpires":"2029-12-19","nta":"BK0602","bbl":"3009490044","sid":["row-ed4j_9iw7-zha6"]}},{"type":"Feature","id":"eoy-3031d7459dde","geometry":{"type":"Point","coordinates":[-73.929927703716,40.767214816187]},"properties":{"id":"eoy-3031d7459dde","name":"ROSA'S PIZZA","legalName":"3101 JSC INC","street":"31-01 21 STREET","neighborhood":"ASTORIA","borough":"Queens","zip":"11106","type":"sidewalk","status":"Issued","licenseIssued":"2026-08-07","licenseExpires":"2030-08-07","nta":"QN0102","bbl":"4005520018","sid":["row-5gwb.ya9i-mhcz"]}},{"type":"Feature","id":"eoy-305ff6cc617a","geometry":{"type":"Point","coordinates":[-73.979822080465,40.73489017347]},"properties":{"id":"eoy-305ff6cc617a","name":"HANE SUSHI","legalName":"HANE SUSHI, INC.","street":"346 1 AVENUE","neighborhood":"NEW YORK","borough":"Manhattan","zip":"10009","type":"sidewalk","status":"Issued","licenseIssued":"2026-05-08","licenseExpires":"2030-05-08","nta":"MN0601","bbl":"1009720001","sid":["row-dwt4-97ru.bp26"]}},{"type":"Feature","id":"eoy-307e85238f38","geometry":{"type":"Point","coordinates":[-73.992122982071,40.734718757472]},"properties":{"id":"eoy-307e85238f38","name":"LITTLE ITALY PIZZA III","legalName":"MK FOODS SERVICE CORP.","street":"122 UNIVERSITY PLACE","neighborhood":"NEW YORK","borough":"Manhattan","zip":"10003","type":"sidewalk","status":"Issued","licenseIssued":"2026-07-21","licenseExpires":"2030-07-21","nta":"MN0202","bbl":"1005710025","sid":["row-gp4x-p78w.qqbn"]}},{"type":"Feature","id":"eoy-3091493c0819","geometry":{"type":"Point","coordinates":[-73.95133335563,40.583364365701]},"properties":{"id":"eoy-3091493c0819","name":"WILDBERRY CAKE","legalName":"A & I CAKE CORPORATION","street":"1715 EMMONS AVENUE","neighborhood":"BROOKLYN","borough":"Brooklyn","zip":"11235","type":"both","status":"Issued","licenseIssued":"2025-08-22","licenseExpires":"2029-08-22","nta":"BK1503","bbl":"3087710129","sid":["row-8kw6-699q_bh94","row-nu6h.5yyd.e5rd"]}},{"type":"Feature","id":"eoy-30953ab9c121","geometry":{"type":"Point","coordinates":[-73.960075392603,40.719835447101]},"properties":{"id":"eoy-30953ab9c121","name":"CAFE MOGADOR","legalName":"CAFE MOGADOR LLC","street":"133 WYTHE AVENUE","neighborhood":"BROOKLYN","borough":"Brooklyn","zip":"11249","type":"roadway","status":"Issued","licenseIssued":"2025-05-23","licenseExpires":"2029-05-23","nta":"BK0102","bbl":"3023180002","sid":["row-5wxy~8mu3~utdd"]}},{"type":"Feature","id":"eoy-30980854de35","geometry":{"type":"Point","coordinates":[-74.000927445893,40.741956965694]},"properties":{"id":"eoy-30980854de35","name":"SHAFFER'S","legalName":"8BELLES LLC","street":"151 8 AVENUE","neighborhood":"NEW YORK","borough":"Manhattan","zip":"10011","type":"both","status":"Issued","licenseIssued":"2025-10-03","licenseExpires":"2029-10-03","nta":"MN0401","bbl":"1007410034","sid":["row-4qpm.irfi_rk3r","row-cx68_6faj_e8s3"]}},{"type":"Feature","id":"eoy-3099d9b60f5b","geometry":{"type":"Point","coordinates":[-73.971239223861,40.6899756842]},"properties":{"id":"eoy-3099d9b60f5b","name":"DICK AND JANE'S","legalName":"ADELPHI BROTHERS TAVERN & LOUNGE, INC.","street":"266 ADELPHI STREET","neighborhood":"BROOKLYN","borough":"Brooklyn","zip":"11205","type":"both","status":"Issued","licenseIssued":"2026-04-24","licenseExpires":"2030-04-24","nta":"BK0203","bbl":"3020900065","sid":["row-883z-dki2.r6i7","row-k9t8.9vrd~6izs"]}},{"type":"Feature","id":"eoy-30b80d9aa92a","geometry":{"type":"Point","coordinates":[-74.005975845698,40.73944810039]},"properties":{"id":"eoy-30b80d9aa92a","name":"SIRRAH","legalName":"1LW12 RESTAURANT LLC","street":"1 LITTLE WEST 12 STREET","neighborhood":"NEW YORK","borough":"Manhattan","zip":"10014","type":"sidewalk","status":"Issued","licenseIssued":"2026-09-04","licenseExpires":"2030-09-04","nta":"MN0203","bbl":"1006280001","sid":["row-75hz_5gex.qsty"]}},{"type":"Feature","id":"eoy-30e9ed29b123","geometry":{"type":"Point","coordinates":[-74.00347459004,40.730008958719]},"properties":{"id":"eoy-30e9ed29b123","name":"SULLALUNA","legalName":"SULLALUNA NEW YORK LLC","street":"41 CARMINE STREET","neighborhood":"NEW YORK","borough":"Manhattan","zip":"10014","type":"sidewalk","status":"Issued","licenseIssued":"2026-08-21","licenseExpires":"2030-08-21","nta":"MN0203","bbl":"1005860038","sid":["row-pvpc~zhyn.pt7t"]}},{"type":"Feature","id":"eoy-3117cf7a9682","geometry":{"type":"Point","coordinates":[-73.987799541633,40.738215208485]},"properties":{"id":"eoy-3117cf7a9682","name":"L'EXPRESS","legalName":"PARK AVE CAKE LLC","street":"249 PARK AVENUE SOUTH","neighborhood":"NEW YORK","borough":"Manhattan","zip":"10003","type":"both","status":"Issued","licenseIssued":"2025-08-15","licenseExpires":"2029-08-15","nta":"MN0602","bbl":"1008750079","sid":["row-58f6_y5zx-5ffp","row-qm43_mjtm~udmj"]}},{"type":"Feature","id":"eoy-3128c68a8dd2","geometry":{"type":"Point","coordinates":[-73.945066186347,40.778753779513]},"properties":{"id":"eoy-3128c68a8dd2","name":"CHEZ NICK","legalName":"CHEZ NICK LLC","street":"1737 YORK AVENUE","neighborhood":"NEW YORK","borough":"Manhattan","zip":"10128","type":"sidewalk","status":"Issued","licenseIssued":"2026-04-17","licenseExpires":"2030-04-17","nta":"MN0803","bbl":"1015700024","sid":["row-5h9e-qtzc-ehrx"]}},{"type":"Feature","id":"eoy-313be3d6c702","geometry":{"type":"Point","coordinates":[-73.9783873687,40.785958886677]},"properties":{"id":"eoy-313be3d6c702","name":"CAFE EIGHTY TWO","legalName":"P&C RESTAURANT GROUP OF MANHATTAN, INC","street":"2282 BROADWAY","neighborhood":"NEW YORK","borough":"Manhattan","zip":"10024","type":"sidewalk","status":"Issued","licenseIssued":"2026-06-05","licenseExpires":"2030-06-05","nta":"MN0702","bbl":"1012307501","sid":["row-ex24~6ieg-xuks"]}},{"type":"Feature","id":"eoy-313c5cf33f79","geometry":{"type":"Point","coordinates":[-73.992629129726,40.725899860012]},"properties":{"id":"eoy-313c5cf33f79","name":"FISH CHEEKS","legalName":"55 BOND STREET LLC","street":"55 BOND STREET","neighborhood":"NEW YORK","borough":"Manhattan","zip":"10012","type":"roadway","status":"Issued","licenseIssued":"2025-06-27","licenseExpires":"2029-06-27","nta":"MN0202","bbl":"1005290035","sid":["row-uwu8_xdsd~zpni"]}},{"type":"Feature","id":"eoy-3156d509260a","geometry":{"type":"Point","coordinates":[-73.995810819292,40.733003473564]},"properties":{"id":"eoy-3156d509260a","name":"CLAUDETTE","legalName":"24 5TH AVE LLC","street":"24 5 AVENUE","neighborhood":"NEW YORK","borough":"Manhattan","zip":"10011","type":"sidewalk","status":"Issued","licenseIssued":"2026-07-24","licenseExpires":"2030-07-24","nta":"MN0202","bbl":"1005730043","sid":["row-jds2_tjcv.akdm"]}},{"type":"Feature","id":"eoy-3158b2aab1ad","geometry":{"type":"Point","coordinates":[-73.921643309869,40.763465608974]},"properties":{"id":"eoy-3158b2aab1ad","name":"BAREBURGER","legalName":"3321 ASTORIA INC","street":"33-21 31 AVENUE","neighborhood":"ASTORIA","borough":"Queens","zip":"11106","type":"sidewalk","status":"Issued","licenseIssued":"2026-02-27","licenseExpires":"2030-02-27","nta":"QN0103","bbl":"4006250001","sid":["row-bcpu_pety-j3s4"]}},{"type":"Feature","id":"eoy-31b1994d28ba","geometry":{"type":"Point","coordinates":[-73.908076721621,40.774280869311]},"properties":{"id":"eoy-31b1994d28ba","name":"TAVERNA KYCLADES","legalName":"TAVERNA KYCLADES 36 LLC","street":"36-01 DITMARS BOULEVARD","neighborhood":"ASTORIA","borough":"Queens","zip":"11105","type":"sidewalk","status":"Issued","licenseIssued":"2026-08-07","licenseExpires":"2030-08-07","nta":"QN0101","bbl":"4008230001","sid":["row-gv3u.7ee9~hnb6"]}},{"type":"Feature","id":"eoy-31bf5373026d","geometry":{"type":"Point","coordinates":[-73.984848149419,40.736507613542]},"properties":{"id":"eoy-31bf5373026d","name":"ELENI'S","legalName":"TZELLA LLC","street":"226 3 AVENUE","neighborhood":"NEW YORK","borough":"Manhattan","zip":"10003","type":"both","status":"Issued","licenseIssued":"2026-05-01","licenseExpires":"2030-05-01","nta":"MN0602","bbl":"1008750040","sid":["row-gykx.2xnc.6rv2","row-xdwy~aeb5_ss8v"]}},{"type":"Feature","id":"eoy-31fc59853657","geometry":{"type":"Point","coordinates":[-73.960812998275,40.778128941659]},"properties":{"id":"eoy-31fc59853657","name":"NECTAR","legalName":"NECTAR RESTAURANT CORP.","street":"1090 MADISON AVENUE","neighborhood":"NEW YORK","borough":"Manhattan","zip":"10028","type":"roadway","status":"Issued","licenseIssued":"2026-04-24","licenseExpires":"2030-04-24","nta":"MN0802","bbl":"1014937503","sid":["row-mgdp_8tjv-eits"]}},{"type":"Feature","id":"eoy-3200c6bb93e0","geometry":{"type":"Point","coordinates":[-73.917262644205,40.764944704143]},"properties":{"id":"eoy-3200c6bb93e0","name":"GYRO WORLD","legalName":"GW ASTORIA LLC","street":"36-02 30 AVENUE","neighborhood":"ASTORIA","borough":"Queens","zip":"11103","type":"sidewalk","status":"Issued","licenseIssued":"2026-08-14","licenseExpires":"2030-08-14","nta":"QN0103","bbl":"4006510042","sid":["row-6bt4~g7tj.fk4q"]}},{"type":"Feature","id":"eoy-321ffb40ad4c","geometry":{"type":"Point","coordinates":[-73.995815032179,40.72341326198]},"properties":{"id":"eoy-321ffb40ad4c","name":"MOMOYA SOHO","legalName":"MPRINCE INC.","street":"47 PRINCE STREET","neighborhood":"NEW YORK","borough":"Manhattan","zip":"10012","type":"both","status":"Issued","licenseIssued":"2026-05-22","licenseExpires":"2030-05-22","nta":"MN0201","bbl":"1005100025","sid":["row-bjvx~663w-z4rq","row-ticn~2a82~k49c"]}},{"type":"Feature","id":"eoy-322374808277","geometry":{"type":"Point","coordinates":[-73.967178632672,40.763619413331]},"properties":{"id":"eoy-322374808277","name":"SWEETGREEN","legalName":"SWEETGREEN NEW YORK LLC","street":"786 LEXINGTON AVENUE","neighborhood":"NEW YORK","borough":"Manhattan","zip":"10065","type":"sidewalk","status":"Issued","licenseIssued":"2026-09-11","licenseExpires":"2030-09-11","nta":"MN0802","bbl":"1013960115","sid":["row-va3q-2awb.ehwj"]}},{"type":"Feature","id":"eoy-327fada43d18","geometry":{"type":"Point","coordinates":[-73.933966004134,40.754130199222]},"properties":{"id":"eoy-327fada43d18","name":"DK PUBLIC","legalName":"ORIGINALBEEBEAVE, LLC","street":"38-40 29 STREET","neighborhood":"LONG ISLAND CITY","borough":"Queens","zip":"11101","type":"both","status":"Issued","licenseIssued":"2026-07-21","licenseExpires":"2030-07-21","nta":"QN0105","bbl":"4003850031","sid":["row-6mu7~24f5_maiw","row-aeu6_2kim.hg7i"]}},{"type":"Feature","id":"eoy-32a48a77dcf1","geometry":{"type":"Point","coordinates":[-73.994643112416,40.760777667525]},"properties":{"id":"eoy-32a48a77dcf1","name":"MEME","legalName":"TOR RESTAURANT LLC","street":"607 10 AVENUE","neighborhood":"NEW YORK","borough":"Manhattan","zip":"10036","type":"sidewalk","status":"Issued","licenseIssued":"2026-06-26","licenseExpires":"2030-06-26","nta":"MN0402","bbl":"1010720036","sid":["row-yf77~kje5-wm8k"]}},{"type":"Feature","id":"eoy-32c69daf84dd","geometry":{"type":"Point","coordinates":[-73.975913560271,40.78646068392]},"properties":{"id":"eoy-32c69daf84dd","name":"GELATERIA GENTILE","legalName":"LATTE 498 LLC","street":"498 AMSTERDAM AVENUE","neighborhood":"NEW YORK","borough":"Manhattan","zip":"10024","type":"sidewalk","status":"Issued","licenseIssued":"2026-07-21","licenseExpires":"2030-07-21","nta":"MN0702","bbl":"1012320029","sid":["row-g56g.etix~bcbv"]}},{"type":"Feature","id":"eoy-32d36cb16f46","geometry":{"type":"Point","coordinates":[-73.971978728216,40.791853227041]},"properties":{"id":"eoy-32d36cb16f46","name":"TALIA'S STEAKHOUSE","legalName":"TALIA'S RESTAURANT GROUP, LLC","street":"668 AMSTERDAM AVENUE","neighborhood":"NEW YORK","borough":"Manhattan","zip":"10025","type":"sidewalk","status":"Issued","licenseIssued":"2025-06-27","licenseExpires":"2029-06-27","nta":"MN0702","bbl":"1012400036","sid":["row-8fdc_spxj~3mey"]}},{"type":"Feature","id":"eoy-32e04aff7a5e","geometry":{"type":"Point","coordinates":[-73.969336277115,40.765969522515]},"properties":{"id":"eoy-32e04aff7a5e","name":"MAJORELLE","legalName":"POST HOUSE INVESTORS LP","street":"28 EAST 63 STREET","neighborhood":"NEW YORK","borough":"Manhattan","zip":"10065","type":"sidewalk","status":"Issued","licenseIssued":"2026-07-24","licenseExpires":"2030-07-24","nta":"MN0802","bbl":"1013770047","sid":["row-vr8e-anjx~igrs"]}},{"type":"Feature","id":"eoy-32f3a2babbb6","geometry":{"type":"Point","coordinates":[-74.004008110129,40.722106759214]},"properties":{"id":"eoy-32f3a2babbb6","name":"A. PASTA BAR","legalName":"330 WB OPERATIONS LLC","street":"330 WEST BROADWAY","neighborhood":"NEW YORK","borough":"Manhattan","zip":"10013","type":"both","status":"Issued","licenseIssued":"2025-06-18","licenseExpires":"2029-06-18","nta":"MN0201","bbl":"1002270022","sid":["row-3xe2_qug5-vjn4","row-icz5.wmht~kexh"]}},{"type":"Feature","id":"eoy-3309cd6617af","geometry":{"type":"Point","coordinates":[-73.992662743547,40.748201068465]},"properties":{"id":"eoy-3309cd6617af","name":"MUSTANG HARRY'S","legalName":"352 RESTAURANT CORP","street":"352 SEVENTH AVENUE","neighborhood":"NEW YORK","borough":"Manhattan","zip":"10001","type":"sidewalk","status":"Issued","licenseIssued":"2026-07-24","licenseExpires":"2030-07-24","nta":"MN0501","bbl":"1007790041","sid":["row-6nii.n2d3~27u8"]}},{"type":"Feature","id":"eoy-332b2910d73f","geometry":{"type":"Point","coordinates":[-73.90797572675,40.774209424718]},"properties":{"id":"eoy-332b2910d73f","name":"MARTHA'S COUNTRY BAKERY","legalName":"G.V.S. BAKERY INC","street":"36-21 DITMARS BOULEVARD","neighborhood":"ASTORIA","borough":"Queens","zip":"11105","type":"sidewalk","status":"Issued","licenseIssued":"2026-08-07","licenseExpires":"2030-08-07","nta":"QN0101","bbl":"4008230066","sid":["row-psfn.ru6z-irzr"]}},{"type":"Feature","id":"eoy-3338fbf094b7","geometry":{"type":"Point","coordinates":[-73.92402813864,40.76462001104]},"properties":{"id":"eoy-3338fbf094b7","name":"UNDER PRESSURE","legalName":"UNDER PRESSURE COFFEE INC","street":"30-19 31 AVENUE","neighborhood":"ASTORIA","borough":"Queens","zip":"11106","type":"sidewalk","status":"Issued","licenseIssued":"2026-07-20","licenseExpires":"2030-07-20","nta":"QN0103","bbl":"4005910020","sid":["row-h4hm-vx98-r9gc"]}},{"type":"Feature","id":"eoy-33607deb7caa","geometry":{"type":"Point","coordinates":[-73.978436940505,40.777878343032]},"properties":{"id":"eoy-33607deb7caa","name":"ZUCKER'S BAGELS & SMOKED FISH","legalName":"ZUCKER'S COLUMBUS LLC","street":"273 COLUMBUS AVENUE","neighborhood":"NEW YORK","borough":"Manhattan","zip":"10023","type":"both","status":"Issued","licenseIssued":"2026-05-01","licenseExpires":"2030-05-01","nta":"MN0701","bbl":"1011250062","sid":["row-8ikx-jge5~bz6f","row-m9s5.ksuk-dpau"]}},{"type":"Feature","id":"eoy-33a9342a3421","geometry":{"type":"Point","coordinates":[-74.00212173884,40.735712612957]},"properties":{"id":"eoy-33a9342a3421","name":"SOGNO TOSCANO","legalName":"SOGNO 85TH LLC","street":"17 PERRY STREET","neighborhood":"NEW YORK","borough":"Manhattan","zip":"10014","type":"sidewalk","status":"Issued","licenseIssued":"2026-02-27","licenseExpires":"2030-02-27","nta":"MN0203","bbl":"1006130028","sid":["row-ejwx.sppx_s6eu"]}},{"type":"Feature","id":"eoy-33d367126a65","geometry":{"type":"Point","coordinates":[-73.979617037801,40.76640101651]},"properties":{"id":"eoy-33d367126a65","name":"BRASSERIE COGNAC","legalName":"CAFE SERAFINA 58TH STREET LLC","street":"922 7 AVENUE","neighborhood":"NEW YORK","borough":"Manhattan","zip":"10019","type":"both","status":"Issued","licenseIssued":"2026-09-02","licenseExpires":"2030-09-02","nta":"MN0502","bbl":"1010300029","sid":["row-82xn~feqd_gntn","row-uy5v_zyfx_idum"]}},{"type":"Feature","id":"eoy-346c9fd9b923","geometry":{"type":"Point","coordinates":[-73.989597973514,40.729401946523]},"properties":{"id":"eoy-346c9fd9b923","name":"RAY'S PIZZA BAGEL CAFE","legalName":"agoriani inc","street":"2 SAINT MARKS PLACE","neighborhood":"NEW YORK","borough":"Manhattan","zip":"10003","type":"sidewalk","status":"Issued","licenseIssued":"2026-08-07","licenseExpires":"2030-08-07","nta":"MN0303","bbl":"1004630007","sid":["row-sh28-f7ua_hy9q"]}},{"type":"Feature","id":"eoy-347c153c41ad","geometry":{"type":"Point","coordinates":[-74.008589545893,40.719847564063]},"properties":{"id":"eoy-347c153c41ad","name":"BUBBY'S","legalName":"BUBBY'S PIE CO INC","street":"120 HUDSON STREET","neighborhood":"NEW YORK","borough":"Manhattan","zip":"10013","type":"both","status":"Issued","licenseIssued":"2026-05-08","licenseExpires":"2030-05-08","nta":"MN0102","bbl":"1001890020","sid":["row-9aps-ptca_cq6r","row-euxp.gxe3.nm89"]}},{"type":"Feature","id":"eoy-347c787c26cf","geometry":{"type":"Point","coordinates":[-73.972732440747,40.785699676137]},"properties":{"id":"eoy-347c787c26cf","name":"THE VIAND","legalName":"EGS LLC","street":"517 COLUMBUS AVENUE","neighborhood":"NEW YORK","borough":"Manhattan","zip":"10024","type":"sidewalk","status":"Issued","licenseIssued":"2026-07-20","licenseExpires":"2030-07-20","nta":"MN0702","bbl":"1011987502","sid":["row-3qua_uetw~4ici"]}},{"type":"Feature","id":"eoy-3487b916fa92","geometry":{"type":"Point","coordinates":[-74.000469177384,40.747803311708]},"properties":{"id":"eoy-3487b916fa92","name":"CITIZENS OF CHELSEA","legalName":"CITIZENS OF CHELSEA LLC","street":"401 WEST 25 STREET","neighborhood":"NEW YORK","borough":"Manhattan","zip":"10001","type":"sidewalk","status":"Issued","licenseIssued":"2026-07-21","licenseExpires":"2030-07-21","nta":"MN0401","bbl":"1007237502","sid":["row-aep4-9yze-myk4"]}},{"type":"Feature","id":"eoy-34e6df38a369","geometry":{"type":"Point","coordinates":[-74.007985286781,40.734872456791]},"properties":{"id":"eoy-34e6df38a369","name":"THE OTHEROOM","legalName":"THE OTHEROOM, INC.","street":"143 PERRY STREET","neighborhood":"NEW YORK","borough":"Manhattan","zip":"10014","type":"both","status":"Issued","licenseIssued":"2026-04-24","licenseExpires":"2030-04-24","nta":"MN0203","bbl":"1006330034","sid":["row-eggi~6cyk~fvjp","row-s4vf-9hks~bzmb"]}},{"type":"Feature","id":"eoy-352711149cf5","geometry":{"type":"Point","coordinates":[-73.980115067741,40.780697508067]},"properties":{"id":"eoy-352711149cf5","name":"PLAYA BETTY'S / WEST SIDE COMEDY CLUB","legalName":"CACTUS PEAR LLC","street":"320 AMSTERDAM AVENUE","neighborhood":"NEW YORK","borough":"Manhattan","zip":"10023","type":"sidewalk","status":"Issued","licenseIssued":"2026-06-12","licenseExpires":"2030-06-12","nta":"MN0702","bbl":"1011670029","sid":["row-yj5f-ahdq.v47t"]}},{"type":"Feature","id":"eoy-352bdec51642","geometry":{"type":"Point","coordinates":[-73.995782729812,40.720781029127]},"properties":{"id":"eoy-352bdec51642","name":"THAI DINER","legalName":"UNCLE BOON'S LLC","street":"186 MOTT STREET","neighborhood":"NEW YORK","borough":"Manhattan","zip":"10012","type":"sidewalk","status":"Issued","licenseIssued":"2026-04-03","licenseExpires":"2030-04-03","nta":"MN0201","bbl":"1004790003","sid":["row-nx24~6zsa_ri8w"]}},{"type":"Feature","id":"eoy-3536d0e953bb","geometry":{"type":"Point","coordinates":[-73.929046418262,40.639332635199]},"properties":{"id":"eoy-3536d0e953bb","name":"BAMBOO WALK","legalName":"BAMBOO WALK, LLC","street":"1349 UTICA AVENUE","neighborhood":"BROOKLYN","borough":"Brooklyn","zip":"11203","type":"sidewalk","status":"Issued","licenseIssued":"2026-09-11","licenseExpires":"2030-09-11","nta":"BK1702","bbl":"3047850001","sid":["row-u2t4_tmue_ku4a"]}},{"type":"Feature","id":"eoy-353716f182a9","geometry":{"type":"Point","coordinates":[-73.977586313092,40.784136217597]},"properties":{"id":"eoy-353716f182a9","name":"MAMAN","legalName":"MAMAN UWS LLC","street":"429 AMSTERDAM AVENUE","neighborhood":"NEW YORK","borough":"Manhattan","zip":"10024","type":"roadway","status":"Issued","licenseIssued":"2025-08-22","licenseExpires":"2029-08-22","nta":"MN0702","bbl":"1012110063","sid":["row-indu.96mk.au62"]}},{"type":"Feature","id":"eoy-3556ad813975","geometry":{"type":"Point","coordinates":[-73.950620201915,40.748717671596]},"properties":{"id":"eoy-3556ad813975","name":"THE SHANNON POT","legalName":"SPICEROAD LLC","street":"10-50 44 DRIVE","neighborhood":"LONG ISLAND CITY","borough":"Queens","zip":"11101","type":"sidewalk","status":"Issued","licenseIssued":"2026-07-24","licenseExpires":"2030-07-24","nta":"QN0201","bbl":"4000510024","sid":["row-4628_izwz~jtpd"]}},{"type":"Feature","id":"eoy-357be40475c7","geometry":{"type":"Point","coordinates":[-73.997655145358,40.718588013358]},"properties":{"id":"eoy-357be40475c7","name":"ZIA MARIA LITTLE ITALY","legalName":"ZIA MARIA LITTLE ITALY INC","street":"138 MULBERRY STREET","neighborhood":"NEW YORK","borough":"Manhattan","zip":"10013","type":"both","status":"Issued","licenseIssued":"2025-11-21","licenseExpires":"2029-11-21","nta":"MN0201","bbl":"1002377501","sid":["row-njvp_rxr6~9p33","row-t84c~py4p~r47j"]}},{"type":"Feature","id":"eoy-358fbdec0134","geometry":{"type":"Point","coordinates":[-73.918277371132,40.767616080869]},"properties":{"id":"eoy-358fbdec0134","name":"FAVELA","legalName":"HYGIEUSA, INC.","street":"33-18 28 AVENUE","neighborhood":"ASTORIA","borough":"Queens","zip":"11103","type":"sidewalk","status":"Issued","licenseIssued":"2026-06-25","licenseExpires":"2030-06-25","nta":"QN0103","bbl":"4006270024","sid":["row-b3qg_f3vs-symk"]}},{"type":"Feature","id":"eoy-359265af9aa2","geometry":{"type":"Point","coordinates":[-73.991505417587,40.738918202208]},"properties":{"id":"eoy-359265af9aa2","name":"MITI MITI MODERN MEXICAN","legalName":"WEPA LA AREPA LLC","street":"138 5 AVENUE","neighborhood":"NEW YORK","borough":"Manhattan","zip":"10011","type":"both","status":"Issued","licenseIssued":"2026-05-01","licenseExpires":"2030-05-01","nta":"MN0501","bbl":"1008200046","sid":["row-c84p-9g4z.yiyf","row-qkfy-m4cj_izhd"]}},{"type":"Feature","id":"eoy-3594f9e853dc","geometry":{"type":"Point","coordinates":[-73.982997126841,40.764256886043]},"properties":{"id":"eoy-3594f9e853dc","name":"EMPIRE STEAKHOUSE","legalName":"RJJ RESTAURANT LLC","street":"237 WEST 54 STREET","neighborhood":"NEW YORK","borough":"Manhattan","zip":"10019","type":"sidewalk","status":"Issued","licenseIssued":"2026-07-21","licenseExpires":"2030-07-21","nta":"MN0502","bbl":"1010260012","sid":["row-6yma-i8nj.sws5"]}},{"type":"Feature","id":"eoy-359be1e750be","geometry":{"type":"Point","coordinates":[-73.97769468287,40.784020959099]},"properties":{"id":"eoy-359be1e750be","name":"THE HOPTIMIST","legalName":"LOCH MORLICH LLC","street":"422 AMSTERDAM AVENUE","neighborhood":"NEW YORK","borough":"Manhattan","zip":"10024","type":"roadway","status":"Issued","licenseIssued":"2026-03-20","licenseExpires":"2030-03-20","nta":"MN0702","bbl":"1012280030","sid":["row-m74u_cmwi~494q"]}},{"type":"Feature","id":"eoy-359fdb91a388","geometry":{"type":"Point","coordinates":[-73.982094413718,40.765091155007]},"properties":{"id":"eoy-359fdb91a388","name":"SWEETGREEN","legalName":"SWEETGREEN NEW YORK LLC","street":"1740 BROADWAY","neighborhood":"NEW YORK","borough":"Manhattan","zip":"10019","type":"sidewalk","status":"Issued","licenseIssued":"2026-07-31","licenseExpires":"2030-07-31","nta":"MN0502","bbl":"1010270020","sid":["row-f9pb_s5ct~gy2b"]}},{"type":"Feature","id":"eoy-35a2cd08f50f","geometry":{"type":"Point","coordinates":[-73.997348372178,40.722051903254]},"properties":{"id":"eoy-35a2cd08f50f","name":"LUCKY'S","legalName":"LITTLE LUCKY'S, LLC","street":"224 LAFAYETTE STREET","neighborhood":"NEW YORK","borough":"Manhattan","zip":"10012","type":"sidewalk","status":"Issued","licenseIssued":"2026-04-17","licenseExpires":"2030-04-17","nta":"MN0201","bbl":"1004820024","sid":["row-umyf-744u_pckt"]}},{"type":"Feature","id":"eoy-3624b40f1885","geometry":{"type":"Point","coordinates":[-74.004056126384,40.740384148582]},"properties":{"id":"eoy-3624b40f1885","name":"JUICE GENERATION","legalName":"JUICE GENERATION INC","street":"350 WEST 14 STREET","neighborhood":"NEW YORK","borough":"Manhattan","zip":"10014","type":"sidewalk","status":"Issued","licenseIssued":"2026-08-07","licenseExpires":"2030-08-07","nta":"MN0203","bbl":"1006297502","sid":["row-hw2s~t96a_qvt4"]}},{"type":"Feature","id":"eoy-3624d0c11c0e","geometry":{"type":"Point","coordinates":[-73.985836157598,40.722901937131]},"properties":{"id":"eoy-3624d0c11c0e","name":"2A / BERLIN / OLD FLINGS","legalName":"SWAUTO LTD","street":"25 AVENUE A","neighborhood":"NEW YORK","borough":"Manhattan","zip":"10009","type":"both","status":"Issued","licenseIssued":"2026-05-29","licenseExpires":"2030-05-29","nta":"MN0303","bbl":"1004290033","sid":["row-bzjx_m493_ij9j","row-qq53.5yqd-e8nq"]}},{"type":"Feature","id":"eoy-363a0833ef97","geometry":{"type":"Point","coordinates":[-73.991419003112,40.765350238165]},"properties":{"id":"eoy-363a0833ef97","name":"IL MELOGRANO","legalName":"SIXSILY LLC","street":"501 WEST 51 STREET","neighborhood":"NEW YORK","borough":"Manhattan","zip":"10019","type":"sidewalk","status":"Issued","licenseIssued":"2026-05-15","licenseExpires":"2030-05-15","nta":"MN0402","bbl":"1010800028","sid":["row-bhmv_gued_k54m"]}},{"type":"Feature","id":"eoy-368b50373329","geometry":{"type":"Point","coordinates":[-73.985206389728,40.732000756953]},"properties":{"id":"eoy-368b50373329","name":"LITTLE REBEL","legalName":"K&L HOSPITALITY LLC","street":"219 2 AVENUE","neighborhood":"NEW YORK","borough":"Manhattan","zip":"10003","type":"sidewalk","status":"Issued","licenseIssued":"2026-06-05","licenseExpires":"2030-06-05","nta":"MN0303","bbl":"1004690034","sid":["row-5itt.3m6u.p4wy"]}},{"type":"Feature","id":"eoy-36b90702e6eb","geometry":{"type":"Point","coordinates":[-73.958990189193,40.71291824728]},"properties":{"id":"eoy-36b90702e6eb","name":"THE AM-THAI","legalName":"TUM RUB CORPORATION","street":"225 SOUTH 1 STREET","neighborhood":"BROOKLYN","borough":"Brooklyn","zip":"11211","type":"roadway","status":"Issued","licenseIssued":"2026-05-01","licenseExpires":"2030-05-01","nta":"BK0102","bbl":"3023940027","sid":["row-hc33.q43w-jrpc"]}},{"type":"Feature","id":"eoy-36c169a0c7bf","geometry":{"type":"Point","coordinates":[-73.943812034529,40.810037834945]},"properties":{"id":"eoy-36c169a0c7bf","name":"JUICERY HARLEM","legalName":"TASTE COLLECTION LLC","street":"370 LENOX AVENUE","neighborhood":"NEW YORK","borough":"Manhattan","zip":"10027","type":"sidewalk","status":"Issued","licenseIssued":"2026-07-21","licenseExpires":"2030-07-21","nta":"MN1002","bbl":"1017267503","sid":["row-hgim.8uzc-ybiz"]}},{"type":"Feature","id":"eoy-36cde09dacb8","geometry":{"type":"Point","coordinates":[-73.916894724604,40.773351630472]},"properties":{"id":"eoy-36cde09dacb8","name":"MACOLETTA","legalName":"MACOLETTA LLC","street":"28-15 24 AVENUE","neighborhood":"ASTORIA","borough":"Queens","zip":"11102","type":"both","status":"Issued","licenseIssued":"2026-06-19","licenseExpires":"2030-06-19","nta":"QN0101","bbl":"4008430076","sid":["row-swyc-x39e-ji2w","row-zyyb_8aud-w529"]}},{"type":"Feature","id":"eoy-36e09ee9665f","geometry":{"type":"Point","coordinates":[-73.947967262133,40.781252857262]},"properties":{"id":"eoy-36e09ee9665f","name":"THE DRUNKEN MUNKEY","legalName":"MACC HOSPITALITY LLC","street":"338 EAST 92 STREET","neighborhood":"NEW YORK","borough":"Manhattan","zip":"10128","type":"sidewalk","status":"Issued","licenseIssued":"2026-07-02","licenseExpires":"2030-07-02","nta":"MN0803","bbl":"1015540035","sid":["row-6ihs.qi7s_jd3x"]}},{"type":"Feature","id":"eoy-370f9493cee9","geometry":{"type":"Point","coordinates":[-73.983095835433,40.759390444511]},"properties":{"id":"eoy-370f9493cee9","name":"LITTLE ITALY PIZZA","legalName":"SEK PIZZA CORP.","street":"167 WEST 48 STREET","neighborhood":"NEW YORK","borough":"Manhattan","zip":"10036","type":"sidewalk","status":"Issued","licenseIssued":"2026-08-14","licenseExpires":"2030-08-14","nta":"MN0502","bbl":"1010010101","sid":["row-z4ir_5iyg.yjd2"]}},{"type":"Feature","id":"eoy-3712dd957cc3","geometry":{"type":"Point","coordinates":[-73.978473095031,40.766605638837]},"properties":{"id":"eoy-3712dd957cc3","name":"SOUTHGATE RESTAURANT, JW MARRIOT ESSEX HOUSE","legalName":"DTRS ESSEX HOUSE LLC","street":"160 CENTRAL PARK SOUTH","neighborhood":"NEW YORK","borough":"Manhattan","zip":"10019","type":"sidewalk","status":"Issued","licenseIssued":"2026-04-03","licenseExpires":"2030-04-03","nta":"MN0502","bbl":"1010117501","sid":["row-826b.fyhy-cbnx"]}},{"type":"Feature","id":"eoy-374781599adb","geometry":{"type":"Point","coordinates":[-74.000321120881,40.730201144472]},"properties":{"id":"eoy-374781599adb","name":"CAFFE REGGIO","legalName":"FABRIZIO CAVALLACCI","street":"119 MAC DOUGAL STREET","neighborhood":"NEW YORK","borough":"Manhattan","zip":"10012","type":"both","status":"Issued","licenseIssued":"2025-10-17","licenseExpires":"2029-10-17","nta":"MN0202","bbl":"1005430021","sid":["row-2ppm-ri3c~g8jj","row-cvp5-tmsi.cn7m"]}},{"type":"Feature","id":"eoy-3771cbcb0491","geometry":{"type":"Point","coordinates":[-73.96480068906,40.754945270541]},"properties":{"id":"eoy-3771cbcb0491","name":"NINO'S RISTORANTE","legalName":"1988 SAINTS LLC","street":"405 EAST 52 STREET","neighborhood":"NEW YORK","borough":"Manhattan","zip":"10022","type":"roadway","status":"Issued","licenseIssued":"2026-05-08","licenseExpires":"2030-05-08","nta":"MN0604","bbl":"1013640005","sid":["row-7z39.rb8f_t952"]}},{"type":"Feature","id":"eoy-378f77efd77c","geometry":{"type":"Point","coordinates":[-73.975852138569,40.786548503077]},"properties":{"id":"eoy-378f77efd77c","name":"CELESTE","legalName":"ROMAGICA CORP","street":"502 AMSTERDAM AVENUE","neighborhood":"NEW YORK","borough":"Manhattan","zip":"10024","type":"roadway","status":"Issued","licenseIssued":"2025-07-18","licenseExpires":"2029-07-18","nta":"MN0702","bbl":"1012320031","sid":["row-7tcz~223s~7eh9"]}},{"type":"Feature","id":"eoy-379fb4d01869","geometry":{"type":"Point","coordinates":[-74.000739628621,40.727343841457]},"properties":{"id":"eoy-379fb4d01869","name":"BLUE HAVEN","legalName":"GAMMA THOMPSON CORP","street":"108 WEST HOUSTON STREET","neighborhood":"NEW YORK","borough":"Manhattan","zip":"10012","type":"both","status":"Issued","licenseIssued":"2026-02-13","licenseExpires":"2030-02-13","nta":"MN0202","bbl":"1005250025","sid":["row-fdec~yuck_7ytb","row-pg76.uann~m2k8"]}},{"type":"Feature","id":"eoy-37b779debaf6","geometry":{"type":"Point","coordinates":[-73.988016106288,40.737924286365]},"properties":{"id":"eoy-37b779debaf6","name":"WHISKEY ROXX","legalName":"239 PARK SOUTH RESTAURANT CORP.","street":"239 PARK AVENUE SOUTH","neighborhood":"NEW YORK","borough":"Manhattan","zip":"10003","type":"roadway","status":"Issued","licenseIssued":"2026-07-31","licenseExpires":"2030-07-31","nta":"MN0602","bbl":"1008750003","sid":["row-b2g9_jjk7_wafv"]}},{"type":"Feature","id":"eoy-37c80579d456","geometry":{"type":"Point","coordinates":[-74.008507352284,40.725932718545]},"properties":{"id":"eoy-37c80579d456","name":"KIKO","legalName":"KIKO NYC LLC","street":"307 SPRING ST","neighborhood":"NEW YORK","borough":"Manhattan","zip":"10013","type":"sidewalk","status":"Issued","licenseIssued":"2026-08-07","licenseExpires":"2030-08-07","nta":"MN0201","bbl":"1005970033","sid":["row-7yx7-5jdj_8n5c"]}},{"type":"Feature","id":"eoy-37fb3652003a","geometry":{"type":"Point","coordinates":[-74.010931770411,40.703603820115]},"properties":{"id":"eoy-37fb3652003a","name":"LUCKY TIGER NYC","legalName":"66 PEARL STREET LLC","street":"66 PEARL STREET","neighborhood":"NEW YORK","borough":"Manhattan","zip":"10004","type":"roadway","status":"Issued","licenseIssued":"2026-08-07","licenseExpires":"2030-08-07","nta":"MN0101","bbl":"1000077501","sid":["row-spsz-v5xg.hz4c"]}},{"type":"Feature","id":"eoy-382a3f7a9f5c","geometry":{"type":"Point","coordinates":[-73.967253049655,40.693298535388]},"properties":{"id":"eoy-382a3f7a9f5c","name":"ROSTICCERIA EVELINA","legalName":"VENERDI INC.","street":"455 MYRTLE AVENUE","neighborhood":"BROOKLYN","borough":"Brooklyn","zip":"11205","type":"sidewalk","status":"Issued","licenseIssued":"2026-06-25","licenseExpires":"2030-06-25","nta":"BK0204","bbl":"3018890092","sid":["row-ixpc-knu6_7yp9"]}},{"type":"Feature","id":"eoy-382f912a6ad1","geometry":{"type":"Point","coordinates":[-73.904214089713,40.906387407534]},"properties":{"id":"eoy-382f912a6ad1","name":"YUKKA LATIN BISTRO","legalName":"K'CAFE CORP","street":"5684 RIVERDALE AVENUE","neighborhood":"BRONX","borough":"Bronx","zip":"10471","type":"sidewalk","status":"Issued","licenseIssued":"2026-07-31","licenseExpires":"2030-07-31","nta":"BX0803","bbl":"2058630134","sid":["row-nrmp_amku~bj5m"]}},{"type":"Feature","id":"eoy-383d8e7bb245","geometry":{"type":"Point","coordinates":[-73.993765491778,40.727132327424]},"properties":{"id":"eoy-383d8e7bb245","name":"ATLA","legalName":"ATLA LAFAYETTE LLC","street":"372 LAFAYETTE STREET","neighborhood":"NEW YORK","borough":"Manhattan","zip":"10012","type":"sidewalk","status":"Issued","licenseIssued":"2026-08-14","licenseExpires":"2030-08-14","nta":"MN0202","bbl":"1005300013","sid":["row-vgku_4rtw~5zbr"]}},{"type":"Feature","id":"eoy-3843c60594df","geometry":{"type":"Point","coordinates":[-73.9537757,40.8028912]},"properties":{"id":"eoy-3843c60594df","name":"MESS HALL","legalName":"Mess Hall LLC","street":"2194 FRDRCK DGLS BLVD","neighborhood":"NEW YORK","borough":"Manhattan","zip":"10026","type":"sidewalk","status":"Issued","licenseIssued":"2026-08-07","licenseExpires":"2030-08-07","nta":"MN1001","bbl":null,"sid":["row-tzkw~s5ds.ay6j"]}},{"type":"Feature","id":"eoy-3869b567fed4","geometry":{"type":"Point","coordinates":[-73.975610080498,40.786847629855]},"properties":{"id":"eoy-3869b567fed4","name":"TIKI CHICK","legalName":"TIKI CHICKI LLC","street":"517 AMSTERDAM AVENUE","neighborhood":"NEW YORK","borough":"Manhattan","zip":"10024","type":"both","status":"Issued","licenseIssued":"2026-09-25","licenseExpires":"2030-09-25","nta":"MN0702","bbl":"1012150061","sid":["row-e4fz_gf8i.vjan","row-pkqi~4q28~mv59"]}},{"type":"Feature","id":"eoy-3871d63e0f7f","geometry":{"type":"Point","coordinates":[-73.959750018443,40.762637169816]},"properties":{"id":"eoy-3871d63e0f7f","name":"FELICE 64","legalName":"CAFE FOCACCIA INC","street":"1166 1 AVENUE","neighborhood":"NEW YORK","borough":"Manhattan","zip":"10065","type":"both","status":"Issued","licenseIssued":"2026-09-18","licenseExpires":"2030-09-18","nta":"MN0801","bbl":"1014580045","sid":["row-i356.m84m-rxdk","row-s8ie.u6dp~qixx"]}},{"type":"Feature","id":"eoy-389a656bcb0c","geometry":{"type":"Point","coordinates":[-73.971362201788,40.764372597121]},"properties":{"id":"eoy-389a656bcb0c","name":"AVRA MADISON ESTIATORIO","legalName":"SIXTY HOSPITALITY LLC","street":"14 EAST 60 STREET","neighborhood":"NEW YORK","borough":"Manhattan","zip":"10022","type":"both","status":"Issued","licenseIssued":"2026-04-24","licenseExpires":"2030-04-24","nta":"MN0802","bbl":"1013740060","sid":["row-5pa6_x497-87nk","row-xtcg-8h7h-gr42"]}},{"type":"Feature","id":"eoy-390b4a07c7f2","geometry":{"type":"Point","coordinates":[-73.91646167624,40.764587305306]},"properties":{"id":"eoy-390b4a07c7f2","name":"MARVEL","legalName":"MARVEL ASTORIA INC","street":"37-01 30 AVENUE","neighborhood":"ASTORIA","borough":"Queens","zip":"11103","type":"roadway","status":"Issued","licenseIssued":"2026-05-01","licenseExpires":"2030-05-01","nta":"QN0103","bbl":"4006610047","sid":["row-7yrz.zcw5~icb8"]}},{"type":"Feature","id":"eoy-391f7587a932","geometry":{"type":"Point","coordinates":[-74.010612658602,40.715370677962]},"properties":{"id":"eoy-391f7587a932","name":"WARREN STREET BAR & RESTAURANT","legalName":"WARREN STREET HOTEL LLC","street":"86 WARREN STREET","neighborhood":"NEW YORK","borough":"Manhattan","zip":"10007","type":"sidewalk","status":"Issued","licenseIssued":"2026-05-15","licenseExpires":"2030-05-15","nta":"MN0102","bbl":"1001370010","sid":["row-942b.p39y_rwa6"]}},{"type":"Feature","id":"eoy-393115cab715","geometry":{"type":"Point","coordinates":[-73.98996388512,40.743359104168]},"properties":{"id":"eoy-393115cab715","name":"MAMAN","legalName":"MAMAN NOMAD LLC","street":"22 WEST 25 STREET","neighborhood":"NEW YORK","borough":"Manhattan","zip":"10010","type":"roadway","status":"Issued","licenseIssued":"2026-02-13","licenseExpires":"2030-02-13","nta":"MN0501","bbl":"1008260056","sid":["row-6h6y~xjs3.waeq"]}},{"type":"Feature","id":"eoy-394c6c65ce28","geometry":{"type":"Point","coordinates":[-73.989303423376,40.721269176451]},"properties":{"id":"eoy-394c6c65ce28","name":"MR. TAKA RAMEN","legalName":"KARA 170 ALLEN LLC","street":"170 ALLEN STREET","neighborhood":"NEW YORK","borough":"Manhattan","zip":"10002","type":"sidewalk","status":"Issued","licenseIssued":"2026-07-21","licenseExpires":"2030-07-21","nta":"MN0302","bbl":"1004160057","sid":["row-su9w~f4fe_hhvh"]}},{"type":"Feature","id":"eoy-394eba5b1810","geometry":{"type":"Point","coordinates":[-73.953379070553,40.782528748221]},"properties":{"id":"eoy-394eba5b1810","name":"MARINARA PIZZA","legalName":"GABI OPERATING CORP","street":"1376 LEXINGTON AVENUE","neighborhood":"NEW YORK","borough":"Manhattan","zip":"10128","type":"sidewalk","status":"Issued","licenseIssued":"2026-07-24","licenseExpires":"2030-07-24","nta":"MN0802","bbl":"1015190059","sid":["row-ge58~gdr5.44ue"]}},{"type":"Feature","id":"eoy-3988a7b68384","geometry":{"type":"Point","coordinates":[-73.978809770534,40.729760025178]},"properties":{"id":"eoy-3988a7b68384","name":"OTTO'S SHRUNKEN HEAD","legalName":"S P T CORP","street":"538 EAST 14 STREET","neighborhood":"NEW YORK","borough":"Manhattan","zip":"10009","type":"sidewalk","status":"Issued","licenseIssued":"2026-07-20","licenseExpires":"2030-07-20","nta":"MN0303","bbl":"1004070027","sid":["row-6ex9-i7ck~2i83"]}},{"type":"Feature","id":"eoy-39a07faecda9","geometry":{"type":"Point","coordinates":[-73.921707938401,40.763762087023]},"properties":{"id":"eoy-39a07faecda9","name":"MOM'S KITCHEN & BAR / LILY'S","legalName":"ASTORIA BRICK, LLC","street":"30-95 33 STREET","neighborhood":"ASTORIA","borough":"Queens","zip":"11102","type":"both","status":"Issued","licenseIssued":"2026-05-01","licenseExpires":"2030-05-01","nta":"QN0103","bbl":"4006250108","sid":["row-kwnc_4w9r.5bcr","row-rx2s-aykr~hx4k"]}},{"type":"Feature","id":"eoy-39a0da86d880","geometry":{"type":"Point","coordinates":[-73.962629290219,40.675395700422]},"properties":{"id":"eoy-39a0da86d880","name":"THE BARLOW","legalName":"CORNER 660 LLC","street":"446 PARK PLACE","neighborhood":"BROOKLYN","borough":"Brooklyn","zip":"11238","type":"sidewalk","status":"Issued","licenseIssued":"2026-05-22","licenseExpires":"2030-05-22","nta":"BK0801","bbl":"3011670010","sid":["row-sv3u_4ypj_qxqy"]}},{"type":"Feature","id":"eoy-39cda8e06a1e","geometry":{"type":"Point","coordinates":[-73.783422265197,40.838982884256]},"properties":{"id":"eoy-39cda8e06a1e","name":"SAMMY'S FISHBOX","legalName":"FISHBOX RESTAURANT CORPORATION","street":"41 CITY ISLAND AVENUE","neighborhood":"BRONX","borough":"Bronx","zip":"10464","type":"sidewalk","status":"Issued","licenseIssued":"2024-12-09","licenseExpires":"2028-12-09","nta":"BX1003","bbl":"2056250037","sid":["row-ymzt_deub~wh8j"]}},{"type":"Feature","id":"eoy-39e3b732df49","geometry":{"type":"Point","coordinates":[-73.992956613532,40.733741675524]},"properties":{"id":"eoy-39e3b732df49","name":"SANTO TACO","legalName":"TACO 94 U, LLC","street":"94 UNIVERSITY PLACE","neighborhood":"NEW YORK","borough":"Manhattan","zip":"10003","type":"roadway","status":"Issued","licenseIssued":"2026-06-26","licenseExpires":"2030-06-26","nta":"MN0202","bbl":"1005690021","sid":["row-hyiw-2ier-r2as"]}},{"type":"Feature","id":"eoy-39f8b35a7093","geometry":{"type":"Point","coordinates":[-73.978940569703,40.670031075107]},"properties":{"id":"eoy-39f8b35a7093","name":"SOTTO VOCE","legalName":"TAURASI INC","street":"225 7 AVENUE","neighborhood":"BROOKLYN","borough":"Brooklyn","zip":"11215","type":"sidewalk","status":"Issued","licenseIssued":"2026-04-24","licenseExpires":"2030-04-24","nta":"BK0602","bbl":"3010800001","sid":["row-8mi3_mfyw-75br"]}},{"type":"Feature","id":"eoy-39f97b7870e0","geometry":{"type":"Point","coordinates":[-73.953503195484,40.744541348252]},"properties":{"id":"eoy-39f97b7870e0","name":"MERCATO LIC","legalName":"BLUELINE HOLDINGS, INC.","street":"47-46 VERNON BOULEVARD","neighborhood":"LONG ISLAND CITY","borough":"Queens","zip":"11101","type":"sidewalk","status":"Issued","licenseIssued":"2026-08-14","licenseExpires":"2030-08-14","nta":"QN0201","bbl":"4000300001","sid":["row-beat_mqzv.prhu"]}},{"type":"Feature","id":"eoy-3a2a4dba30c4","geometry":{"type":"Point","coordinates":[-74.002589711888,40.707035275178]},"properties":{"id":"eoy-3a2a4dba30c4","name":"FRESH SALT","legalName":"MANHATTAN ISLAND GROUP LLC","street":"146 BEEKMAN STREET","neighborhood":"NEW YORK","borough":"Manhattan","zip":"10038","type":"both","status":"Issued","licenseIssued":"2025-05-09","licenseExpires":"2029-05-09","nta":"MN0101","bbl":"1000970015","sid":["row-m8ax.4dsu-svu5","row-xw88-iusv.k2tv"]}},{"type":"Feature","id":"eoy-3a31cd82e1cd","geometry":{"type":"Point","coordinates":[-73.959978904097,40.718317556744]},"properties":{"id":"eoy-3a31cd82e1cd","name":"SWEETWATER","legalName":"105 NORTH 6TH INC.","street":"105 NORTH 6 STREET","neighborhood":"BROOKLYN","borough":"Brooklyn","zip":"11249","type":"roadway","status":"Issued","licenseIssued":"2026-04-10","licenseExpires":"2030-04-10","nta":"BK0102","bbl":"3023260032","sid":["row-2pyu_pzwy~ix9g"]}},{"type":"Feature","id":"eoy-3a3a4c222b15","geometry":{"type":"Point","coordinates":[-73.993311252603,40.687747595853]},"properties":{"id":"eoy-3a3a4c222b15","name":"BLANK STREET","legalName":"BLANK STREET INC.","street":"178 COURT STREET","neighborhood":"BROOKLYN","borough":"Brooklyn","zip":"11201","type":"sidewalk","status":"Issued","licenseIssued":"2026-05-29","licenseExpires":"2030-05-29","nta":"BK0601","bbl":"3002970031","sid":["row-knfp~anjp-zkn5"]}},{"type":"Feature","id":"eoy-3a63d08bf491","geometry":{"type":"Point","coordinates":[-73.952976283073,40.780217501487]},"properties":{"id":"eoy-3a63d08bf491","name":"YASOUVLAKI","legalName":"1568 GYRO LLC","street":"1568 3 AVENUE","neighborhood":"NEW YORK","borough":"Manhattan","zip":"10128","type":"both","status":"Issued","licenseIssued":"2026-07-31","licenseExpires":"2030-07-31","nta":"MN0802","bbl":"1015170033","sid":["row-tt5a_5izv.m6wc","row-uapv~hxjw.kmus"]}},{"type":"Feature","id":"eoy-3a74b9396890","geometry":{"type":"Point","coordinates":[-73.927794178579,40.80697123351]},"properties":{"id":"eoy-3a74b9396890","name":"HUDSON SMOKEHOUSE","legalName":"HUDSON SMOKEHOUSE CORP","street":"37 BRUCKNER BOULEVARD","neighborhood":"BRONX","borough":"Bronx","zip":"10454","type":"sidewalk","status":"Issued","licenseIssued":"2026-08-07","licenseExpires":"2030-08-07","nta":"BX0101","bbl":"2023090030","sid":["row-pnhe-8hk2_8niu"]}},{"type":"Feature","id":"eoy-3a7de6d52cf1","geometry":{"type":"Point","coordinates":[-73.957698707602,40.769723395391]},"properties":{"id":"eoy-3a7de6d52cf1","name":"PERSEPOLIS","legalName":"SHALIZAR LLC","street":"1407 2 AVENUE","neighborhood":"NEW YORK","borough":"Manhattan","zip":"10021","type":"sidewalk","status":"Issued","licenseIssued":"2026-05-15","licenseExpires":"2030-05-15","nta":"MN0801","bbl":"1014280023","sid":["row-bqaj_5qkc-bqw8"]}},{"type":"Feature","id":"eoy-3af4c017e788","geometry":{"type":"Point","coordinates":[-73.989025890247,40.763387532713]},"properties":{"id":"eoy-3af4c017e788","name":"IL DIVINO","legalName":"MORALES 29TH STREET CORP","street":"739 9 AVENUE","neighborhood":"NEW YORK","borough":"Manhattan","zip":"10019","type":"sidewalk","status":"Issued","licenseIssued":"2026-09-02","licenseExpires":"2030-09-02","nta":"MN0402","bbl":"1010590036","sid":["row-zje6.vmh3_2gbk"]}},{"type":"Feature","id":"eoy-3b02c9ef009b","geometry":{"type":"Point","coordinates":[-73.972587914321,40.785897263869]},"properties":{"id":"eoy-3b02c9ef009b","name":"THE CONSULATE","legalName":"THE CONSULATE NYC LLC","street":"519 COLUMBUS AVENUE","neighborhood":"NEW YORK","borough":"Manhattan","zip":"10024","type":"sidewalk","status":"Issued","licenseIssued":"2026-05-29","licenseExpires":"2030-05-29","nta":"MN0702","bbl":"1011990001","sid":["row-ez5z-p4qi.wrkm"]}},{"type":"Feature","id":"eoy-3b14fad8675f","geometry":{"type":"Point","coordinates":[-73.983649150009,40.725904420947]},"properties":{"id":"eoy-3b14fad8675f","name":"KAZUZA","legalName":"LE MIU CORP.","street":"107 AVENUE A","neighborhood":"NEW YORK","borough":"Manhattan","zip":"10009","type":"both","status":"Issued","licenseIssued":"2026-03-20","licenseExpires":"2030-03-20","nta":"MN0303","bbl":"1004347504","sid":["row-ieb9-aai6~iuae","row-qnd8~ahr2_sizh"]}},{"type":"Feature","id":"eoy-3b2d0f32ed6f","geometry":{"type":"Point","coordinates":[-73.907990183943,40.774198457282]},"properties":{"id":"eoy-3b2d0f32ed6f","name":"ALBA'S PIZZERIA","legalName":"TOTORE PIZZERIA & RESTAURANT INC","street":"36-20 DITMARS BOULEVARD","neighborhood":"ASTORIA","borough":"Queens","zip":"11105","type":"sidewalk","status":"Issued","licenseIssued":"2026-08-21","licenseExpires":"2030-08-21","nta":"QN0101","bbl":"4008210036","sid":["row-hsqa_6ic5-tjvz"]}},{"type":"Feature","id":"eoy-3b391d11218e","geometry":{"type":"Point","coordinates":[-73.948075650039,40.80423744746]},"properties":{"id":"eoy-3b391d11218e","name":"ARCHER & GOAT","legalName":"HARLEM BURGER INC","street":"187 LENOX AVENUE","neighborhood":"NEW YORK","borough":"Manhattan","zip":"10026","type":"sidewalk","status":"Issued","licenseIssued":"2026-06-12","licenseExpires":"2030-06-12","nta":"MN1001","bbl":"1019040031","sid":["row-sy9n~s446-3xgv"]}},{"type":"Feature","id":"eoy-3b46d7344a5b","geometry":{"type":"Point","coordinates":[-74.004040408182,40.719298861015]},"properties":{"id":"eoy-3b46d7344a5b","name":"ANEJO TRIBECA","legalName":"Anejo Tribeca LLC","street":"31 WALKER STREET","neighborhood":"NEW YORK","borough":"Manhattan","zip":"10013","type":"sidewalk","status":"Issued","licenseIssued":"2026-07-24","licenseExpires":"2030-07-24","nta":"MN0102","bbl":"1001930025","sid":["row-drnz_d3ev-62jk"]}},{"type":"Feature","id":"eoy-3b500ffb4028","geometry":{"type":"Point","coordinates":[-73.903754499135,40.707403883815]},"properties":{"id":"eoy-3b500ffb4028","name":"VARIETY COFFEE ROASTERS","legalName":"VARIETY RIDGEWOOD CORP","street":"681 GRANDVIEW AVENUE","neighborhood":"RIDGEWOOD","borough":"Queens","zip":"11385","type":"sidewalk","status":"Issued","licenseIssued":"2026-08-28","licenseExpires":"2030-08-28","nta":"QN0502","bbl":"4034880001","sid":["row-t77y.fhsx_gzne"]}},{"type":"Feature","id":"eoy-3b82006ecce2","geometry":{"type":"Point","coordinates":[-73.88702347329,40.749089881056]},"properties":{"id":"eoy-3b82006ecce2","name":"POBLADO GASTROBAR","legalName":"C & N RESTAURANT CORP.","street":"37-61 79 STREET","neighborhood":"JACKSON HEIGHTS","borough":"Queens","zip":"11372","type":"sidewalk","status":"Issued","licenseIssued":"2026-08-21","licenseExpires":"2030-08-21","nta":"QN0301","bbl":"4012900047","sid":["row-q56z_5yti_yssd"]}},{"type":"Feature","id":"eoy-3b88abef42aa","geometry":{"type":"Point","coordinates":[-73.972279167983,40.755644489825]},"properties":{"id":"eoy-3b88abef42aa","name":"TOSCANA 49","legalName":"143 CAFE INC","street":"143 EAST 49 STREET","neighborhood":"NEW YORK","borough":"Manhattan","zip":"10017","type":"roadway","status":"Issued","licenseIssued":"2026-08-14","licenseExpires":"2030-08-14","nta":"MN0604","bbl":"1013040025","sid":["row-zbdm_e3iz~7g3a"]}},{"type":"Feature","id":"eoy-3ba1476f3077","geometry":{"type":"Point","coordinates":[-73.978592666233,40.776434631426]},"properties":{"id":"eoy-3ba1476f3077","name":"POLPETTE 71","legalName":"NICHL DUE INC","street":"71 WEST 71 STREET","neighborhood":"NEW YORK","borough":"Manhattan","zip":"10023","type":"both","status":"Issued","licenseIssued":"2026-05-22","licenseExpires":"2030-05-22","nta":"MN0701","bbl":"1011240003","sid":["row-j994~zvbx.9nd4","row-pis3_hyry~qquq"]}},{"type":"Feature","id":"eoy-3bac179a1d39","geometry":{"type":"Point","coordinates":[-73.990093911849,40.742626263873]},"properties":{"id":"eoy-3bac179a1d39","name":"JUNOON","legalName":"JUNOON NYC LLC","street":"19 WEST 24 STREET","neighborhood":"NEW YORK","borough":"Manhattan","zip":"10010","type":"roadway","status":"Issued","licenseIssued":"2026-04-24","licenseExpires":"2030-04-24","nta":"MN0501","bbl":"1008260026","sid":["row-5mrv_spv8_z83i"]}},{"type":"Feature","id":"eoy-3bf1b0179766","geometry":{"type":"Point","coordinates":[-74.003861116033,40.737924847314]},"properties":{"id":"eoy-3bf1b0179766","name":"CORNER BISTRO","legalName":"68 PERRY STREET CORP.","street":"331 WEST 4 STREET","neighborhood":"NEW YORK","borough":"Manhattan","zip":"10014","type":"both","status":"Issued","licenseIssued":"2026-07-30","licenseExpires":"2030-07-30","nta":"MN0203","bbl":"1006150060","sid":["row-qgiq~i4ws_txdy","row-t5hd~ht6h-5y82"]}},{"type":"Feature","id":"eoy-3c4cc5972597","geometry":{"type":"Point","coordinates":[-74.008253661066,40.716759724808]},"properties":{"id":"eoy-3c4cc5972597","name":"MAX RESTAURANT","legalName":"WB CAFE INC","street":"134 WEST BROADWAY","neighborhood":"NEW YORK","borough":"Manhattan","zip":"10013","type":"sidewalk","status":"Issued","licenseIssued":"2026-07-21","licenseExpires":"2030-07-21","nta":"MN0102","bbl":"1001440030","sid":["row-xzwh-67j9-vr5g"]}},{"type":"Feature","id":"eoy-3c5ee56dcbac","geometry":{"type":"Point","coordinates":[-73.986314421583,40.730472060292]},"properties":{"id":"eoy-3c5ee56dcbac","name":"KANOYAMA","legalName":"N & D RESTAURANT CORP.","street":"175 2 AVENUE","neighborhood":"NEW YORK","borough":"Manhattan","zip":"10003","type":"sidewalk","status":"Issued","licenseIssued":"2026-05-29","licenseExpires":"2030-05-29","nta":"MN0303","bbl":"1004670035","sid":["row-hhqr~7bwr~hd9d"]}},{"type":"Feature","id":"eoy-3c6425b3e674","geometry":{"type":"Point","coordinates":[-73.972491846104,40.791150694982]},"properties":{"id":"eoy-3c6425b3e674","name":"OSTERIA ACCADEMIA","legalName":"646 AMSTERDAM INC.","street":"646 AMSTERDAM AVENUE","neighborhood":"NEW YORK","borough":"Manhattan","zip":"10025","type":"both","status":"Issued","licenseIssued":"2026-05-22","licenseExpires":"2030-05-22","nta":"MN0702","bbl":"1012390032","sid":["row-jx2c_hned.ar43","row-rdjg~p2mr~kaid"]}},{"type":"Feature","id":"eoy-3c9a5ce20029","geometry":{"type":"Point","coordinates":[-73.992547286275,40.683630387301]},"properties":{"id":"eoy-3c9a5ce20029","name":"OSTERIA REGINA","legalName":"OSTERIA REGINA LLC","street":"241 SMITH STREET","neighborhood":"BROOKLYN","borough":"Brooklyn","zip":"11231","type":"both","status":"Issued","licenseIssued":"2026-05-08","licenseExpires":"2030-05-08","nta":"BK0601","bbl":"3004090001","sid":["row-5aht-yqnt_p2at","row-y5gs_uxsj~khvs"]}},{"type":"Feature","id":"eoy-3ca009149406","geometry":{"type":"Point","coordinates":[-73.9401725833,40.747889271091]},"properties":{"id":"eoy-3ca009149406","name":"DUTCH KILLS","legalName":"27-24 TAVERN CORP","street":"27-24 JACKSON AVENUE","neighborhood":"LONG ISLAND CITY","borough":"Queens","zip":"11101","type":"sidewalk","status":"Issued","licenseIssued":"2026-02-13","licenseExpires":"2030-02-13","nta":"QN0201","bbl":"4002660020","sid":["row-7cxu~ww4j_sscp"]}},{"type":"Feature","id":"eoy-3ca46acd5159","geometry":{"type":"Point","coordinates":[-73.956981338707,40.67342297008]},"properties":{"id":"eoy-3ca46acd5159","name":"CHAVELA'S","legalName":"BIANCHIBK LLC","street":"736 FRANKLIN AVENUE","neighborhood":"BROOKLYN","borough":"Brooklyn","zip":"11238","type":"sidewalk","status":"Issued","licenseIssued":"2026-09-18","licenseExpires":"2030-09-18","nta":"BK0802","bbl":"3011680060","sid":["row-v3sx~tg24.w6yp"]}},{"type":"Feature","id":"eoy-3ca93ead2e06","geometry":{"type":"Point","coordinates":[-73.986670011954,40.702568787713]},"properties":{"id":"eoy-3ca93ead2e06","name":"WATER STREET TAVERN","legalName":"JAY STREET PLACE CORP","street":"71 JAY STREET","neighborhood":"BROOKLYN","borough":"Brooklyn","zip":"11201","type":"both","status":"Issued","licenseIssued":"2026-06-05","licenseExpires":"2030-06-05","nta":"BK0202","bbl":"3000410002","sid":["row-5wff.hxs7-c4aj","row-nevd-74wc.2jb5"]}},{"type":"Feature","id":"eoy-3cbb750174b9","geometry":{"type":"Point","coordinates":[-73.965098406889,40.772218122494]},"properties":{"id":"eoy-3cbb750174b9","name":"COME PRIMA","legalName":"S&D DINING GROUP LLC","street":"903 MADISON AVENUE","neighborhood":"NEW YORK","borough":"Manhattan","zip":"10021","type":"sidewalk","status":"Issued","licenseIssued":"2026-06-12","licenseExpires":"2030-06-12","nta":"MN0802","bbl":"1013870052","sid":["row-kbgh~a5n5.7bat"]}},{"type":"Feature","id":"eoy-3cc8f842b792","geometry":{"type":"Point","coordinates":[-74.001201615083,40.736711720398]},"properties":{"id":"eoy-3cc8f842b792","name":"MIGHTY QUINN'S BARBEQUE","legalName":"Greenwich BBQ LLC","street":"75 GREENWICH AVENUE","neighborhood":"NEW YORK","borough":"Manhattan","zip":"10014","type":"sidewalk","status":"Issued","licenseIssued":"2026-05-29","licenseExpires":"2030-05-29","nta":"MN0203","bbl":"1006140061","sid":["row-jt5j_7wy9.3hup"]}},{"type":"Feature","id":"eoy-3cda14cc171a","geometry":{"type":"Point","coordinates":[-73.954851588077,40.688139637211]},"properties":{"id":"eoy-3cda14cc171a","name":"WELCOME HOME","legalName":"MARIQUITA LLC","street":"1047 BEDFORD AVENUE","neighborhood":"BROOKLYN","borough":"Brooklyn","zip":"11216","type":"sidewalk","status":"Issued","licenseIssued":"2026-05-22","licenseExpires":"2030-05-22","nta":"BK0301","bbl":"3017930001","sid":["row-qvp6-vjzt~uff9"]}},{"type":"Feature","id":"eoy-3cdf6957474a","geometry":{"type":"Point","coordinates":[-73.944777624629,40.808756506906]},"properties":{"id":"eoy-3cdf6957474a","name":"CANTINA TAQUERIA & TEQUILA BAR","legalName":"LENOX 127 ST REST CORP","street":"329 LENOX AVENUE","neighborhood":"NEW YORK","borough":"Manhattan","zip":"10027","type":"sidewalk","status":"Issued","licenseIssued":"2026-08-07","licenseExpires":"2030-08-07","nta":"MN1002","bbl":"1019110033","sid":["row-s39j_wnjp-86np"]}},{"type":"Feature","id":"eoy-3d0a4f1ede5d","geometry":{"type":"Point","coordinates":[-73.952802065662,40.776404966262]},"properties":{"id":"eoy-3d0a4f1ede5d","name":"DORRIAN'S RED HAND","legalName":"1616 SECOND AVE. RESTAURANT,INC.","street":"1616 2 AVENUE","neighborhood":"NEW YORK","borough":"Manhattan","zip":"10028","type":"roadway","status":"Issued","licenseIssued":"2026-06-05","licenseExpires":"2030-06-05","nta":"MN0803","bbl":"1015460049","sid":["row-7nv8-b65a-z234"]}},{"type":"Feature","id":"eoy-3d0afc1a0e11","geometry":{"type":"Point","coordinates":[-74.001832977903,40.732490264391]},"properties":{"id":"eoy-3d0afc1a0e11","name":"THE PARKGATE","legalName":"182 WEST 4TH HOSPITALITY LLC","street":"182 WEST 4 STREET","neighborhood":"NEW YORK","borough":"Manhattan","zip":"10014","type":"sidewalk","status":"Issued","licenseIssued":"2026-08-07","licenseExpires":"2030-08-07","nta":"MN0203","bbl":"1005900073","sid":["row-wj9c.a7u9.k7yn"]}},{"type":"Feature","id":"eoy-3d38900a267e","geometry":{"type":"Point","coordinates":[-73.983707498221,40.738069227848]},"properties":{"id":"eoy-3d38900a267e","name":"THINK COFFEE","legalName":"THINK GRAMERCY LLC","street":"280 3 AVENUE","neighborhood":"NEW YORK","borough":"Manhattan","zip":"10010","type":"sidewalk","status":"Issued","licenseIssued":"2026-07-20","licenseExpires":"2030-07-20","nta":"MN0602","bbl":"1008777501","sid":["row-uesr_sfhq_uw3d"]}},{"type":"Feature","id":"eoy-3d5a2d79c8ec","geometry":{"type":"Point","coordinates":[-73.994255029531,40.698627926789]},"properties":{"id":"eoy-3d5a2d79c8ec","name":"JOE COFFEE COMPANY","legalName":"JAGR HICKS ST LLC","street":"102 HICKS STREET","neighborhood":"BROOKLYN","borough":"Brooklyn","zip":"11201","type":"sidewalk","status":"Issued","licenseIssued":"2026-07-21","licenseExpires":"2030-07-21","nta":"BK0201","bbl":"3002250020","sid":["row-pb8j.svwz~hney"]}},{"type":"Feature","id":"eoy-3d5db0221151","geometry":{"type":"Point","coordinates":[-73.92355926454,40.761120132174]},"properties":{"id":"eoy-3d5db0221151","name":"AMYLOS TAVERNA","legalName":"AMYLOS LLC","street":"33-19 BROADWAY","neighborhood":"ASTORIA","borough":"Queens","zip":"11106","type":"roadway","status":"Issued","licenseIssued":"2025-10-03","licenseExpires":"2029-10-03","nta":"QN0103","bbl":"4006237501","sid":["row-8sur.ga4q~hviu"]}},{"type":"Feature","id":"eoy-3d897f31d9f6","geometry":{"type":"Point","coordinates":[-73.960889152885,40.765321936805]},"properties":{"id":"eoy-3d897f31d9f6","name":"SERENA'S","legalName":"1268 2ND AVE LLC","street":"1268 2 AVENUE","neighborhood":"NEW YORK","borough":"Manhattan","zip":"10065","type":"sidewalk","status":"Issued","licenseIssued":"2026-08-21","licenseExpires":"2030-08-21","nta":"MN0801","bbl":"1014417501","sid":["row-z27p_9whn_3nw7"]}},{"type":"Feature","id":"eoy-3d906c0584b1","geometry":{"type":"Point","coordinates":[-73.968287285692,40.75521252878]},"properties":{"id":"eoy-3d906c0584b1","name":"SOCARRAT EAST","legalName":"SILO EAST INC","street":"953 2 AVENUE","neighborhood":"NEW YORK","borough":"Manhattan","zip":"10022","type":"sidewalk","status":"Issued","licenseIssued":"2026-07-20","licenseExpires":"2030-07-20","nta":"MN0604","bbl":"1013240026","sid":["row-jr6c~w4n6~bq2t"]}},{"type":"Feature","id":"eoy-3d97bb52a5ed","geometry":{"type":"Point","coordinates":[-73.956597639244,40.802745097178]},"properties":{"id":"eoy-3d97bb52a5ed","name":"CANTINA TAQUERIA & TEQUILIA BAR","legalName":"2099 8TH AVE REST CORP.","street":"2099 FREDERICK DOUGLASS BOULEVARD","neighborhood":"NEW YORK","borough":"Manhattan","zip":"10026","type":"sidewalk","status":"Issued","licenseIssued":"2026-07-24","licenseExpires":"2030-07-24","nta":"MN1001","bbl":"1018470054","sid":["row-23xy~9fa3~rxiu"]}},{"type":"Feature","id":"eoy-3e23cd3304b7","geometry":{"type":"Point","coordinates":[-74.001919417184,40.727022690156]},"properties":{"id":"eoy-3e23cd3304b7","name":"LOCAL","legalName":"LOCAL SHOP, INC","street":"144 SULLIVAN STREET","neighborhood":"NEW YORK","borough":"Manhattan","zip":"10012","type":"roadway","status":"Issued","licenseIssued":"2026-08-21","licenseExpires":"2030-08-21","nta":"MN0201","bbl":"1005180036","sid":["row-wvi8_jxgt~5ubv"]}},{"type":"Feature","id":"eoy-3e33afa8336a","geometry":{"type":"Point","coordinates":[-73.995731858848,40.726454460217]},"properties":{"id":"eoy-3e33afa8336a","name":"TWO HANDS","legalName":"TWO HANDS NOHO LLC","street":"74 BLEECKER STREET","neighborhood":"NEW YORK","borough":"Manhattan","zip":"10012","type":"both","status":"Issued","licenseIssued":"2026-07-24","licenseExpires":"2030-07-24","nta":"MN0202","bbl":"1005227502","sid":["row-aeqp-t9ek-zwj5","row-ayig~dbiu~56g7"]}},{"type":"Feature","id":"eoy-3e51f9e6e481","geometry":{"type":"Point","coordinates":[-73.901705041774,40.778579367406]},"properties":{"id":"eoy-3e51f9e6e481","name":"SINGLECUT BEERSMITHS","legalName":"SINGLECUT BEERSMITHS LLC","street":"19-33 37 STREET","neighborhood":"ASTORIA","borough":"Queens","zip":"11105","type":"sidewalk","status":"Issued","licenseIssued":"2026-07-24","licenseExpires":"2030-07-24","nta":"QN0101","bbl":"4008120031","sid":["row-fpuu-6q2p_87k5"]}},{"type":"Feature","id":"eoy-3e5b0dbc847a","geometry":{"type":"Point","coordinates":[-73.915080911802,40.746215607289]},"properties":{"id":"eoy-3e5b0dbc847a","name":"COUSIN LARRY'S","legalName":"FIFTY FIFTY HOSPITALITY LLC","street":"49-02 SKILLMAN AVENUE","neighborhood":"WOODSIDE","borough":"Queens","zip":"11377","type":"sidewalk","status":"Issued","licenseIssued":"2026-08-07","licenseExpires":"2030-08-07","nta":"QN0202","bbl":"4001340025","sid":["row-fy6p_c8vg.hh5d"]}},{"type":"Feature","id":"eoy-3e5ed648106a","geometry":{"type":"Point","coordinates":[-73.950080573499,40.674438484311]},"properties":{"id":"eoy-3e5ed648106a","name":"SAVVY BISTRO AND BAR","legalName":"SAVVY BISTRO AND BAR INC.","street":"710 NOSTRAND AVENUE","neighborhood":"BROOKLYN","borough":"Brooklyn","zip":"11216","type":"both","status":"Issued","licenseIssued":"2026-07-20","licenseExpires":"2030-07-20","nta":"BK0802","bbl":"3012260049","sid":["row-auhw-fvfu~9v94","row-kjqr-5yxz_iq2w"]}},{"type":"Feature","id":"eoy-3e6aefdf932c","geometry":{"type":"Point","coordinates":[-73.968323403873,40.755163133079]},"properties":{"id":"eoy-3e6aefdf932c","name":"THE HORNY RAM","legalName":"SHANNON CAFE LLC","street":"951 2 AVENUE","neighborhood":"NEW YORK","borough":"Manhattan","zip":"10022","type":"sidewalk","status":"Issued","licenseIssued":"2026-07-20","licenseExpires":"2030-07-20","nta":"MN0604","bbl":"1013240025","sid":["row-yqwd.f9cp-jwih"]}},{"type":"Feature","id":"eoy-3ea73289d1ff","geometry":{"type":"Point","coordinates":[-73.983388278646,40.672647578442]},"properties":{"id":"eoy-3ea73289d1ff","name":"THE GATE","legalName":"THE SLOPE, LLC","street":"321 FIFTH AVENUE","neighborhood":"BROOKLYN","borough":"Brooklyn","zip":"11215","type":"sidewalk","status":"Issued","licenseIssued":"2026-01-09","licenseExpires":"2030-01-09","nta":"BK0602","bbl":"3009820009","sid":["row-xhe9_8jc9~m3pf"]}},{"type":"Feature","id":"eoy-3eb22791beb7","geometry":{"type":"Point","coordinates":[-73.990295998751,40.717975543539]},"properties":{"id":"eoy-3eb22791beb7","name":"SUNDAY TO SUNDAY","legalName":"SUNDAY TO SUNDAY CAFE, INC","street":"88 ORCHARD STREET","neighborhood":"NEW YORK","borough":"Manhattan","zip":"10002","type":"both","status":"Issued","licenseIssued":"2026-02-06","licenseExpires":"2030-02-06","nta":"MN0302","bbl":"1004080010","sid":["row-5a63.rpwf.xffc","row-p54v~xd52.gcy7"]}},{"type":"Feature","id":"eoy-3eb3cdaca82d","geometry":{"type":"Point","coordinates":[-73.969122619093,40.790669506933]},"properties":{"id":"eoy-3eb3cdaca82d","name":"JUST SALAD","legalName":"JUST SALAD 670 COLUMBUS AVENUE LLC","street":"670 COLUMBUS AVENUE","neighborhood":"NEW YORK","borough":"Manhattan","zip":"10025","type":"sidewalk","status":"Issued","licenseIssued":"2026-07-21","licenseExpires":"2030-07-21","nta":"MN0702","bbl":"1012237503","sid":["row-j33p~hjy7~89ws"]}},{"type":"Feature","id":"eoy-3ebc2709cb36","geometry":{"type":"Point","coordinates":[-73.973273106546,40.68961112153]},"properties":{"id":"eoy-3ebc2709cb36","name":"WALTER'S / KARASU","legalName":"DMDD LLC","street":"166 DEKALB AVENUE","neighborhood":"BROOKLYN","borough":"Brooklyn","zip":"11217","type":"both","status":"Issued","licenseIssued":"2026-05-15","licenseExpires":"2030-05-15","nta":"BK0203","bbl":"3021010040","sid":["row-323w.imba~yfue","row-nqfw_ds8b-h8vt"]}},{"type":"Feature","id":"eoy-3ec1fcec616d","geometry":{"type":"Point","coordinates":[-74.002803665805,40.734279831343]},"properties":{"id":"eoy-3ec1fcec616d","name":"ST. JARDIM","legalName":"STJARDIM, LLC","street":"183 WEST 10 STREET","neighborhood":"NEW YORK","borough":"Manhattan","zip":"10014","type":"sidewalk","status":"Issued","licenseIssued":"2026-05-01","licenseExpires":"2030-05-01","nta":"MN0203","bbl":"1006110001","sid":["row-aj7e-kx5d.pcwv"]}},{"type":"Feature","id":"eoy-3edd02799796","geometry":{"type":"Point","coordinates":[-73.978573531093,40.612110627574]},"properties":{"id":"eoy-3edd02799796","name":"ARBERIA GRILL AND CAFE","legalName":"ARBERIA SM CORP","street":"2325 65 STREET","neighborhood":"BROOKLYN","borough":"Brooklyn","zip":"11204","type":"sidewalk","status":"Issued","licenseIssued":"2026-08-14","licenseExpires":"2030-08-14","nta":"BK1101","bbl":"3065590068","sid":["row-m4jg~7mc7_vw7v"]}},{"type":"Feature","id":"eoy-3ee472c96e25","geometry":{"type":"Point","coordinates":[-73.927840088693,40.705041853555]},"properties":{"id":"eoy-3ee472c96e25","name":"BUNNA CAFE","legalName":"BUNNA, LLC","street":"1084 FLUSHING AVENUE","neighborhood":"BROOKLYN","borough":"Brooklyn","zip":"11237","type":"roadway","status":"Issued","licenseIssued":"2026-01-02","licenseExpires":"2030-01-02","nta":"BK0401","bbl":"3031590015","sid":["row-dqmw~3x66_apjj"]}},{"type":"Feature","id":"eoy-3f3bf1673d38","geometry":{"type":"Point","coordinates":[-73.955861963907,40.71957315001]},"properties":{"id":"eoy-3f3bf1673d38","name":"ALLSWELL","legalName":"KETTLE PIE INC","street":"124 BEDFORD AVENUE","neighborhood":"BROOKLYN","borough":"Brooklyn","zip":"11249","type":"both","status":"Issued","licenseIssued":"2025-08-01","licenseExpires":"2029-08-01","nta":"BK0102","bbl":"3022970020","sid":["row-9gcy-ghbf~qziy","row-aw6e.j54i_4fpy"]}},{"type":"Feature","id":"eoy-3f4cbc5c11da","geometry":{"type":"Point","coordinates":[-73.978440319063,40.745265127216]},"properties":{"id":"eoy-3f4cbc5c11da","name":"BLUE HAVEN EAST","legalName":"EPSILON 493 CORP.","street":"493 3 AVENUE","neighborhood":"NEW YORK","borough":"Manhattan","zip":"10016","type":"roadway","status":"Issued","licenseIssued":"2025-08-15","licenseExpires":"2029-08-15","nta":"MN0603","bbl":"1009140003","sid":["row-nvps.fips~48yu"]}},{"type":"Feature","id":"eoy-3f7f17d912c1","geometry":{"type":"Point","coordinates":[-73.981841238358,40.674500067886]},"properties":{"id":"eoy-3f7f17d912c1","name":"BROOKLYN BURGERS & BEER","legalName":"BROOKLYN BURGER & BEERS CORP","street":"259 5 AVENUE","neighborhood":"BROOKLYN","borough":"Brooklyn","zip":"11215","type":"sidewalk","status":"Issued","licenseIssued":"2026-06-26","licenseExpires":"2030-06-26","nta":"BK0602","bbl":"3009650010","sid":["row-fmyr~hdj4_5zrc"]}},{"type":"Feature","id":"eoy-3f8adf70f9d0","geometry":{"type":"Point","coordinates":[-74.010098611838,40.67974632809]},"properties":{"id":"eoy-3f8adf70f9d0","name":"RED HOOK LOBSTER POUND","legalName":"RHLP 284 LLC","street":"284 VAN BRUNT STREET","neighborhood":"BROOKLYN","borough":"Brooklyn","zip":"11231","type":"both","status":"Issued","licenseIssued":"2025-10-10","licenseExpires":"2029-10-10","nta":"BK0601","bbl":"3005290028","sid":["row-izgk-tze6.3uvy","row-k3zx~5ef7_hfba"]}},{"type":"Feature","id":"eoy-3fa025d7a5cd","geometry":{"type":"Point","coordinates":[-73.943231579728,40.707438457394]},"properties":{"id":"eoy-3fa025d7a5cd","name":"WIN SON","legalName":"WINSOME FOODS LLC","street":"159 GRAHAM AVENUE","neighborhood":"BROOKLYN","borough":"Brooklyn","zip":"11206","type":"sidewalk","status":"Issued","licenseIssued":"2026-05-29","licenseExpires":"2030-05-29","nta":"BK0104","bbl":"3030520026","sid":["row-j9ge~r4r2-hgmv"]}},{"type":"Feature","id":"eoy-3fa646f5377c","geometry":{"type":"Point","coordinates":[-73.99576715008,40.738808648069]},"properties":{"id":"eoy-3fa646f5377c","name":"HOLLYWOOD DINER","legalName":"PORTO RESTAURANT, INC.","street":"574 6 AVENUE","neighborhood":"NEW YORK","borough":"Manhattan","zip":"10011","type":"sidewalk","status":"Issued","licenseIssued":"2026-07-21","licenseExpires":"2030-07-21","nta":"MN0501","bbl":"1008180001","sid":["row-yx5w-ndva~dc55"]}},{"type":"Feature","id":"eoy-3fad64cbd53d","geometry":{"type":"Point","coordinates":[-73.886160763608,40.755476091127]},"properties":{"id":"eoy-3fad64cbd53d","name":"MOJITOS","legalName":"MOJITOS RESTAURANT BAR CORP","street":"81-01 NORTHERN BOULEVARD","neighborhood":"JACKSON HEIGHTS","borough":"Queens","zip":"11372","type":"both","status":"Issued","licenseIssued":"2026-05-15","licenseExpires":"2030-05-15","nta":"QN0301","bbl":"4011770045","sid":["row-rni4_kqfu_v9a5","row-vj7b.3vn6-7dwg"]}},{"type":"Feature","id":"eoy-3fb6350a1f5d","geometry":{"type":"Point","coordinates":[-73.950899158655,40.713145629052]},"properties":{"id":"eoy-3fb6350a1f5d","name":"THINK COFFEE","legalName":"THINK WHOLESALE LLC","street":"10 DEVOE STREET","neighborhood":"BROOKLYN","borough":"Brooklyn","zip":"11211","type":"sidewalk","status":"Issued","licenseIssued":"2026-05-08","licenseExpires":"2030-05-08","nta":"BK0102","bbl":"3027670011","sid":["row-4bed~s75s_yqhp"]}},{"type":"Feature","id":"eoy-3fc3f1d8ac03","geometry":{"type":"Point","coordinates":[-73.997940049882,40.721343765468]},"properties":{"id":"eoy-3fc3f1d8ac03","name":"CITIZENS OF SOHO","legalName":"CITIZENS OF SOHO LLC","street":"201 LAFAYETTE STREET","neighborhood":"NEW YORK","borough":"Manhattan","zip":"10012","type":"both","status":"Issued","licenseIssued":"2026-07-21","licenseExpires":"2030-07-21","nta":"MN0201","bbl":"1004827501","sid":["row-36y5~w5xy.3iyi","row-wzmh-5zmv-3d5s"]}},{"type":"Feature","id":"eoy-401190a63a24","geometry":{"type":"Point","coordinates":[-73.997474758979,40.718928360738]},"properties":{"id":"eoy-401190a63a24","name":"CAFFE PALERMO","legalName":"JO-RACH INCORPORATED","street":"148 MULBERRY STREET","neighborhood":"NEW YORK","borough":"Manhattan","zip":"10013","type":"both","status":"Issued","licenseIssued":"2026-07-02","licenseExpires":"2030-07-02","nta":"MN0201","bbl":"1002370012","sid":["row-6raw_3vu5~vbhj","row-wpw2-kra6.h4ej"]}},{"type":"Feature","id":"eoy-4057cb8a7f14","geometry":{"type":"Point","coordinates":[-73.970133648974,40.646673793259]},"properties":{"id":"eoy-4057cb8a7f14","name":"LARK CAFE","legalName":"BEEHUMBLE HOSPITALITY LLC","street":"1007 CHURCH AVENUE","neighborhood":"BROOKLYN","borough":"Brooklyn","zip":"11218","type":"sidewalk","status":"Issued","licenseIssued":"2026-09-11","licenseExpires":"2030-09-11","nta":"BK1402","bbl":"3050710044","sid":["row-w7nf.hcv8-byu2"]}},{"type":"Feature","id":"eoy-4058e1f4364f","geometry":{"type":"Point","coordinates":[-73.957626439513,40.769822179964]},"properties":{"id":"eoy-4058e1f4364f","name":"UP THAI","legalName":"JAPIKA GROUP CORP","street":"1411 2 AVENUE","neighborhood":"NEW YORK","borough":"Manhattan","zip":"10021","type":"sidewalk","status":"Issued","licenseIssued":"2026-08-07","licenseExpires":"2030-08-07","nta":"MN0801","bbl":"1014280025","sid":["row-cwtp.eh3u_9v86"]}},{"type":"Feature","id":"eoy-405c3cbf8a02","geometry":{"type":"Point","coordinates":[-73.963298602668,40.710271004471]},"properties":{"id":"eoy-405c3cbf8a02","name":"MEADOWSWEET","legalName":"ELLA HOSPITALITY LLC","street":"149 BROADWAY","neighborhood":"BROOKLYN","borough":"Brooklyn","zip":"11211","type":"sidewalk","status":"Issued","licenseIssued":"2026-06-25","licenseExpires":"2030-06-25","nta":"BK0102","bbl":"3024570039","sid":["row-85dv~iha5~zm3t"]}},{"type":"Feature","id":"eoy-40b01b8b6c13","geometry":{"type":"Point","coordinates":[-73.920480083171,40.866568395946]},"properties":{"id":"eoy-40b01b8b6c13","name":"GALICIA TAPAS","legalName":"GALICIA TAPAS LLC","street":"575 WEST 207 STREET","neighborhood":"NEW YORK","borough":"Manhattan","zip":"10034","type":"sidewalk","status":"Issued","licenseIssued":"2026-07-21","licenseExpires":"2030-07-21","nta":"MN1203","bbl":"1022270001","sid":["row-utcs-t7av~ck7b"]}},{"type":"Feature","id":"eoy-40d72395940e","geometry":{"type":"Point","coordinates":[-73.978771920124,40.678880202917]},"properties":{"id":"eoy-40d72395940e","name":"HARLEM SHAKE","legalName":"HARLEM SHAKE PARK SLOPE LLC","street":"119 5 AVENUE","neighborhood":"BROOKLYN","borough":"Brooklyn","zip":"11217","type":"sidewalk","status":"Issued","licenseIssued":"2026-08-14","licenseExpires":"2030-08-14","nta":"BK0602","bbl":"3009440010","sid":["row-2p37~eniz-7qgq"]}},{"type":"Feature","id":"eoy-40e0460e2ab4","geometry":{"type":"Point","coordinates":[-73.986531042479,40.747593920246]},"properties":{"id":"eoy-40e0460e2ab4","name":"AFTERNOON","legalName":"NEW 32 AMERICA INC","street":"33 WEST 32 STREET","neighborhood":"NEW YORK","borough":"Manhattan","zip":"10001","type":"roadway","status":"Issued","licenseIssued":"2026-04-17","licenseExpires":"2030-04-17","nta":"MN0501","bbl":"1008340022","sid":["row-xq2c_xvfp-m6j5"]}},{"type":"Feature","id":"eoy-40f91f2bd3cb","geometry":{"type":"Point","coordinates":[-73.973406035022,40.789902048754]},"properties":{"id":"eoy-40f91f2bd3cb","name":"ARTISAN CAFE","legalName":"CAFE ARTISAN LLC","street":"608A AMSTERDAM AVENUE","neighborhood":"NEW YORK","borough":"Manhattan","zip":"10024","type":"sidewalk","status":"Issued","licenseIssued":"2026-07-02","licenseExpires":"2030-07-02","nta":"MN0702","bbl":"1012370029","sid":["row-z24g_z3sy-j3ij"]}},{"type":"Feature","id":"eoy-4134ce827c61","geometry":{"type":"Point","coordinates":[-73.909497886266,40.775286579432]},"properties":{"id":"eoy-4134ce827c61","name":"RIVERCREST","legalName":"RIVERCREST INC.","street":"33-15 DITMARS BOULEVARD","neighborhood":"ASTORIA","borough":"Queens","zip":"11105","type":"sidewalk","status":"Issued","licenseIssued":"2026-04-17","licenseExpires":"2030-04-17","nta":"QN0101","bbl":"4008307501","sid":["row-nbjy_nftc~3nc5"]}},{"type":"Feature","id":"eoy-414323a8778d","geometry":{"type":"Point","coordinates":[-73.968486035982,40.678726873715]},"properties":{"id":"eoy-414323a8778d","name":"ZAYTOONS RESTAURANT","legalName":"594 VANDERBILT AVE FOOD CORP.","street":"594 VANDERBILT AVENUE","neighborhood":"BROOKLYN","borough":"Brooklyn","zip":"11238","type":"sidewalk","status":"Issued","licenseIssued":"2026-07-31","licenseExpires":"2030-07-31","nta":"BK0801","bbl":"3011440060","sid":["row-gx66-2tbr_7sxi"]}},{"type":"Feature","id":"eoy-417297df25ea","geometry":{"type":"Point","coordinates":[-73.993602573765,40.7329539659]},"properties":{"id":"eoy-417297df25ea","name":"MAMAN","legalName":"MAMAN WASHINGTON SQUARE LLC","street":"67 UNIVERSITY PLACE","neighborhood":"NEW YORK","borough":"Manhattan","zip":"10003","type":"roadway","status":"Issued","licenseIssued":"2026-07-21","licenseExpires":"2030-07-21","nta":"MN0202","bbl":"1005620001","sid":["row-tsxi.vfst~rpw8"]}},{"type":"Feature","id":"eoy-4193c89b083b","geometry":{"type":"Point","coordinates":[-73.986484056615,40.730208582929]},"properties":{"id":"eoy-4193c89b083b","name":"DIVIN WINE BAR","legalName":"KMG WINE BAR LLC","street":"170 2 AVENUE","neighborhood":"NEW YORK","borough":"Manhattan","zip":"10003","type":"sidewalk","status":"Issued","licenseIssued":"2026-07-21","licenseExpires":"2030-07-21","nta":"MN0303","bbl":"1004520006","sid":["row-yrdq.m3ew_bvcm"]}},{"type":"Feature","id":"eoy-41a804856ec6","geometry":{"type":"Point","coordinates":[-73.953522598864,40.742600808836]},"properties":{"id":"eoy-41a804856ec6","name":"CAFE HENRI","legalName":"ONE KID CORP.","street":"10-10 50 AVENUE","neighborhood":"LONG ISLAND CITY","borough":"Queens","zip":"11101","type":"sidewalk","status":"Issued","licenseIssued":"2026-04-17","licenseExpires":"2030-04-17","nta":"QN0201","bbl":"4000410005","sid":["row-j874-cbv7.nhfp"]}},{"type":"Feature","id":"eoy-42785556686c","geometry":{"type":"Point","coordinates":[-73.981502246707,40.674911730117]},"properties":{"id":"eoy-42785556686c","name":"THE COMMISSIONER","legalName":"SYNTHETIC BARLOGICS LLC","street":"247 5 AVENUE","neighborhood":"BROOKLYN","borough":"Brooklyn","zip":"11215","type":"roadway","status":"Issued","licenseIssued":"2025-08-29","licenseExpires":"2029-08-29","nta":"BK0602","bbl":"3009620005","sid":["row-zwi5_h9tg~dizk"]}},{"type":"Feature","id":"eoy-42b3308996ee","geometry":{"type":"Point","coordinates":[-73.907070435174,40.886937927163]},"properties":{"id":"eoy-42b3308996ee","name":"TIN MARIN RESTAURANT & LOUNGE","legalName":"TIN MARIN BAR & LOUNGE, INC","street":"3708 RIVERDALE AVENUE","neighborhood":"BRONX","borough":"Bronx","zip":"10463","type":"sidewalk","status":"Issued","licenseIssued":"2026-08-14","licenseExpires":"2030-08-14","nta":"BX0803","bbl":"2057720001","sid":["row-vveh.pxi5.xy93"]}},{"type":"Feature","id":"eoy-42bc7c40f32a","geometry":{"type":"Point","coordinates":[-73.977550174885,40.784218553109]},"properties":{"id":"eoy-42bc7c40f32a","name":"JAKE'S DILEMMA","legalName":"THIRD AVE REST. INC","street":"430 AMSTERDAM AVENUE","neighborhood":"NEW YORK","borough":"Manhattan","zip":"10024","type":"sidewalk","status":"Issued","licenseIssued":"2026-04-17","licenseExpires":"2030-04-17","nta":"MN0702","bbl":"1012280034","sid":["row-dgag-j93h_3t25"]}},{"type":"Feature","id":"eoy-42c9de6c9fd0","geometry":{"type":"Point","coordinates":[-74.001497305383,40.727717122239]},"properties":{"id":"eoy-42c9de6c9fd0","name":"PEPE ROSSO TO GO","legalName":"NO SKIM MILK CORP","street":"130 WEST HOUSTON STREET","neighborhood":"NEW YORK","borough":"Manhattan","zip":"10012","type":"sidewalk","status":"Issued","licenseIssued":"2026-06-19","licenseExpires":"2030-06-19","nta":"MN0202","bbl":"1005260075","sid":["row-sfdm_camj.5txk"]}},{"type":"Feature","id":"eoy-42e33f3d387a","geometry":{"type":"Point","coordinates":[-73.956085768233,40.719364633553]},"properties":{"id":"eoy-42e33f3d387a","name":"LEON'S BAGELS","legalName":"LEONS BEDFORD LLC","street":"128 BEDFORD AVENUE","neighborhood":"BROOKLYN","borough":"Brooklyn","zip":"11249","type":"roadway","status":"Issued","licenseIssued":"2025-06-06","licenseExpires":"2029-06-06","nta":"BK0102","bbl":"3023040021","sid":["row-yg85_xpqb~3yxk"]}},{"type":"Feature","id":"eoy-4302a56d7ce8","geometry":{"type":"Point","coordinates":[-73.976970777703,40.747315178763]},"properties":{"id":"eoy-4302a56d7ce8","name":"SURFISH BISTRO","legalName":"SURFISH BISTRO II, INC","street":"550 3 AVENUE","neighborhood":"NEW YORK","borough":"Manhattan","zip":"10016","type":"sidewalk","status":"Issued","licenseIssued":"2026-07-20","licenseExpires":"2030-07-20","nta":"MN0603","bbl":"1008920043","sid":["row-skv3.wfkb~s3ds"]}},{"type":"Feature","id":"eoy-432aa46b1665","geometry":{"type":"Point","coordinates":[-73.992846412394,40.718376467101]},"properties":{"id":"eoy-432aa46b1665","name":"WAYLA / LITTLE WAYLA","legalName":"100 FORSYTH RESTAURANT LLC","street":"100 FORSYTH STREET","neighborhood":"NEW YORK","borough":"Manhattan","zip":"10002","type":"roadway","status":"Issued","licenseIssued":"2026-03-27","licenseExpires":"2030-03-27","nta":"MN0302","bbl":"1004180032","sid":["row-eui4_w4ia~3ikg"]}},{"type":"Feature","id":"eoy-434ec4c36292","geometry":{"type":"Point","coordinates":[-74.00270235087,40.727354791072]},"properties":{"id":"eoy-434ec4c36292","name":"EMMETT'S","legalName":"BLEEKER STREET HOLDINGS LLC","street":"50 MACDOUGAL STREET","neighborhood":"NEW YORK","borough":"Manhattan","zip":"10012","type":"roadway","status":"Issued","licenseIssued":"2026-05-22","licenseExpires":"2030-05-22","nta":"MN0201","bbl":"1005180007","sid":["row-cqd6_k58m.5rzu"]}},{"type":"Feature","id":"eoy-43ac0aa6c4d4","geometry":{"type":"Point","coordinates":[-74.001905022102,40.728299006553]},"properties":{"id":"eoy-43ac0aa6c4d4","name":"PARCELLE","legalName":"PARCELLE 72 MACDOUGAL LLC","street":"72 MACDOUGAL STREET","neighborhood":"NEW YORK","borough":"Manhattan","zip":"10012","type":"both","status":"Issued","licenseIssued":"2026-05-22","licenseExpires":"2030-05-22","nta":"MN0202","bbl":"1005260084","sid":["row-nvap~wuv5~zp2t","row-p536~upqk_zg3m"]}},{"type":"Feature","id":"eoy-43af4f31f35f","geometry":{"type":"Point","coordinates":[-73.955068609835,40.772434214963]},"properties":{"id":"eoy-43af4f31f35f","name":"HEIDI'S HOUSE BY THE SIDE OF THE ROAD","legalName":"HEIDI'S HOUSE, LLC","street":"308 EAST 78 STREET","neighborhood":"NEW YORK","borough":"Manhattan","zip":"10075","type":"roadway","status":"Issued","licenseIssued":"2026-04-17","licenseExpires":"2030-04-17","nta":"MN0801","bbl":"1014520047","sid":["row-q9y5.kbid_ieb6"]}},{"type":"Feature","id":"eoy-43b9140fdfc9","geometry":{"type":"Point","coordinates":[-73.903395663208,40.815220478224]},"properties":{"id":"eoy-43b9140fdfc9","name":"SEIS VECINOS RESTAURANT","legalName":"J&J PROSPECT CORP","street":"640 PROSPECT AVENUE","neighborhood":"BRONX","borough":"Bronx","zip":"10455","type":"sidewalk","status":"Issued","licenseIssued":"2026-03-20","licenseExpires":"2030-03-20","nta":"BX0202","bbl":"2026860001","sid":["row-y5vm.4nzc-26tz"]}},{"type":"Feature","id":"eoy-43ef4cdc965f","geometry":{"type":"Point","coordinates":[-73.968713495874,40.678035252538]},"properties":{"id":"eoy-43ef4cdc965f","name":"NOURISH THAI","legalName":"HENG HENG GROUP INC","street":"637A VANDERBILT AVENUE","neighborhood":"BROOKLYN","borough":"Brooklyn","zip":"11238","type":"both","status":"Issued","licenseIssued":"2025-08-15","licenseExpires":"2029-08-15","nta":"BK0801","bbl":"3011520005","sid":["row-ckge_p3pa_bhyc","row-vfiz_h4bz_u3hm"]}},{"type":"Feature","id":"eoy-440108907318","geometry":{"type":"Point","coordinates":[-73.959745056144,40.687518396302]},"properties":{"id":"eoy-440108907318","name":"SPEEDY ROMEO","legalName":"SPEEDY ROMEO, LLC","street":"376 CLASSON AVENUE","neighborhood":"BROOKLYN","borough":"Brooklyn","zip":"11238","type":"sidewalk","status":"Issued","licenseIssued":"2026-07-31","licenseExpires":"2030-07-31","nta":"BK0204","bbl":"3019520040","sid":["row-arn2~fj3x~9hvn"]}},{"type":"Feature","id":"eoy-440b1fb17c42","geometry":{"type":"Point","coordinates":[-73.970708921795,40.76409521173]},"properties":{"id":"eoy-440b1fb17c42","name":"LE BILBOQUET","legalName":"LE BILBOQUET NY LLC","street":"20 EAST 60 STREET","neighborhood":"NEW YORK","borough":"Manhattan","zip":"10022","type":"sidewalk","status":"Issued","licenseIssued":"2026-07-21","licenseExpires":"2030-07-21","nta":"MN0802","bbl":"1013740047","sid":["row-p8rr_uhqi.6mkr"]}},{"type":"Feature","id":"eoy-4469be856859","geometry":{"type":"Point","coordinates":[-73.993105696132,40.722740663228]},"properties":{"id":"eoy-4469be856859","name":"BAR VELOCE","legalName":"FT 328 LLC","street":"245 BOWERY","neighborhood":"NEW YORK","borough":"Manhattan","zip":"10002","type":"sidewalk","status":"Issued","licenseIssued":"2026-06-05","licenseExpires":"2030-06-05","nta":"MN0302","bbl":"1004260017","sid":["row-v2is.c45j_h5ht"]}},{"type":"Feature","id":"eoy-4472e0a6ed81","geometry":{"type":"Point","coordinates":[-73.927025769528,40.865134499902]},"properties":{"id":"eoy-4472e0a6ed81","name":"BURGOS RESTAURANT","legalName":"BURGOS RESTAURANT CORP","street":"206 DYCKMAN STREET","neighborhood":"NEW YORK","borough":"Manhattan","zip":"10040","type":"sidewalk","status":"Issued","licenseIssued":"2026-07-31","licenseExpires":"2030-07-31","nta":"MN1202","bbl":"1021750053","sid":["row-dzas~4j8p-dbzp"]}},{"type":"Feature","id":"eoy-44967b8fc8ff","geometry":{"type":"Point","coordinates":[-73.855331526334,40.848502149147]},"properties":{"id":"eoy-44967b8fc8ff","name":"MORRIS PARK INN","legalName":"MPI RESTAURANT CORP.","street":"1024 MORRIS PARK AVENUE","neighborhood":"BRONX","borough":"Bronx","zip":"10461","type":"sidewalk","status":"Issued","licenseIssued":"2026-04-03","licenseExpires":"2030-04-03","nta":"BX1102","bbl":"2041030001","sid":["row-saud~jgma-ngs5"]}},{"type":"Feature","id":"eoy-44b930ad3855","geometry":{"type":"Point","coordinates":[-74.010967380658,40.679002414114]},"properties":{"id":"eoy-44b930ad3855","name":"SAN PEDRO","legalName":"320 VAN BRUNT RESTAURANT LLC","street":"320 VAN BRUNT STREET","neighborhood":"BROOKLYN","borough":"Brooklyn","zip":"11231","type":"sidewalk","status":"Issued","licenseIssued":"2026-05-15","licenseExpires":"2030-05-15","nta":"BK0601","bbl":"3005290046","sid":["row-5iz6-un32.xsen"]}},{"type":"Feature","id":"eoy-44ddd271bb75","geometry":{"type":"Point","coordinates":[-73.951676828726,40.769699059978]},"properties":{"id":"eoy-44ddd271bb75","name":"LE MOULIN A CAFE","legalName":"SEQUOIA TREE LLC","street":"1439 YORK AVENUE","neighborhood":"NEW YORK","borough":"Manhattan","zip":"10075","type":"sidewalk","status":"Issued","licenseIssued":"2025-03-24","licenseExpires":"2029-03-24","nta":"MN0801","bbl":"1014710024","sid":["row-3ym9-iyzq-spsx"]}},{"type":"Feature","id":"eoy-45211422f363","geometry":{"type":"Point","coordinates":[-73.919832721814,40.756177021511]},"properties":{"id":"eoy-45211422f363","name":"ECUADORIAN FOOD RESTAURANT","legalName":"ECUADORIAN FOOD RESTAURANT CORP.","street":"41-20 34 AVENUE","neighborhood":"LONG ISLAND CITY","borough":"Queens","zip":"11101","type":"sidewalk","status":"Issued","licenseIssued":"2026-06-19","licenseExpires":"2030-06-19","nta":"QN0104","bbl":"4006740018","sid":["row-mvp8.t86f~xsrf"]}},{"type":"Feature","id":"eoy-4555b729f606","geometry":{"type":"Point","coordinates":[-73.968041663012,40.793057144077]},"properties":{"id":"eoy-4555b729f606","name":"EFFY'S CAFE","legalName":"CAFE 96 CORP","street":"104 WEST 96 STREET","neighborhood":"NEW YORK","borough":"Manhattan","zip":"10025","type":"sidewalk","status":"Issued","licenseIssued":"2026-05-08","licenseExpires":"2030-05-08","nta":"MN0702","bbl":"1012260037","sid":["row-53a6.xcpd_fqne"]}},{"type":"Feature","id":"eoy-457119fecee0","geometry":{"type":"Point","coordinates":[-73.921788629249,40.759620300431]},"properties":{"id":"eoy-457119fecee0","name":"CITRICO","legalName":"CITRUS AND SPICE LLC","street":"32-90 36 STREET","neighborhood":"ASTORIA","borough":"Queens","zip":"11106","type":"sidewalk","status":"Issued","licenseIssued":"2026-07-24","licenseExpires":"2030-07-24","nta":"QN0103","bbl":"4006460077","sid":["row-rijk-7ugf_tvrj"]}},{"type":"Feature","id":"eoy-45756ae77241","geometry":{"type":"Point","coordinates":[-73.994133944178,40.681286441746]},"properties":{"id":"eoy-45756ae77241","name":"LIZ'S BOOK BAR","legalName":"LIZ'S BOOK BAR, LLC","street":"315 SMITH STREET","neighborhood":"BROOKLYN","borough":"Brooklyn","zip":"11231","type":"roadway","status":"Issued","licenseIssued":"2026-05-29","licenseExpires":"2030-05-29","nta":"BK0601","bbl":"3004360005","sid":["row-c24r~5q24_x2u8"]}},{"type":"Feature","id":"eoy-459c53ec772c","geometry":{"type":"Point","coordinates":[-73.975293334643,40.687119320033]},"properties":{"id":"eoy-459c53ec772c","name":"BLANK STREET","legalName":"BLANK STREET INC.","street":"75 LAFAYETTE AVENUE","neighborhood":"BROOKLYN","borough":"Brooklyn","zip":"11217","type":"both","status":"Issued","licenseIssued":"2026-05-08","licenseExpires":"2030-05-08","nta":"BK0203","bbl":"3020990086","sid":["row-g5zd~bzc4_t44j","row-vrih~9dxn-mech"]}},{"type":"Feature","id":"eoy-45e75945d4ce","geometry":{"type":"Point","coordinates":[-73.989047986189,40.738874077713]},"properties":{"id":"eoy-45e75945d4ce","name":"MARI VANNA","legalName":"GINZA 2 LLC","street":"41 EAST 20 STREET","neighborhood":"NEW YORK","borough":"Manhattan","zip":"10003","type":"roadway","status":"Issued","licenseIssued":"2026-01-09","licenseExpires":"2030-01-09","nta":"MN0501","bbl":"1008490029","sid":["row-nf4k~hxt5-sg49"]}},{"type":"Feature","id":"eoy-463768b20b8b","geometry":{"type":"Point","coordinates":[-73.977700149498,40.746280547669]},"properties":{"id":"eoy-463768b20b8b","name":"TED'S CORNER TAVERN","legalName":"523 Restaurant Corp","street":"523 3 AVENUE","neighborhood":"NEW YORK","borough":"Manhattan","zip":"10016","type":"sidewalk","status":"Issued","licenseIssued":"2026-04-17","licenseExpires":"2030-04-17","nta":"MN0603","bbl":"1009150061","sid":["row-yu74-ci62~kq7t"]}},{"type":"Feature","id":"eoy-46571dee9c2a","geometry":{"type":"Point","coordinates":[-73.991605820527,40.715423012404]},"properties":{"id":"eoy-46571dee9c2a","name":"TREASURE CLUB","legalName":"TREASURE CLUB INTERNATIONAL INC.","street":"22 ORCHARD STREET","neighborhood":"NEW YORK","borough":"Manhattan","zip":"10002","type":"sidewalk","status":"Issued","licenseIssued":"2026-07-20","licenseExpires":"2030-07-20","nta":"MN0301","bbl":"1002980005","sid":["row-ef3g.idvw-x6hd"]}},{"type":"Feature","id":"eoy-468034440689","geometry":{"type":"Point","coordinates":[-73.919607792578,40.76605525318]},"properties":{"id":"eoy-468034440689","name":"NEW YORK CITY BAGEL & COFFEE HOUSE","legalName":"NYCBCH III INC","street":"33-10 30 AVENUE","neighborhood":"ASTORIA","borough":"Queens","zip":"11103","type":"sidewalk","status":"Issued","licenseIssued":"2026-07-31","licenseExpires":"2030-07-31","nta":"QN0103","bbl":"4006250045","sid":["row-ahb7.rrbk.ckub"]}},{"type":"Feature","id":"eoy-4695a9a07635","geometry":{"type":"Point","coordinates":[-73.917773286402,40.781103452453]},"properties":{"id":"eoy-4695a9a07635","name":"AGNANTI","legalName":"MS RESTAURANT CORP.","street":"19-06 DITMARS BOULEVARD","neighborhood":"ASTORIA","borough":"Queens","zip":"11105","type":"sidewalk","status":"Issued","licenseIssued":"2026-03-13","licenseExpires":"2030-03-13","nta":"QN0101","bbl":"4008910030","sid":["row-7ve3-sdud~aw7u"]}},{"type":"Feature","id":"eoy-470cc61883d9","geometry":{"type":"Point","coordinates":[-73.960803396652,40.71494177619]},"properties":{"id":"eoy-470cc61883d9","name":"MARTHA'S COUNTRY BAKERY","legalName":"MARTHA'S 263 BEDFORD AVE LLC","street":"263 BEDFORD AVENUE","neighborhood":"BROOKLYN","borough":"Brooklyn","zip":"11211","type":"sidewalk","status":"Issued","licenseIssued":"2026-09-02","licenseExpires":"2030-09-02","nta":"BK0102","bbl":"3023660001","sid":["row-g7bx_824j_24tz"]}},{"type":"Feature","id":"eoy-470f8323b432","geometry":{"type":"Point","coordinates":[-73.992946605895,40.726050842121]},"properties":{"id":"eoy-470f8323b432","name":"GJELINA","legalName":"MELVINDALE NY, LLC","street":"45 BOND STREET","neighborhood":"NEW YORK","borough":"Manhattan","zip":"10012","type":"roadway","status":"Issued","licenseIssued":"2026-06-05","licenseExpires":"2030-06-05","nta":"MN0202","bbl":"1005290031","sid":["row-5rwy_e6a2.5382"]}},{"type":"Feature","id":"eoy-4713bae0953f","geometry":{"type":"Point","coordinates":[-74.003135217816,40.725524021007]},"properties":{"id":"eoy-4713bae0953f","name":"BLUE RIBBON BRASSERIE","legalName":"THE CRYSTAL ROOM LP","street":"97 SULLIVAN STREET","neighborhood":"NEW YORK","borough":"Manhattan","zip":"10012","type":"both","status":"Issued","licenseIssued":"2026-02-27","licenseExpires":"2030-02-27","nta":"MN0201","bbl":"1005030001","sid":["row-58w2-7xqk.983j","row-xe76~frnn-ekqz"]}},{"type":"Feature","id":"eoy-473043ebda69","geometry":{"type":"Point","coordinates":[-73.95132543479,40.712286697923]},"properties":{"id":"eoy-473043ebda69","name":"HIDDEN GROUNDS","legalName":"HIDDEN GROUNDS LLC","street":"400 UNION AVENUE","neighborhood":"BROOKLYN","borough":"Brooklyn","zip":"11211","type":"sidewalk","status":"Issued","licenseIssued":"2026-08-14","licenseExpires":"2030-08-14","nta":"BK0102","bbl":"3027730008","sid":["row-u5vn~5bu4-bnwz"]}},{"type":"Feature","id":"eoy-476bb0923a35","geometry":{"type":"Point","coordinates":[-74.000757837422,40.742154589856]},"properties":{"id":"eoy-476bb0923a35","name":"DA ANDREA RISTORANTE","legalName":"ANDREAS CH, LLC","street":"160 8 AVENUE","neighborhood":"NEW YORK","borough":"Manhattan","zip":"10011","type":"both","status":"Issued","licenseIssued":"2024-10-24","licenseExpires":"2028-10-24","nta":"MN0401","bbl":"1007670071","sid":["row-ic5v.yd3k~ww7u","row-wivn.txaw-ybmt"]}},{"type":"Feature","id":"eoy-477682176555","geometry":{"type":"Point","coordinates":[-73.942623750131,40.747179629635]},"properties":{"id":"eoy-477682176555","name":"SWEETGREEN","legalName":"SWEETGREEN NEW YORK, LLC","street":"25-35 44 DRIVE","neighborhood":"LONG ISLAND CITY","borough":"Queens","zip":"11101","type":"sidewalk","status":"Issued","licenseIssued":"2026-07-31","licenseExpires":"2030-07-31","nta":"QN0201","bbl":"4004337501","sid":["row-iksq-33my.dpdc"]}},{"type":"Feature","id":"eoy-4785883a864f","geometry":{"type":"Point","coordinates":[-73.954933246791,40.780366503147]},"properties":{"id":"eoy-4785883a864f","name":"BOCADO CAFE","legalName":"STRATOS BAKERY CORP","street":"1297 LEXINGTON AVENUE","neighborhood":"NEW YORK","borough":"Manhattan","zip":"10128","type":"roadway","status":"Issued","licenseIssued":"2025-08-22","licenseExpires":"2029-08-22","nta":"MN0802","bbl":"1015160020","sid":["row-536x_bvf5.krd4"]}},{"type":"Feature","id":"eoy-4792457aa58b","geometry":{"type":"Point","coordinates":[-73.960704425666,40.772458240805]},"properties":{"id":"eoy-4792457aa58b","name":"ORSAY","legalName":"TERMINUS RESTAURANT ASSOCIATES LLC","street":"1057 LEXINGTON AVENUE","neighborhood":"NEW YORK","borough":"Manhattan","zip":"10021","type":"roadway","status":"Issued","licenseIssued":"2026-04-10","licenseExpires":"2030-04-10","nta":"MN0802","bbl":"1014100023","sid":["row-2262~af83.hmwr"]}},{"type":"Feature","id":"eoy-47deac9f9199","geometry":{"type":"Point","coordinates":[-73.940269109078,40.825096455892]},"properties":{"id":"eoy-47deac9f9199","name":"Beniam Cuisine","legalName":"BENIAM CUSINE INC","street":"2795 FREDERICK DOUGLASS BOULEVARD","neighborhood":"NEW YORK","borough":"Manhattan","zip":"10039","type":"sidewalk","status":"Issued","licenseIssued":"2026-08-14","licenseExpires":"2030-08-14","nta":"MN1002","bbl":"1020450073","sid":["row-sxvx~ftif-fuwn"]}},{"type":"Feature","id":"eoy-47e2c169fc5c","geometry":{"type":"Point","coordinates":[-73.978790374145,40.666248744132]},"properties":{"id":"eoy-47e2c169fc5c","name":"PASTA LOUISE","legalName":"PASTA LOUISE RESTAURANT LLC","street":"803 8 AVENUE","neighborhood":"BROOKLYN","borough":"Brooklyn","zip":"11215","type":"both","status":"Issued","licenseIssued":"2026-03-13","licenseExpires":"2030-03-13","nta":"BK0602","bbl":"3010917501","sid":["row-easu_vi83~t5hu","row-jmzr_mp79-iwv2"]}},{"type":"Feature","id":"eoy-4812f9d54665","geometry":{"type":"Point","coordinates":[-73.949806448179,40.827318769885]},"properties":{"id":"eoy-4812f9d54665","name":"MAMASUSHI","legalName":"SUSHI VIDA 146 LLC","street":"3569 BROADWAY","neighborhood":"NEW YORK","borough":"Manhattan","zip":"10031","type":"sidewalk","status":"Issued","licenseIssued":"2026-09-04","licenseExpires":"2030-09-04","nta":"MN0903","bbl":"1020930029","sid":["row-5t88~9rxp.t4p9"]}},{"type":"Feature","id":"eoy-4824a10ac6d7","geometry":{"type":"Point","coordinates":[-73.960501472961,40.761624615109]},"properties":{"id":"eoy-4824a10ac6d7","name":"RAVAGH PERSIAN GRILL","legalName":"FIRST AVENUE PERSIAN GRILLE INC","street":"1135 1 AVENUE","neighborhood":"NEW YORK","borough":"Manhattan","zip":"10065","type":"roadway","status":"Issued","licenseIssued":"2025-05-02","licenseExpires":"2029-05-02","nta":"MN0801","bbl":"1014370026","sid":["row-3vgi-9dfc_yekw"]}},{"type":"Feature","id":"eoy-483bc3b09162","geometry":{"type":"Point","coordinates":[-73.982288826192,40.740020544424]},"properties":{"id":"eoy-483bc3b09162","name":"DOG & BONE","legalName":"CARRA LLC","street":"338 3 AVENUE","neighborhood":"NEW YORK","borough":"Manhattan","zip":"10010","type":"sidewalk","status":"Issued","licenseIssued":"2026-06-19","licenseExpires":"2030-06-19","nta":"MN0602","bbl":"1008800050","sid":["row-458c~trpd~m2wm"]}},{"type":"Feature","id":"eoy-48628008e3ac","geometry":{"type":"Point","coordinates":[-73.979677063748,40.784260120614]},"properties":{"id":"eoy-48628008e3ac","name":"BAREBURGER","legalName":"WEST FOURTEENTH KITCHEN LLC","street":"2233 BROADWAY","neighborhood":"NEW YORK","borough":"Manhattan","zip":"10024","type":"sidewalk","status":"Issued","licenseIssued":"2026-08-07","licenseExpires":"2030-08-07","nta":"MN0702","bbl":"1012270054","sid":["row-k328.9h5b.99dn"]}},{"type":"Feature","id":"eoy-486ab1ad3d38","geometry":{"type":"Point","coordinates":[-73.91885120451,40.758907368093]},"properties":{"id":"eoy-486ab1ad3d38","name":"NEW YORK CITY BAGEL & COFFEE HOUSE","legalName":"NYCBCH LLC","street":"40-05 BROADWAY","neighborhood":"ASTORIA","borough":"Queens","zip":"11103","type":"sidewalk","status":"Issued","licenseIssued":"2026-07-20","licenseExpires":"2030-07-20","nta":"QN0104","bbl":"4006780005","sid":["row-hnuy.zy5y-v8se"]}},{"type":"Feature","id":"eoy-487409a66ed5","geometry":{"type":"Point","coordinates":[-73.965204743703,40.679615231879]},"properties":{"id":"eoy-487409a66ed5","name":"LELAND EATING & DRINKING HOUSE","legalName":"GREEN CANOE HOSPITALITY LLC","street":"755 DEAN ST","neighborhood":"BROOKLYN","borough":"Brooklyn","zip":"11238","type":"sidewalk","status":"Issued","licenseIssued":"2026-07-30","licenseExpires":"2030-07-30","nta":"BK0801","bbl":"3011300045","sid":["row-2d3w_utsm_y5ct"]}},{"type":"Feature","id":"eoy-48b10893d149","geometry":{"type":"Point","coordinates":[-74.00823201583,40.716751492059]},"properties":{"id":"eoy-48b10893d149","name":"TINY'S & THE BAR UPSTAIRS","legalName":"135 WEST B FOOD & DRINK LLC","street":"135 WEST BROADWAY","neighborhood":"NEW YORK","borough":"Manhattan","zip":"10013","type":"sidewalk","status":"Issued","licenseIssued":"2026-01-16","licenseExpires":"2030-01-16","nta":"MN0102","bbl":"1001470012","sid":["row-tu6n.ycsq_tqn8"]}},{"type":"Feature","id":"eoy-48f829a57fb4","geometry":{"type":"Point","coordinates":[-73.975078012621,40.790105535432]},"properties":{"id":"eoy-48f829a57fb4","name":"WATER & WHEAT","legalName":"2418 WATER & WHEAT LLC","street":"2418 BROADWAY","neighborhood":"NEW YORK","borough":"Manhattan","zip":"10024","type":"sidewalk","status":"Issued","licenseIssued":"2026-07-31","licenseExpires":"2030-07-31","nta":"MN0702","bbl":"1012360044","sid":["row-tmxm~jt7j.b4ru"]}},{"type":"Feature","id":"eoy-48fa917976a6","geometry":{"type":"Point","coordinates":[-74.002816100061,40.60211059759]},"properties":{"id":"eoy-48fa917976a6","name":"CAIRO RX CAFE","legalName":"CAIRO RX INC","street":"1932 BATH AVENUE","neighborhood":"BROOKLYN","borough":"Brooklyn","zip":"11214","type":"sidewalk","status":"Issued","licenseIssued":"2026-07-31","licenseExpires":"2030-07-31","nta":"BK1102","bbl":"3064400031","sid":["row-rv8g-rxfp.3gf9"]}},{"type":"Feature","id":"eoy-4913e907d3ce","geometry":{"type":"Point","coordinates":[-73.973781819159,40.789386121987]},"properties":{"id":"eoy-4913e907d3ce","name":"YASOUVLAKI","legalName":"592 YASOU LLC","street":"592 AMSTERDAM AVENUE","neighborhood":"NEW YORK","borough":"Manhattan","zip":"10024","type":"sidewalk","status":"Issued","licenseIssued":"2026-07-31","licenseExpires":"2030-07-31","nta":"MN0702","bbl":"1012360035","sid":["row-hqrt~szk6-v9hr"]}},{"type":"Feature","id":"eoy-49563a8b5d3a","geometry":{"type":"Point","coordinates":[-73.996980477312,40.720158004701]},"properties":{"id":"eoy-49563a8b5d3a","name":"LUNELLA RISTORANTE","legalName":"LUNELLA RISTORANTE INC","street":"173 MULBERRY STREET","neighborhood":"NEW YORK","borough":"Manhattan","zip":"10013","type":"both","status":"Issued","licenseIssued":"2026-06-05","licenseExpires":"2030-06-05","nta":"MN0201","bbl":"1004710016","sid":["row-gdtb-v232~8hp3","row-p74d_4wjj.3254"]}},{"type":"Feature","id":"eoy-4987e42c60f6","geometry":{"type":"Point","coordinates":[-73.980896580817,40.750170451256]},"properties":{"id":"eoy-4987e42c60f6","name":"SERAFINA","legalName":"SERAFINA 38TH STREET LLC","street":"22 EAST 38 STREET","neighborhood":"NEW YORK","borough":"Manhattan","zip":"10016","type":"sidewalk","status":"Issued","licenseIssued":"2026-08-21","licenseExpires":"2030-08-21","nta":"MN0502","bbl":"1008670055","sid":["row-guvx~xjqp~2f75"]}},{"type":"Feature","id":"eoy-49b92508a7cb","geometry":{"type":"Point","coordinates":[-73.961304233603,40.771632273095]},"properties":{"id":"eoy-49b92508a7cb","name":"COLOMBA COFFEE + BAKERY","legalName":"1031 LEX AVE HOSPITALITY LLC","street":"1031 LEXINGTON AVENUE","neighborhood":"NEW YORK","borough":"Manhattan","zip":"10021","type":"sidewalk","status":"Issued","licenseIssued":"2026-07-24","licenseExpires":"2030-07-24","nta":"MN0802","bbl":"1014080053","sid":["row-9s9a.ks2n-t2na"]}},{"type":"Feature","id":"eoy-4a758deccaf6","geometry":{"type":"Point","coordinates":[-73.965684089037,40.805569772057]},"properties":{"id":"eoy-4a758deccaf6","name":"LE MONDE","legalName":"112 FRENCH INC","street":"2883 BROADWAY","neighborhood":"NEW YORK","borough":"Manhattan","zip":"10025","type":"sidewalk","status":"Issued","licenseIssued":"2026-06-19","licenseExpires":"2030-06-19","nta":"MN0901","bbl":"1018950016","sid":["row-hvi4~aq37-hfex"]}},{"type":"Feature","id":"eoy-4a80c0bead2b","geometry":{"type":"Point","coordinates":[-73.988636023651,40.721216961686]},"properties":{"id":"eoy-4a80c0bead2b","name":"HAIR OF THE DOG","legalName":"168 ORCHARD STREET PARTNERS INC","street":"168 ORCHARD STREET","neighborhood":"NEW YORK","borough":"Manhattan","zip":"10002","type":"sidewalk","status":"Issued","licenseIssued":"2026-04-24","licenseExpires":"2030-04-24","nta":"MN0302","bbl":"1004110012","sid":["row-rtgs-mrx3-nb9f"]}},{"type":"Feature","id":"eoy-4a8ec5323733","geometry":{"type":"Point","coordinates":[-73.982342983442,40.739916251769]},"properties":{"id":"eoy-4a8ec5323733","name":"SUNFLOWER GRAMERCY","legalName":"335 SFD CORP","street":"335 3 AVENUE","neighborhood":"NEW YORK","borough":"Manhattan","zip":"10010","type":"both","status":"Issued","licenseIssued":"2026-05-15","licenseExpires":"2030-05-15","nta":"MN0603","bbl":"1009050057","sid":["row-js9u~kh4a~ivnr","row-v3df~fwmq~3bak"]}},{"type":"Feature","id":"eoy-4a901e61465b","geometry":{"type":"Point","coordinates":[-73.995778971973,40.723144273505]},"properties":{"id":"eoy-4a901e61465b","name":"7TH STREET BURGER","legalName":"250 MULBERRY BB LLC","street":"250 MULBERRY STREET","neighborhood":"NEW YORK","borough":"Manhattan","zip":"10012","type":"roadway","status":"Issued","licenseIssued":"2026-04-17","licenseExpires":"2030-04-17","nta":"MN0201","bbl":"1004940014","sid":["row-pydh~pbm6_2g6d"]}},{"type":"Feature","id":"eoy-4ad54ee372a8","geometry":{"type":"Point","coordinates":[-73.956538796394,40.771281983582]},"properties":{"id":"eoy-4ad54ee372a8","name":"THE STUMBLE INN","legalName":"MBRP REST. INC.","street":"1454 2 AVENUE","neighborhood":"NEW YORK","borough":"Manhattan","zip":"10021","type":"sidewalk","status":"Issued","licenseIssued":"2026-03-27","licenseExpires":"2030-03-27","nta":"MN0801","bbl":"1014500049","sid":["row-cdbd.m8wi~mac7"]}},{"type":"Feature","id":"eoy-4addfdbe5c99","geometry":{"type":"Point","coordinates":[-74.004080256242,40.721991476451]},"properties":{"id":"eoy-4addfdbe5c99","name":"MAMO RESTAURANT","legalName":"323 MM NYC LLC","street":"323 WEST BROADWAY","neighborhood":"NEW YORK","borough":"Manhattan","zip":"10013","type":"sidewalk","status":"Issued","licenseIssued":"2026-04-03","licenseExpires":"2030-04-03","nta":"MN0201","bbl":"1002280111","sid":["row-3cvj~m96z.9fpe"]}},{"type":"Feature","id":"eoy-4ae1344759f2","geometry":{"type":"Point","coordinates":[-74.001465015422,40.735951417703]},"properties":{"id":"eoy-4ae1344759f2","name":"FELLINI CUCINA / FELLINI COFFEE","legalName":"PYRAMID EFFECT LLC","street":"176 7 AVENUE SOUTH","neighborhood":"NEW YORK","borough":"Manhattan","zip":"10014","type":"sidewalk","status":"Issued","licenseIssued":"2026-07-21","licenseExpires":"2030-07-21","nta":"MN0203","bbl":"1006130068","sid":["row-x3qj.7yq5~454r"]}},{"type":"Feature","id":"eoy-4afb021eede8","geometry":{"type":"Point","coordinates":[-73.998401919651,40.7174132655]},"properties":{"id":"eoy-4afb021eede8","name":"CAFFE DE LA VENEZIA","legalName":"CAFFE DE LA VENEZIA CORP","street":"105 MULBERRY STREET","neighborhood":"NEW YORK","borough":"Manhattan","zip":"10013","type":"roadway","status":"Issued","licenseIssued":"2026-07-24","licenseExpires":"2030-07-24","nta":"MN0201","bbl":"1002060026","sid":["row-ecrv_atag-q8iv"]}},{"type":"Feature","id":"eoy-4b1292432708","geometry":{"type":"Point","coordinates":[-73.979857732295,40.664967125464]},"properties":{"id":"eoy-4b1292432708","name":"FLORA","legalName":"FLORA TASTE EXPERIENCE LLC","street":"1021 8 AVENUE","neighborhood":"BROOKLYN","borough":"Brooklyn","zip":"11215","type":"sidewalk","status":"Issued","licenseIssued":"2026-09-11","licenseExpires":"2030-09-11","nta":"BK0602","bbl":"3010950001","sid":["row-762q-6bh7_8wvj"]}},{"type":"Feature","id":"eoy-4b75724ec0c0","geometry":{"type":"Point","coordinates":[-73.92411693894,40.743792823972]},"properties":{"id":"eoy-4b75724ec0c0","name":"SOLELUNA","legalName":"IL SOLE LLC","street":"40-01 QUEENS BOULEVARD","neighborhood":"SUNNYSIDE","borough":"Queens","zip":"11104","type":"roadway","status":"Issued","licenseIssued":"2026-03-06","licenseExpires":"2030-03-06","nta":"QN0202","bbl":"4001890005","sid":["row-zc59-wnw5.zw8e"]}},{"type":"Feature","id":"eoy-4bf952a04e2f","geometry":{"type":"Point","coordinates":[-73.986775746534,40.751162138093]},"properties":{"id":"eoy-4bf952a04e2f","name":"ROMA PIZZA","legalName":"980 FOOD CORP","street":"980 6 AVENUE","neighborhood":"NEW YORK","borough":"Manhattan","zip":"10018","type":"sidewalk","status":"Issued","licenseIssued":"2026-08-21","licenseExpires":"2030-08-21","nta":"MN0502","bbl":"1008380001","sid":["row-zbe5_ah59_8brg"]}},{"type":"Feature","id":"eoy-4bf9ace8a722","geometry":{"type":"Point","coordinates":[-73.957518035217,40.769973101492]},"properties":{"id":"eoy-4bf9ace8a722","name":"A LA TURKA","legalName":"ALA TURK INC.","street":"1417 2 AVENUE","neighborhood":"NEW YORK","borough":"Manhattan","zip":"10021","type":"both","status":"Issued","licenseIssued":"2025-06-27","licenseExpires":"2029-06-27","nta":"MN0801","bbl":"1014280028","sid":["row-aqqw-bcy6-4ume","row-yp3d_kb2f.f38f"]}},{"type":"Feature","id":"eoy-4c13894c1788","geometry":{"type":"Point","coordinates":[-73.987288239306,40.732420955586]},"properties":{"id":"eoy-4c13894c1788","name":"SOOTHR","legalName":"SOOTHR LIMITED","street":"204 EAST 13 STREET","neighborhood":"NEW YORK","borough":"Manhattan","zip":"10003","type":"sidewalk","status":"Issued","licenseIssued":"2026-05-15","licenseExpires":"2030-05-15","nta":"MN0303","bbl":"1004680011","sid":["row-zu7w~huu5.fqkc"]}},{"type":"Feature","id":"eoy-4c94adbdc863","geometry":{"type":"Point","coordinates":[-73.957565413668,40.729767857168]},"properties":{"id":"eoy-4c94adbdc863","name":"SONNY'S CORNER","legalName":"142 FRANKLIN STREET INC.","street":"142 FRANKLIN STREET","neighborhood":"BROOKLYN","borough":"Brooklyn","zip":"11222","type":"sidewalk","status":"Issued","licenseIssued":"2026-09-11","licenseExpires":"2030-09-11","nta":"BK0101","bbl":"3025630008","sid":["row-hprq~edjf-pr7j"]}},{"type":"Feature","id":"eoy-4cabad03001b","geometry":{"type":"Point","coordinates":[-73.980490745124,40.780189793146]},"properties":{"id":"eoy-4cabad03001b","name":"MIRIAM","legalName":"HBM UWS LLC","street":"300 AMSTERDAM AVENUE","neighborhood":"NEW YORK","borough":"Manhattan","zip":"10023","type":"sidewalk","status":"Issued","licenseIssued":"2025-11-21","licenseExpires":"2029-11-21","nta":"MN0702","bbl":"1011667501","sid":["row-re4a.5t5n-yumm"]}},{"type":"Feature","id":"eoy-4cb063f184e8","geometry":{"type":"Point","coordinates":[-73.981380276359,40.749939970848]},"properties":{"id":"eoy-4cb063f184e8","name":"RICO BAGEL","legalName":"RICO BAGEL INC.","street":"238 MADISON AVENUE","neighborhood":"NEW YORK","borough":"Manhattan","zip":"10016","type":"sidewalk","status":"Issued","licenseIssued":"2026-03-06","licenseExpires":"2030-03-06","nta":"MN0502","bbl":"1008670016","sid":["row-fzaw~nhdh~a4nr"]}},{"type":"Feature","id":"eoy-4cc043361f34","geometry":{"type":"Point","coordinates":[-73.906670026382,40.773286132259]},"properties":{"id":"eoy-4cc043361f34","name":"EL GRECO","legalName":"EL GRECO 1 LLC","street":"38-07 DITMARS BOULEVARD","neighborhood":"ASTORIA","borough":"Queens","zip":"11105","type":"sidewalk","status":"Issued","licenseIssued":"2026-07-21","licenseExpires":"2030-07-21","nta":"QN0101","bbl":"4008077501","sid":["row-6p4c_pjjm-djit"]}},{"type":"Feature","id":"eoy-4cca7b61578b","geometry":{"type":"Point","coordinates":[-73.98217545782,40.772482796558]},"properties":{"id":"eoy-4cca7b61578b","name":"ROSETTA BAKERY","legalName":"DECO UWS LLC","street":"1928 BROADWAY","neighborhood":"NEW YORK","borough":"Manhattan","zip":"10023","type":"sidewalk","status":"Issued","licenseIssued":"2026-08-07","licenseExpires":"2030-08-07","nta":"MN0701","bbl":"1011170001","sid":["row-7u46_4sam-f7gc"]}},{"type":"Feature","id":"eoy-4ccb06270ac9","geometry":{"type":"Point","coordinates":[-73.963882262973,40.678357715508]},"properties":{"id":"eoy-4ccb06270ac9","name":"FINN'S CORNER","legalName":"FINNISTER LLC","street":"660 WASHINGTON AVENUE","neighborhood":"BROOKLYN","borough":"Brooklyn","zip":"11238","type":"sidewalk","status":"Issued","licenseIssued":"2026-05-15","licenseExpires":"2030-05-15","nta":"BK0801","bbl":"3011460023","sid":["row-yhem-3tny.9gi2"]}},{"type":"Feature","id":"eoy-4ccc6befd847","geometry":{"type":"Point","coordinates":[-74.000483483993,40.73001175509]},"properties":{"id":"eoy-4ccc6befd847","name":"CAFE WHA","legalName":"WHANY LLC","street":"115 MACDOUGAL STREET","neighborhood":"NEW YORK","borough":"Manhattan","zip":"10012","type":"roadway","status":"Issued","licenseIssued":"2026-05-22","licenseExpires":"2030-05-22","nta":"MN0202","bbl":"1005430023","sid":["row-bkzk.bgjs-2wvu"]}},{"type":"Feature","id":"eoy-4cea8aadb0c5","geometry":{"type":"Point","coordinates":[-73.958417840204,40.711018660657]},"properties":{"id":"eoy-4cea8aadb0c5","name":"SERENDIPITY BROOKLYN","legalName":"SERENDIPITY BK LLC","street":"229 SOUTH 3 STREET","neighborhood":"BROOKLYN","borough":"Brooklyn","zip":"11211","type":"roadway","status":"Issued","licenseIssued":"2026-05-08","licenseExpires":"2030-05-08","nta":"BK0102","bbl":"3024200034","sid":["row-5rgy_hika_mxu2"]}},{"type":"Feature","id":"eoy-4d535a33f666","geometry":{"type":"Point","coordinates":[-73.968428147336,40.755017689672]},"properties":{"id":"eoy-4d535a33f666","name":"CRAVE FISH BAR/CRAVE SUSHI BAR","legalName":"MIDTOWN HOSPITALITY LLC","street":"945 2 AVENUE","neighborhood":"NEW YORK","borough":"Manhattan","zip":"10022","type":"sidewalk","status":"Issued","licenseIssued":"2026-07-21","licenseExpires":"2030-07-21","nta":"MN0604","bbl":"1013240023","sid":["row-xtbp~nt3z~7wqw"]}},{"type":"Feature","id":"eoy-4da5f8a16313","geometry":{"type":"Point","coordinates":[-73.99101793736,40.714637964045]},"properties":{"id":"eoy-4da5f8a16313","name":"CLANDESTINO","legalName":"35 CANAL CAFE LLC","street":"35 CANAL STREET","neighborhood":"NEW YORK","borough":"Manhattan","zip":"10002","type":"roadway","status":"Issued","licenseIssued":"2026-03-13","licenseExpires":"2030-03-13","nta":"MN0301","bbl":"1002970036","sid":["row-h45g.5jwp~b3bf"]}},{"type":"Feature","id":"eoy-4db6def9181b","geometry":{"type":"Point","coordinates":[-73.965449124356,40.805899071211]},"properties":{"id":"eoy-4db6def9181b","name":"COMMUNITY FOOD AND JUICE","legalName":"2896 BROADWAY FOOD SERVICE INC.","street":"2893 BROADWAY","neighborhood":"NEW YORK","borough":"Manhattan","zip":"10025","type":"sidewalk","status":"Issued","licenseIssued":"2026-07-21","licenseExpires":"2030-07-21","nta":"MN0901","bbl":"1018950023","sid":["row-b7i7-w5p6~zn6f"]}},{"type":"Feature","id":"eoy-4dfce8874afa","geometry":{"type":"Point","coordinates":[-73.991586229513,40.670757322307]},"properties":{"id":"eoy-4dfce8874afa","name":"TABLE 87 / EIGHTY-SEVEN NEXT DOOR","legalName":"table 87 GOWANUS NYC LLC","street":"473 3 AVENUE","neighborhood":"BROOKLYN","borough":"Brooklyn","zip":"11215","type":"both","status":"Issued","licenseIssued":"2026-03-27","licenseExpires":"2030-03-27","nta":"BK0601","bbl":"3010150011","sid":["row-ksu7_nvna~57is","row-q6ua~wphs.zphs"]}},{"type":"Feature","id":"eoy-4e6d45daa0ce","geometry":{"type":"Point","coordinates":[-73.99727578497,40.732630229695]},"properties":{"id":"eoy-4e6d45daa0ce","name":"AMELIE","legalName":"THE CELLAR OF AMELIE, LLC","street":"22 WEST 8 STREET","neighborhood":"NEW YORK","borough":"Manhattan","zip":"10011","type":"sidewalk","status":"Issued","licenseIssued":"2026-06-25","licenseExpires":"2030-06-25","nta":"MN0202","bbl":"1005510023","sid":["row-7jku-z73p_hyaw"]}},{"type":"Feature","id":"eoy-4f0b15f50650","geometry":{"type":"Point","coordinates":[-74.021381725269,40.618574604774]},"properties":{"id":"eoy-4f0b15f50650","name":"BURGERFI","legalName":"BROOKLYN BURGERS LLC","street":"719 86 STREET","neighborhood":"BROOKLYN","borough":"Brooklyn","zip":"11228","type":"sidewalk","status":"Issued","licenseIssued":"2026-05-08","licenseExpires":"2030-05-08","nta":"BK1002","bbl":"3060370060","sid":["row-grxy.4h2a-jash"]}},{"type":"Feature","id":"eoy-4f1e6d7fc830","geometry":{"type":"Point","coordinates":[-74.000133525454,40.743008213452]},"properties":{"id":"eoy-4f1e6d7fc830","name":"ZIZI","legalName":"NEW HK 2LLC","street":"182 8 AVENUE","neighborhood":"NEW YORK","borough":"Manhattan","zip":"10011","type":"both","status":"Issued","licenseIssued":"2026-09-11","licenseExpires":"2030-09-11","nta":"MN0401","bbl":"1007690001","sid":["row-5fym-6gby~492a","row-cp57_nqfy~73qd"]}},{"type":"Feature","id":"eoy-4f2a274ef7e8","geometry":{"type":"Point","coordinates":[-74.007348393635,40.718406647231]},"properties":{"id":"eoy-4f2a274ef7e8","name":"SQUARE DINER","legalName":"TK RESTAURANT CORP","street":"33 LEONARD STREET","neighborhood":"NEW YORK","borough":"Manhattan","zip":"10013","type":"both","status":"Issued","licenseIssued":"2025-07-03","licenseExpires":"2029-07-03","nta":"MN0102","bbl":"1001790042","sid":["row-7npx-6y3d~u3ic","row-dgtc-vpit~hy5q"]}},{"type":"Feature","id":"eoy-4f43aa091d05","geometry":{"type":"Point","coordinates":[-73.983474927753,40.730101143043]},"properties":{"id":"eoy-4f43aa091d05","name":"SARITA'S MAC & CHEESE","legalName":"SARITA'S MACARONI & CHEESE EV, LLC","street":"197 1 AVENUE","neighborhood":"NEW YORK","borough":"Manhattan","zip":"10003","type":"sidewalk","status":"Issued","licenseIssued":"2026-05-15","licenseExpires":"2030-05-15","nta":"MN0303","bbl":"1004540045","sid":["row-c7km.i8y4~gyjc"]}},{"type":"Feature","id":"eoy-4f462169e6fc","geometry":{"type":"Point","coordinates":[-73.978243046895,40.741548681548]},"properties":{"id":"eoy-4f462169e6fc","name":"PADDY REILLY'S MUSIC BAR","legalName":"KIPS BAY MUSIC BAR, LLC","street":"519 2 AVENUE","neighborhood":"NEW YORK","borough":"Manhattan","zip":"10016","type":"sidewalk","status":"Issued","licenseIssued":"2026-02-13","licenseExpires":"2030-02-13","nta":"MN0603","bbl":"1009090034","sid":["row-a7gb~egxe-3jbi"]}},{"type":"Feature","id":"eoy-4f59cd4c13c9","geometry":{"type":"Point","coordinates":[-73.922714370758,40.705513358783]},"properties":{"id":"eoy-4f59cd4c13c9","name":"SANTA SALSA","legalName":"SANTA SALSA , LLC","street":"234 STARR STREET","neighborhood":"BROOKLYN","borough":"Brooklyn","zip":"11237","type":"both","status":"Issued","licenseIssued":"2026-07-31","licenseExpires":"2030-07-31","nta":"BK0401","bbl":"3031990026","sid":["row-46ei.5vyh~r8yx","row-d8pn~w3fa~dw59"]}},{"type":"Feature","id":"eoy-4f7c39ccb519","geometry":{"type":"Point","coordinates":[-73.98915623929,40.738898790868]},"properties":{"id":"eoy-4f7c39ccb519","name":"NAR","legalName":"PARK AVENUE HOSPITALITY GROUP LLC","street":"34 EAST 20 STREET","neighborhood":"NEW YORK","borough":"Manhattan","zip":"10003","type":"roadway","status":"Issued","licenseIssued":"2026-08-28","licenseExpires":"2030-08-28","nta":"MN0501","bbl":"1008480052","sid":["row-a8un_22ab_v9jd"]}},{"type":"Feature","id":"eoy-4f9abefc421c","geometry":{"type":"Point","coordinates":[-73.985596429598,40.746995448707]},"properties":{"id":"eoy-4f9abefc421c","name":"SUNDAES BEST","legalName":"KTOWN CREAMERY NY LLC","street":"315 5 AVENUE","neighborhood":"NEW YORK","borough":"Manhattan","zip":"10016","type":"sidewalk","status":"Issued","licenseIssued":"2026-07-31","licenseExpires":"2030-07-31","nta":"MN0501","bbl":"1008610075","sid":["row-2u7g_drq9-cq2k"]}},{"type":"Feature","id":"eoy-4fa9df0c2461","geometry":{"type":"Point","coordinates":[-73.927766958994,40.759009392964]},"properties":{"id":"eoy-4fa9df0c2461","name":"SOTTO LA LUNA","legalName":"SOTTO LA LUNA INC","street":"34-39 31 STREET","neighborhood":"ASTORIA","borough":"Queens","zip":"11106","type":"sidewalk","status":"Issued","licenseIssued":"2026-06-26","licenseExpires":"2030-06-26","nta":"QN0103","bbl":"4006080005","sid":["row-ue8i~e8gn_d83w"]}},{"type":"Feature","id":"eoy-4faaf2d68c58","geometry":{"type":"Point","coordinates":[-73.962242693623,40.712606255297]},"properties":{"id":"eoy-4faaf2d68c58","name":"SAUCED","legalName":"SAUCED ROOSTER LLC","street":"331 BEDFORD AVENUE","neighborhood":"BROOKLYN","borough":"Brooklyn","zip":"11211","type":"roadway","status":"Issued","licenseIssued":"2026-04-10","licenseExpires":"2030-04-10","nta":"BK0102","bbl":"3024180002","sid":["row-ucys~hs8f.ydhe"]}},{"type":"Feature","id":"eoy-5031752e2290","geometry":{"type":"Point","coordinates":[-73.996430901748,40.742988944677]},"properties":{"id":"eoy-5031752e2290","name":"KEI","legalName":"HAKU GROUP LLC","street":"193 7 AVENUE","neighborhood":"NEW YORK","borough":"Manhattan","zip":"10011","type":"sidewalk","status":"Issued","licenseIssued":"2026-07-21","licenseExpires":"2030-07-21","nta":"MN0401","bbl":"1007970002","sid":["row-e3y8-8q7j-9qs9"]}},{"type":"Feature","id":"eoy-5082074311b5","geometry":{"type":"Point","coordinates":[-73.961102031593,40.660836891861]},"properties":{"id":"eoy-5082074311b5","name":"ANTOJITOS DEL PATRON","legalName":"ISAIAH 45 CORP","street":"52 LINCOLN ROAD","neighborhood":"BROOKLYN","borough":"Brooklyn","zip":"11225","type":"sidewalk","status":"Issued","licenseIssued":"2026-05-29","licenseExpires":"2030-05-29","nta":"BK0902","bbl":"3050260065","sid":["row-hwxn-xnqh.hpny"]}},{"type":"Feature","id":"eoy-50f0646076c5","geometry":{"type":"Point","coordinates":[-73.984395673791,40.727200054588]},"properties":{"id":"eoy-50f0646076c5","name":"CRISPIANO","legalName":"130 ST MARKS LLC","street":"130 SAINT MARKS PLACE","neighborhood":"NEW YORK","borough":"Manhattan","zip":"10009","type":"roadway","status":"Issued","licenseIssued":"2026-04-10","licenseExpires":"2030-04-10","nta":"MN0303","bbl":"1004350029","sid":["row-qn6j.iffk~auea"]}},{"type":"Feature","id":"eoy-5109bd54ff63","geometry":{"type":"Point","coordinates":[-73.952863859589,40.674198122444]},"properties":{"id":"eoy-5109bd54ff63","name":"99 ROGERS","legalName":"BK 99 ROGERS CORP","street":"99 ROGERS AVENUE","neighborhood":"BROOKLYN","borough":"Brooklyn","zip":"11216","type":"sidewalk","status":"Issued","licenseIssued":"2026-06-19","licenseExpires":"2030-06-19","nta":"BK0802","bbl":"3012330011","sid":["row-52e6-6u6c~6tjx"]}},{"type":"Feature","id":"eoy-513330fb49ef","geometry":{"type":"Point","coordinates":[-73.929868847333,40.696531573356]},"properties":{"id":"eoy-513330fb49ef","name":"HART BAR","legalName":"HART BAR INC","street":"538 HART STREET","neighborhood":"BROOKLYN","borough":"Brooklyn","zip":"11221","type":"roadway","status":"Issued","licenseIssued":"2025-05-16","licenseExpires":"2029-05-16","nta":"BK0401","bbl":"3032260009","sid":["row-ed5g-7ec3~7fh9"]}},{"type":"Feature","id":"eoy-513b878d99bc","geometry":{"type":"Point","coordinates":[-73.979986557182,40.775792610354]},"properties":{"id":"eoy-513b878d99bc","name":"EL MITOTE","legalName":"BIROTE CORPORATION","street":"208 COLUMBUS AVENUE","neighborhood":"NEW YORK","borough":"Manhattan","zip":"10023","type":"both","status":"Issued","licenseIssued":"2026-07-21","licenseExpires":"2030-07-21","nta":"MN0701","bbl":"1011410032","sid":["row-9wyb-3zct_8v8h","row-fvdq-uaec-p2cv"]}},{"type":"Feature","id":"eoy-5146dc8e3290","geometry":{"type":"Point","coordinates":[-73.955338281179,40.768717920267]},"properties":{"id":"eoy-5146dc8e3290","name":"SEFTON","legalName":"HOST 1373 LLC","street":"1373 1 AVENUE","neighborhood":"NEW YORK","borough":"Manhattan","zip":"10021","type":"both","status":"Issued","licenseIssued":"2026-06-26","licenseExpires":"2030-06-26","nta":"MN0801","bbl":"1014480029","sid":["row-6rfh_u4pf.zde6","row-gy6k.8aai_mv8u"]}},{"type":"Feature","id":"eoy-515a92881b3d","geometry":{"type":"Point","coordinates":[-74.006062067345,40.735234883433]},"properties":{"id":"eoy-515a92881b3d","name":"CAFE PANINO MUCHO GUSTO","legalName":"ECUINDI CORP","street":"551 HUDSON STREET","neighborhood":"NEW YORK","borough":"Manhattan","zip":"10014","type":"sidewalk","status":"Issued","licenseIssued":"2026-09-18","licenseExpires":"2030-09-18","nta":"MN0203","bbl":"1006330058","sid":["row-byja.b7ab_9f6w"]}},{"type":"Feature","id":"eoy-5176918a71d0","geometry":{"type":"Point","coordinates":[-73.911561295704,40.6818700485]},"properties":{"id":"eoy-5176918a71d0","name":"ALL NIGHT SKATE","legalName":"ALL NIGHT SKATE INC","street":"54 ROCKAWAY AVENUE","neighborhood":"BROOKLYN","borough":"Brooklyn","zip":"11233","type":"sidewalk","status":"Issued","licenseIssued":"2026-03-27","licenseExpires":"2030-03-27","nta":"BK1601","bbl":"3015160042","sid":["row-pbjr~9ym7.qez2"]}},{"type":"Feature","id":"eoy-51970b960e9f","geometry":{"type":"Point","coordinates":[-74.006671486843,40.731298857017]},"properties":{"id":"eoy-51970b960e9f","name":"DADDIES","legalName":"LILSANTINO INC.","street":"450 HUDSON STREET","neighborhood":"NEW YORK","borough":"Manhattan","zip":"10014","type":"both","status":"Issued","licenseIssued":"2026-07-21","licenseExpires":"2030-07-21","nta":"MN0203","bbl":"1005847501","sid":["row-4x84.tady-7gms","row-hiac.k8qr_9jbc"]}},{"type":"Feature","id":"eoy-519a6c243557","geometry":{"type":"Point","coordinates":[-73.956946250698,40.777636245486]},"properties":{"id":"eoy-519a6c243557","name":"TAL BAGELS","legalName":"LX AVENUE BAGELS, INC","street":"1228 LEXINGTON AVENUE","neighborhood":"NEW YORK","borough":"Manhattan","zip":"10028","type":"both","status":"Issued","licenseIssued":"2026-07-24","licenseExpires":"2030-07-24","nta":"MN0802","bbl":"1015120016","sid":["row-eetm.hj6k-py7n","row-m3uy.2awq.ej39"]}},{"type":"Feature","id":"eoy-519c9a2c0c4d","geometry":{"type":"Point","coordinates":[-73.852205797149,40.7168541794]},"properties":{"id":"eoy-519c9a2c0c4d","name":"LILLIAN PIZZERIA","legalName":"CARMIRA HOLDINGS CORP","street":"96-01 69 AVENUE","neighborhood":"FOREST HILLS","borough":"Queens","zip":"11375","type":"sidewalk","status":"Issued","licenseIssued":"2026-04-03","licenseExpires":"2030-04-03","nta":"QN0602","bbl":"4032000038","sid":["row-6d2x.8aym-8nz5"]}},{"type":"Feature","id":"eoy-51a0b56562d0","geometry":{"type":"Point","coordinates":[-73.992250220166,40.726616219026]},"properties":{"id":"eoy-51a0b56562d0","name":"ELVIS","legalName":"NOHO NEIGHBORS LLC","street":"54 GREAT JONES STREET","neighborhood":"NEW YORK","borough":"Manhattan","zip":"10012","type":"both","status":"Issued","licenseIssued":"2026-06-12","licenseExpires":"2030-06-12","nta":"MN0202","bbl":"1005310044","sid":["row-j9rs.ys3i~7e8t","row-ws3y~mnjy_2ruy"]}},{"type":"Feature","id":"eoy-52318ae8d31e","geometry":{"type":"Point","coordinates":[-73.969418464523,40.689481153675]},"properties":{"id":"eoy-52318ae8d31e","name":"FAT RABBIT","legalName":"HARMONY DEKALB INC","street":"245 DEKALB AVENUE","neighborhood":"BROOKLYN","borough":"Brooklyn","zip":"11205","type":"sidewalk","status":"Issued","licenseIssued":"2026-04-17","licenseExpires":"2030-04-17","nta":"BK0203","bbl":"3020920065","sid":["row-gmbq.qm9j-dvv5"]}},{"type":"Feature","id":"eoy-5279ea661559","geometry":{"type":"Point","coordinates":[-73.984766460017,40.726343607868]},"properties":{"id":"eoy-5279ea661559","name":"HO FOODS NYC","legalName":"HO FOODS NYC LLC","street":"110 E 7TH ST","neighborhood":"NEW YORK","borough":"Manhattan","zip":"10009","type":"roadway","status":"Issued","licenseIssued":"2026-07-31","licenseExpires":"2030-07-31","nta":"MN0303","bbl":null,"sid":["row-7nxq_8vmk~i8g5"]}},{"type":"Feature","id":"eoy-5286d92ce2bf","geometry":{"type":"Point","coordinates":[-73.950535617841,40.721777769847]},"properties":{"id":"eoy-5286d92ce2bf","name":"BERNIE'S","legalName":"BERNIE'S POINT LLC","street":"332 DRIGGS AVENUE","neighborhood":"BROOKLYN","borough":"Brooklyn","zip":"11222","type":"sidewalk","status":"Issued","licenseIssued":"2026-03-13","licenseExpires":"2030-03-13","nta":"BK0101","bbl":"3026790042","sid":["row-7h6u.p238~udpq"]}},{"type":"Feature","id":"eoy-52d9d3a9d2fc","geometry":{"type":"Point","coordinates":[-73.998109569261,40.72270242812]},"properties":{"id":"eoy-52d9d3a9d2fc","name":"BALTHAZAR BAKERY","legalName":"HUMPHREY'S BAKERY INC.","street":"80 SPRING STREET","neighborhood":"NEW YORK","borough":"Manhattan","zip":"10012","type":"roadway","status":"Issued","licenseIssued":"2025-06-27","licenseExpires":"2029-06-27","nta":"MN0201","bbl":"1004830017","sid":["row-9w9r-whec_q5ce"]}},{"type":"Feature","id":"eoy-52f7abf4d2e2","geometry":{"type":"Point","coordinates":[-74.002532013525,40.707326222106]},"properties":{"id":"eoy-52f7abf4d2e2","name":"IL BRIGANTE","legalName":"CALABRIA RESTAURANT LLC","street":"214 FRONT STREET","neighborhood":"NEW YORK","borough":"Manhattan","zip":"10038","type":"both","status":"Issued","licenseIssued":"2026-02-27","licenseExpires":"2030-02-27","nta":"MN0101","bbl":"1000977504","sid":["row-etyd.ytrv_msu7","row-zwb3_7gig.u3dy"]}},{"type":"Feature","id":"eoy-53030009d6bd","geometry":{"type":"Point","coordinates":[-73.993701117259,40.721143242987]},"properties":{"id":"eoy-53030009d6bd","name":"AINSLIE BOWERY","legalName":"AINSLIE BOWERY LLC","street":"199 BOWERY","neighborhood":"NEW YORK","borough":"Manhattan","zip":"10002","type":"both","status":"Issued","licenseIssued":"2026-02-27","licenseExpires":"2030-02-27","nta":"MN0302","bbl":"1004257502","sid":["row-a3yj_e9s3_3p62","row-ueu6.ndys_7gqa"]}},{"type":"Feature","id":"eoy-531755a3961d","geometry":{"type":"Point","coordinates":[-73.988888682159,40.76357690779]},"properties":{"id":"eoy-531755a3961d","name":"RANCHO TEQUILERIA","legalName":"MORALES CABRERA CORP","street":"741 9 AVENUE","neighborhood":"NEW YORK","borough":"Manhattan","zip":"10019","type":"sidewalk","status":"Issued","licenseIssued":"2026-09-02","licenseExpires":"2030-09-02","nta":"MN0402","bbl":"1010600029","sid":["row-m3um.jgpm~z766"]}},{"type":"Feature","id":"eoy-532566b0f298","geometry":{"type":"Point","coordinates":[-74.001926611132,40.726267879345]},"properties":{"id":"eoy-532566b0f298","name":"IL CORALLO","legalName":"CATICHO INC.","street":"176 PRINCE STREET","neighborhood":"NEW YORK","borough":"Manhattan","zip":"10012","type":"sidewalk","status":"Issued","licenseIssued":"2026-09-02","licenseExpires":"2030-09-02","nta":"MN0201","bbl":"1005030020","sid":["row-ziee_7e7p_rtut"]}},{"type":"Feature","id":"eoy-5362f94276b4","geometry":{"type":"Point","coordinates":[-74.001616815183,40.746068611943]},"properties":{"id":"eoy-5362f94276b4","name":"THE CANUCK","legalName":"THE CANUCK 202 9TH AVENUE LLC","street":"202 9 AVENUE","neighborhood":"NEW YORK","borough":"Manhattan","zip":"10011","type":"sidewalk","status":"Issued","licenseIssued":"2026-08-28","licenseExpires":"2030-08-28","nta":"MN0401","bbl":"1007460003","sid":["row-a7i3-ur59.k424"]}},{"type":"Feature","id":"eoy-5378f732544d","geometry":{"type":"Point","coordinates":[-73.919673741624,40.759292213171]},"properties":{"id":"eoy-5378f732544d","name":"LAS MARGARITAS","legalName":"EDHAS INC","street":"38-01 BROADWAY","neighborhood":"ASTORIA","borough":"Queens","zip":"11103","type":"sidewalk","status":"Issued","licenseIssued":"2026-08-21","licenseExpires":"2030-08-21","nta":"QN0104","bbl":"4006580008","sid":["row-rxc8-8xnb.sk3n"]}},{"type":"Feature","id":"eoy-543449d02f43","geometry":{"type":"Point","coordinates":[-74.003200578258,40.734219436137]},"properties":{"id":"eoy-543449d02f43","name":"DUE WEST","legalName":"SAJ HOSPITALITY LLC","street":"189 WEST 10 STREET","neighborhood":"NEW YORK","borough":"Manhattan","zip":"10014","type":"sidewalk","status":"Issued","licenseIssued":"2026-03-20","licenseExpires":"2030-03-20","nta":"MN0203","bbl":"1006200071","sid":["row-nxex_8nra.mcm3"]}},{"type":"Feature","id":"eoy-546d247479b9","geometry":{"type":"Point","coordinates":[-74.010245027189,40.717396350423]},"properties":{"id":"eoy-546d247479b9","name":"LAUGHING MAN CAFE","legalName":"LM CAFE LLC","street":"184 DUANE STREET","neighborhood":"NEW YORK","borough":"Manhattan","zip":"10013","type":"roadway","status":"Issued","licenseIssued":"2025-08-22","licenseExpires":"2029-08-22","nta":"MN0102","bbl":"1001417502","sid":["row-y2y2-k4tw-w27y"]}},{"type":"Feature","id":"eoy-5482c8e5cae5","geometry":{"type":"Point","coordinates":[-73.929556415379,40.756493560507]},"properties":{"id":"eoy-5482c8e5cae5","name":"COPACABANA","legalName":"COPA-CABANA GRILL INC","street":"31-13 36 AVENUE","neighborhood":"ASTORIA","borough":"Queens","zip":"11106","type":"sidewalk","status":"Issued","licenseIssued":"2026-05-22","licenseExpires":"2030-05-22","nta":"QN0103","bbl":"4006040048","sid":["row-c3xy_txmt~63y8"]}},{"type":"Feature","id":"eoy-54a95fc1128a","geometry":{"type":"Point","coordinates":[-73.963227976539,40.766157116226]},"properties":{"id":"eoy-54a95fc1128a","name":"SANT AMBROEUS COFFEE BAR","legalName":"SA THIRD AVE CAFE LLC","street":"1136 3 AVENUE","neighborhood":"NEW YORK","borough":"Manhattan","zip":"10065","type":"sidewalk","status":"Issued","licenseIssued":"2026-08-28","licenseExpires":"2030-08-28","nta":"MN0802","bbl":"1014017501","sid":["row-fvvr.x5gi_5vef"]}},{"type":"Feature","id":"eoy-54ad3ffa88c0","geometry":{"type":"Point","coordinates":[-73.948655971649,40.777838693314]},"properties":{"id":"eoy-54ad3ffa88c0","name":"Avoca","legalName":"CQHG LLC","street":"1678 1 AVENUE","neighborhood":"NEW YORK","borough":"Manhattan","zip":"10128","type":"roadway","status":"Issued","licenseIssued":"2026-04-17","licenseExpires":"2030-04-17","nta":"MN0803","bbl":"1015670047","sid":["row-th8v_ee95-brjv"]}},{"type":"Feature","id":"eoy-54b7b9b43cd1","geometry":{"type":"Point","coordinates":[-73.917123872184,40.780669314244]},"properties":{"id":"eoy-54b7b9b43cd1","name":"NIKO'S SOUVLAKI","legalName":"NIKOS REDEMPTION LLC","street":"19-33 DITMARS BOULEVARD","neighborhood":"ASTORIA","borough":"Queens","zip":"11105","type":"sidewalk","status":"Issued","licenseIssued":"2026-09-02","licenseExpires":"2030-09-02","nta":"QN0101","bbl":"4008920086","sid":["row-ktia_b69y-vxiq"]}},{"type":"Feature","id":"eoy-54e4720e172b","geometry":{"type":"Point","coordinates":[-73.987484414782,40.725358695043]},"properties":{"id":"eoy-54e4720e172b","name":"NON LA","legalName":"NONLA LLC","street":"128 EAST 4 STREET","neighborhood":"NEW YORK","borough":"Manhattan","zip":"10003","type":"roadway","status":"Issued","licenseIssued":"2026-05-22","licenseExpires":"2030-05-22","nta":"MN0303","bbl":"1004450030","sid":["row-2vnd.m3hx.gidu"]}},{"type":"Feature","id":"eoy-55459029d437","geometry":{"type":"Point","coordinates":[-74.007515980445,40.732926450418]},"properties":{"id":"eoy-55459029d437","name":"LIBERTINE","legalName":"BISTROTIER LLC","street":"684 GREENWICH STREET","neighborhood":"NEW YORK","borough":"Manhattan","zip":"10014","type":"sidewalk","status":"Issued","licenseIssued":"2026-08-21","licenseExpires":"2030-08-21","nta":"MN0203","bbl":"1006300024","sid":["row-ivp4-84dr_fxbd"]}},{"type":"Feature","id":"eoy-5583d7b87ccd","geometry":{"type":"Point","coordinates":[-73.970551518834,40.687664410013]},"properties":{"id":"eoy-5583d7b87ccd","name":"OLEA","legalName":"GAYSEAHORSE LLC","street":"171 LAFAYETTE AVENUE","neighborhood":"BROOKLYN","borough":"Brooklyn","zip":"11238","type":"roadway","status":"Issued","licenseIssued":"2025-08-15","licenseExpires":"2029-08-15","nta":"BK0203","bbl":"3021040065","sid":["row-u78i~yp5j_zfc8"]}},{"type":"Feature","id":"eoy-55966b671e79","geometry":{"type":"Point","coordinates":[-74.008292175149,40.736299712402]},"properties":{"id":"eoy-55966b671e79","name":"AUTOMATIC SLIM'S","legalName":"AUTOMATIC SLIMS INC.","street":"733 WASHINGTON STREET","neighborhood":"NEW YORK","borough":"Manhattan","zip":"10014","type":"both","status":"Issued","licenseIssued":"2026-06-25","licenseExpires":"2030-06-25","nta":"MN0203","bbl":"1006357502","sid":["row-5pp9.vbb6~3dbb","row-hfin_y4vp.cbpy"]}},{"type":"Feature","id":"eoy-561525048b5b","geometry":{"type":"Point","coordinates":[-73.913693784929,40.774952205972]},"properties":{"id":"eoy-561525048b5b","name":"STAMATIS","legalName":"TA LADADIKA RESTAURANT CORP","street":"29-09 23 AVENUE","neighborhood":"ASTORIA","borough":"Queens","zip":"11105","type":"both","status":"Issued","licenseIssued":"2026-06-25","licenseExpires":"2030-06-25","nta":"QN0101","bbl":"4008440004","sid":["row-hzw5-2yna.yd6z","row-yxv5.be9i~8c3v"]}},{"type":"Feature","id":"eoy-56277521a4d8","geometry":{"type":"Point","coordinates":[-73.98083017402,40.755160414448]},"properties":{"id":"eoy-56277521a4d8","name":"KELLARI TAVERNA","legalName":"WEST 44TH STREET RESTAURANT, LLC","street":"19 WEST 44 STREET","neighborhood":"NEW YORK","borough":"Manhattan","zip":"10036","type":"roadway","status":"Issued","licenseIssued":"2026-01-02","licenseExpires":"2030-01-02","nta":"MN0502","bbl":"1012600024","sid":["row-r9bz~7ite_7zm6"]}},{"type":"Feature","id":"eoy-564ca7d71982","geometry":{"type":"Point","coordinates":[-73.945188094092,40.722985781434]},"properties":{"id":"eoy-564ca7d71982","name":"DAR525","legalName":"DRIGGS MANAGEMENT GROUP INC","street":"168 DRIGGS AVENUE","neighborhood":"BROOKLYN","borough":"Brooklyn","zip":"11222","type":"roadway","status":"Issued","licenseIssued":"2026-07-24","licenseExpires":"2030-07-24","nta":"BK0101","bbl":"3026850041","sid":["row-gmj9_hyba_yvpd"]}},{"type":"Feature","id":"eoy-5659b9e65fae","geometry":{"type":"Point","coordinates":[-73.952242444457,40.776371797738]},"properties":{"id":"eoy-5659b9e65fae","name":"ITALIANISSIMO RISTORANTE","legalName":"QUATTRO AMIGGI CORPORATION","street":"307 EAST 84 STREET","neighborhood":"NEW YORK","borough":"Manhattan","zip":"10028","type":"roadway","status":"Issued","licenseIssued":"2026-09-04","licenseExpires":"2030-09-04","nta":"MN0803","bbl":"1015470006","sid":["row-fumx.suzq.tgdw"]}},{"type":"Feature","id":"eoy-565e4dff0e4c","geometry":{"type":"Point","coordinates":[-73.997092326151,40.719823145948]},"properties":{"id":"eoy-565e4dff0e4c","name":"DA NICO RISTORANTE","legalName":"164 MULBERRY ST. CORP.","street":"164 MULBERRY STREET","neighborhood":"NEW YORK","borough":"Manhattan","zip":"10013","type":"both","status":"Issued","licenseIssued":"2026-08-14","licenseExpires":"2030-08-14","nta":"MN0201","bbl":"1004710029","sid":["row-gikm-wvi9~dks8","row-kdh8-rnqx.yav4"]}},{"type":"Feature","id":"eoy-566a37a7c4bd","geometry":{"type":"Point","coordinates":[-73.973959571427,40.750564332192]},"properties":{"id":"eoy-566a37a7c4bd","name":"OSTERIA LAGUNA","legalName":"OSTERIA LAGUNA LLC","street":"209 EAST 42 STREET","neighborhood":"NEW YORK","borough":"Manhattan","zip":"10017","type":"sidewalk","status":"Issued","licenseIssued":"2026-05-08","licenseExpires":"2030-05-08","nta":"MN0603","bbl":"1013167501","sid":["row-iz6x.a4py~wm37"]}},{"type":"Feature","id":"eoy-566ce5159033","geometry":{"type":"Point","coordinates":[-73.944690838592,40.583682488804]},"properties":{"id":"eoy-566ce5159033","name":"OPERA CAFE LOUNGE","legalName":"2255 EMMONS CAFE LOUNGE INC","street":"2255 EMMONS AVENUE","neighborhood":"BROOKLYN","borough":"Brooklyn","zip":"11235","type":"sidewalk","status":"Issued","licenseIssued":"2026-05-01","licenseExpires":"2030-05-01","nta":"BK1503","bbl":"3087830064","sid":["row-pujs.j5he_yeaa"]}},{"type":"Feature","id":"eoy-568ba039026a","geometry":{"type":"Point","coordinates":[-73.982397956716,40.777555137772]},"properties":{"id":"eoy-568ba039026a","name":"LITTLE ITALY PIZZA","legalName":"SHERMAN SQUARE PIZZA INC.","street":"2047 BROADWAY","neighborhood":"NEW YORK","borough":"Manhattan","zip":"10023","type":"sidewalk","status":"Issued","licenseIssued":"2026-08-21","licenseExpires":"2030-08-21","nta":"MN0701","bbl":"1011620029","sid":["row-hinw~hngn.scrh"]}},{"type":"Feature","id":"eoy-56a0176c3af9","geometry":{"type":"Point","coordinates":[-73.999613935988,40.729742768446]},"properties":{"id":"eoy-56a0176c3af9","name":"TRIONA'S","legalName":"MCCBREN CORP.","street":"237 SULLIVAN STREET","neighborhood":"NEW YORK","borough":"Manhattan","zip":"10012","type":"both","status":"Issued","licenseIssued":"2026-07-24","licenseExpires":"2030-07-24","nta":"MN0202","bbl":"1005390014","sid":["row-82k4.kukh.aca3","row-tzmm-axss.kij7"]}},{"type":"Feature","id":"eoy-56a220a3a10f","geometry":{"type":"Point","coordinates":[-73.980919874371,40.782130405806]},"properties":{"id":"eoy-56a220a3a10f","name":"REDFARM","legalName":"RF BROADWAY LLC","street":"2170 BROADWAY","neighborhood":"NEW YORK","borough":"Manhattan","zip":"10024","type":"sidewalk","status":"Issued","licenseIssued":"2026-08-07","licenseExpires":"2030-08-07","nta":"MN0702","bbl":"1011680044","sid":["row-75yt-fvuq~iqz5"]}},{"type":"Feature","id":"eoy-56d211cd79ca","geometry":{"type":"Point","coordinates":[-73.979773949681,40.727059349657]},"properties":{"id":"eoy-56d211cd79ca","name":"MAIDEN LANE","legalName":"YARDBIRD LLC","street":"162 AVENUE B","neighborhood":"NEW YORK","borough":"Manhattan","zip":"10009","type":"sidewalk","status":"Issued","licenseIssued":"2026-09-18","licenseExpires":"2030-09-18","nta":"MN0303","bbl":"1004040033","sid":["row-4i5p~6cd7_ye2b"]}},{"type":"Feature","id":"eoy-56f07ddeed84","geometry":{"type":"Point","coordinates":[-74.003767772666,40.68277968749]},"properties":{"id":"eoy-56f07ddeed84","name":"BROOKLYN FRENCH BAKERS","legalName":"BROOKLYN FRENCH BAKERS LLC","street":"273 COLUMBIA STREET","neighborhood":"BROOKLYN","borough":"Brooklyn","zip":"11231","type":"roadway","status":"Issued","licenseIssued":"2024-10-31","licenseExpires":"2028-10-31","nta":"BK0601","bbl":"3003530007","sid":["row-4ss4.p8kr-ju3c"]}},{"type":"Feature","id":"eoy-56f55d9976e0","geometry":{"type":"Point","coordinates":[-73.926449987063,40.826891734326]},"properties":{"id":"eoy-56f55d9976e0","name":"STAN'S SPORTS BAR","legalName":"STAN'S SPORTS BAR INC.","street":"836 RIVER AVENUE","neighborhood":"BRONX","borough":"Bronx","zip":"10451","type":"both","status":"Issued","licenseIssued":"2026-04-17","licenseExpires":"2030-04-17","nta":"BX0401","bbl":"2024830032","sid":["row-gawg-at96~fv77","row-jyvz-x99h.zp33"]}},{"type":"Feature","id":"eoy-5705bb3a0a3f","geometry":{"type":"Point","coordinates":[-73.846616267369,40.709781793757]},"properties":{"id":"eoy-5705bb3a0a3f","name":"TOURMALINE / MY KITCHEN","legalName":"A SERIES OF EVENTS LLC","street":"106-17 METROPOLITAN AVENUE","neighborhood":"FOREST HILLS","borough":"Queens","zip":"11375","type":"sidewalk","status":"Issued","licenseIssued":"2026-08-28","licenseExpires":"2030-08-28","nta":"QN0602","bbl":"4032610081","sid":["row-ypj5.axzk~ngba"]}},{"type":"Feature","id":"eoy-5716622588c4","geometry":{"type":"Point","coordinates":[-73.968005884165,40.680068935955]},"properties":{"id":"eoy-5716622588c4","name":"ALTA CALIDAD","legalName":"MALABAR KITCHEN LLC","street":"552 VANDERBILT AVENUE","neighborhood":"BROOKLYN","borough":"Brooklyn","zip":"11238","type":"sidewalk","status":"Issued","licenseIssued":"2026-06-12","licenseExpires":"2030-06-12","nta":"BK0801","bbl":"3011370047","sid":["row-fk5x-camj~jdd3"]}},{"type":"Feature","id":"eoy-571695ee8c14","geometry":{"type":"Point","coordinates":[-74.000335540378,40.727648512373]},"properties":{"id":"eoy-571695ee8c14","name":"LEON'S BAGELS","legalName":"SUMMER THOMPSON LLC","street":"169 THOMPSON STREET","neighborhood":"NEW YORK","borough":"Manhattan","zip":"10012","type":"both","status":"Issued","licenseIssued":"2025-10-17","licenseExpires":"2029-10-17","nta":"MN0202","bbl":"1005250024","sid":["row-6g4b~hema~4pdc","row-xvuq~cuqt~3d5k"]}},{"type":"Feature","id":"eoy-5719f30e3017","geometry":{"type":"Point","coordinates":[-74.000101027195,40.73046464235]},"properties":{"id":"eoy-5719f30e3017","name":"GROOVE","legalName":"125 HOSPITALITY LLC","street":"125 MACDOUGAL STREET","neighborhood":"NEW YORK","borough":"Manhattan","zip":"10012","type":"sidewalk","status":"Issued","licenseIssued":"2026-08-21","licenseExpires":"2030-08-21","nta":"MN0202","bbl":"1005430060","sid":["row-j284.5vsu_2v5b"]}},{"type":"Feature","id":"eoy-573550370458","geometry":{"type":"Point","coordinates":[-73.970283870189,40.689497849914]},"properties":{"id":"eoy-573550370458","name":"SAILOR","legalName":"DESTINATION MOON 22 LLC","street":"228 DEKALB AVENUE","neighborhood":"BROOKLYN","borough":"Brooklyn","zip":"11205","type":"both","status":"Issued","licenseIssued":"2025-02-07","licenseExpires":"2029-02-07","nta":"BK0203","bbl":"3021040030","sid":["row-kwua_3fup.ebwr","row-xjh9_cwqq-vxzk"]}},{"type":"Feature","id":"eoy-5735b4e0cf1d","geometry":{"type":"Point","coordinates":[-73.988026977398,40.737671769238]},"properties":{"id":"eoy-5735b4e0cf1d","name":"UNION SQUARE CAFE/ DAILY PROVISIONS","legalName":"UNION SQUARE CAFE II LLC","street":"101 EAST 19 STREET","neighborhood":"NEW YORK","borough":"Manhattan","zip":"10003","type":"both","status":"Issued","licenseIssued":"2026-06-12","licenseExpires":"2030-06-12","nta":"MN0602","bbl":"1008750001","sid":["row-e3a4.t2mq-sf3g","row-yw24_bdmq_djg5"]}},{"type":"Feature","id":"eoy-575de7564a9d","geometry":{"type":"Point","coordinates":[-73.981062558825,40.737679065278]},"properties":{"id":"eoy-575de7564a9d","name":"ORION DINER & GRILL","legalName":"FISCARDO, INC.","street":"395 2 AVENUE","neighborhood":"NEW YORK","borough":"Manhattan","zip":"10010","type":"sidewalk","status":"Issued","licenseIssued":"2026-08-21","licenseExpires":"2030-08-21","nta":"MN0602","bbl":"1009030035","sid":["row-smmi.6uiz-vk2u"]}},{"type":"Feature","id":"eoy-57818f821ca9","geometry":{"type":"Point","coordinates":[-73.97225029671,40.755633503809]},"properties":{"id":"eoy-57818f821ca9","name":"ABAITA","legalName":"ABAITA 49 EAST LLC","street":"145 EAST 49 STREET","neighborhood":"NEW YORK","borough":"Manhattan","zip":"10017","type":"roadway","status":"Issued","licenseIssued":"2026-03-13","licenseExpires":"2030-03-13","nta":"MN0604","bbl":"1013040026","sid":["row-hx9k_yxak_b8hr"]}},{"type":"Feature","id":"eoy-57bc37e5f199","geometry":{"type":"Point","coordinates":[-73.98293489425,40.767613714727]},"properties":{"id":"eoy-57bc37e5f199","name":"ALL & SUNDRY","legalName":"DM 58 LLC","street":"312 WEST 58 STREET","neighborhood":"NEW YORK","borough":"Manhattan","zip":"10019","type":"roadway","status":"Issued","licenseIssued":"2026-03-06","licenseExpires":"2030-03-06","nta":"MN0402","bbl":"1010480041","sid":["row-s8q8~gyww_7xem"]}},{"type":"Feature","id":"eoy-57f1c37a4597","geometry":{"type":"Point","coordinates":[-74.001941025501,40.725680499116]},"properties":{"id":"eoy-57f1c37a4597","name":"OLD FASHION CAFE","legalName":"IACCAS CORP","street":"110 THOMPSON STREET","neighborhood":"NEW YORK","borough":"Manhattan","zip":"10012","type":"roadway","status":"Issued","licenseIssued":"2025-10-03","licenseExpires":"2029-10-03","nta":"MN0201","bbl":"1005020012","sid":["row-qm3b_xdan_w7dr"]}},{"type":"Feature","id":"eoy-57f4b322bdd8","geometry":{"type":"Point","coordinates":[-73.963073406871,40.674160694967]},"properties":{"id":"eoy-57f4b322bdd8","name":"LOWERLINE","legalName":"NOLA RESTAURANT GROUP LLC","street":"794 WASHINGTON AVENUE","neighborhood":"BROOKLYN","borough":"Brooklyn","zip":"11238","type":"both","status":"Issued","licenseIssued":"2025-04-04","licenseExpires":"2029-04-04","nta":"BK0801","bbl":"3011730050","sid":["row-7sd5~ibkr_rrba","row-pvr8~uutv-wad6"]}},{"type":"Feature","id":"eoy-5819c15fb39f","geometry":{"type":"Point","coordinates":[-73.950203963358,40.783973899731]},"properties":{"id":"eoy-5819c15fb39f","name":"THE DISTRICT","legalName":"1679 3RD AVENUE RESTAURANT CORP","street":"1679 3 AVENUE","neighborhood":"NEW YORK","borough":"Manhattan","zip":"10128","type":"both","status":"Issued","licenseIssued":"2026-04-10","licenseExpires":"2030-04-10","nta":"MN0803","bbl":"1015400001","sid":["row-vvx6.v8fb-ga3c","row-zsm4~p7pb_uxwr"]}},{"type":"Feature","id":"eoy-583d59ed830c","geometry":{"type":"Point","coordinates":[-73.920674656481,40.745001137604]},"properties":{"id":"eoy-583d59ed830c","name":"THE LOWERY","legalName":"JAKK LLC","street":"43-02 43 AVENUE","neighborhood":"SUNNYSIDE","borough":"Queens","zip":"11104","type":"sidewalk","status":"Issued","licenseIssued":"2026-08-07","licenseExpires":"2030-08-07","nta":"QN0202","bbl":"4001620023","sid":["row-wahb~ta92-xg2b"]}},{"type":"Feature","id":"eoy-5899aa53a2ef","geometry":{"type":"Point","coordinates":[-73.999285430339,40.745612990641]},"properties":{"id":"eoy-5899aa53a2ef","name":"ZIA MARIA","legalName":"ERS RESTAURANT INC","street":"318 WEST 23 STREET","neighborhood":"NEW YORK","borough":"Manhattan","zip":"10011","type":"sidewalk","status":"Issued","licenseIssued":"2026-07-31","licenseExpires":"2030-07-31","nta":"MN0401","bbl":"1007467506","sid":["row-qnhv.scw2~qp2k"]}},{"type":"Feature","id":"eoy-5899d6c692a8","geometry":{"type":"Point","coordinates":[-73.837514087601,40.840202946462]},"properties":{"id":"eoy-5899d6c692a8","name":"TREMONT DINER","legalName":"MERAKI RESTAURANT CORP","street":"3007 EAST TREMONT AVENUE","neighborhood":"BRONX","borough":"Bronx","zip":"10461","type":"sidewalk","status":"Issued","licenseIssued":"2026-09-25","licenseExpires":"2030-09-25","nta":"BX1002","bbl":"2053810038","sid":["row-n7xy-my4y~cv5u"]}},{"type":"Feature","id":"eoy-589b5000556a","geometry":{"type":"Point","coordinates":[-74.010155271571,40.720204255897]},"properties":{"id":"eoy-589b5000556a","name":"YVES","legalName":"AELE LLC","street":"385 GREENWICH STREET","neighborhood":"NEW YORK","borough":"Manhattan","zip":"10013","type":"sidewalk","status":"Issued","licenseIssued":"2026-04-10","licenseExpires":"2030-04-10","nta":"MN0102","bbl":"1001880009","sid":["row-p32b~x7a5~be3y"]}},{"type":"Feature","id":"eoy-58b04f5806b1","geometry":{"type":"Point","coordinates":[-73.998784078515,40.729756486478]},"properties":{"id":"eoy-58b04f5806b1","name":"AMITY HALL","legalName":"AMITY STREET, INC.","street":"80 WEST 3 STREET","neighborhood":"NEW YORK","borough":"Manhattan","zip":"10012","type":"roadway","status":"Issued","licenseIssued":"2025-07-18","licenseExpires":"2029-07-18","nta":"MN0202","bbl":"1005390020","sid":["row-fu7e~njfi~2qp3"]}},{"type":"Feature","id":"eoy-58b61986da77","geometry":{"type":"Point","coordinates":[-73.980396131806,40.758231726846]},"properties":{"id":"eoy-58b61986da77","name":"TSURUTONTAN UDON NOODLE BRASSERIE","legalName":"DINING INNOVATION NEW YORK INC.","street":"64 WEST 48 STREET","neighborhood":"NEW YORK","borough":"Manhattan","zip":"10036","type":"roadway","status":"Issued","licenseIssued":"2026-09-02","licenseExpires":"2030-09-02","nta":"MN0502","bbl":"1012630067","sid":["row-zs6e_ahfj~y39r"]}},{"type":"Feature","id":"eoy-58cea4550c2c","geometry":{"type":"Point","coordinates":[-73.971639064932,40.792289558958]},"properties":{"id":"eoy-58cea4550c2c","name":"KOUZAN","legalName":"SUSHI AMS 687 INC","street":"685 AMSTERDAM AVENUE","neighborhood":"NEW YORK","borough":"Manhattan","zip":"10025","type":"sidewalk","status":"Issued","licenseIssued":"2026-05-22","licenseExpires":"2030-05-22","nta":"MN0702","bbl":"1012240001","sid":["row-javx_748m_5b8a"]}},{"type":"Feature","id":"eoy-58efd0366910","geometry":{"type":"Point","coordinates":[-73.956028919778,40.777965268287]},"properties":{"id":"eoy-58efd0366910","name":"HOME KITCHEN","legalName":"CALF & BULL INC.","street":"155 EAST 84 STREET","neighborhood":"NEW YORK","borough":"Manhattan","zip":"10028","type":"roadway","status":"Issued","licenseIssued":"2025-05-23","licenseExpires":"2029-05-23","nta":"MN0802","bbl":"1015130124","sid":["row-sh62.bw3m.n57w"]}},{"type":"Feature","id":"eoy-59191f184557","geometry":{"type":"Point","coordinates":[-73.926534914835,40.864371152444]},"properties":{"id":"eoy-59191f184557","name":"EL JEFE CANTINA SPORTS BAR","legalName":"EL JEFE EATERY GROUP INC","street":"186 DYCKMAN STREET","neighborhood":"NEW YORK","borough":"Manhattan","zip":"10040","type":"sidewalk","status":"Issued","licenseIssued":"2026-08-14","licenseExpires":"2030-08-14","nta":"MN1202","bbl":"1021750061","sid":["row-bz5y_t2t5~hxqn"]}},{"type":"Feature","id":"eoy-5925bfd8716a","geometry":{"type":"Point","coordinates":[-73.968767671954,40.754515491517]},"properties":{"id":"eoy-5925bfd8716a","name":"NORMA","legalName":"SICANIA LLC","street":"930 2 AVENUE","neighborhood":"NEW YORK","borough":"Manhattan","zip":"10022","type":"sidewalk","status":"Issued","licenseIssued":"2026-06-19","licenseExpires":"2030-06-19","nta":"MN0604","bbl":"1013420004","sid":["row-dzcq-mpb8_e9a9"]}},{"type":"Feature","id":"eoy-5926495b2f8f","geometry":{"type":"Point","coordinates":[-73.979499513475,40.669399877712]},"properties":{"id":"eoy-5926495b2f8f","name":"JUST SALAD","legalName":"JUST SALAD PARK SLOPE LLC","street":"252 7 AVENUE","neighborhood":"BROOKLYN","borough":"Brooklyn","zip":"11215","type":"sidewalk","status":"Issued","licenseIssued":"2026-06-12","licenseExpires":"2030-06-12","nta":"BK0602","bbl":"3009860046","sid":["row-v3j2~98ay.yjux"]}},{"type":"Feature","id":"eoy-59449bb51b78","geometry":{"type":"Point","coordinates":[-73.953387551908,40.775598247569]},"properties":{"id":"eoy-59449bb51b78","name":"THE PENROSE","legalName":"CROWN ALLEY LLC","street":"1590 2 AVENUE","neighborhood":"NEW YORK","borough":"Manhattan","zip":"10028","type":"sidewalk","status":"Issued","licenseIssued":"2026-05-29","licenseExpires":"2030-05-29","nta":"MN0803","bbl":"1015450004","sid":["row-4hdx~r52k-zj85"]}},{"type":"Feature","id":"eoy-594f4d1fe1dd","geometry":{"type":"Point","coordinates":[-74.00501971613,40.74143260993]},"properties":{"id":"eoy-594f4d1fe1dd","name":"STARBUCKS RESERVE ROASTERY","legalName":"SIREN RETAIL CORPORATION","street":"61 9 AVENUE","neighborhood":"NEW YORK","borough":"Manhattan","zip":"10011","type":"sidewalk","status":"Issued","licenseIssued":"2026-08-21","licenseExpires":"2030-08-21","nta":"MN0401","bbl":"1007120036","sid":["row-r2hr-84v5_ipg3"]}},{"type":"Feature","id":"eoy-595cbce8060b","geometry":{"type":"Point","coordinates":[-74.003492581242,40.72907299313]},"properties":{"id":"eoy-595cbce8060b","name":"BRICIOLA","legalName":"GOOD LUCK RIBBON CORP.","street":"14 BEDFORD STREET","neighborhood":"NEW YORK","borough":"Manhattan","zip":"10014","type":"roadway","status":"Issued","licenseIssued":"2026-05-08","licenseExpires":"2030-05-08","nta":"MN0203","bbl":"1005270007","sid":["row-2a4j_28cr~9uzb"]}},{"type":"Feature","id":"eoy-596a9696dc81","geometry":{"type":"Point","coordinates":[-73.996349083972,40.721456261317]},"properties":{"id":"eoy-596a9696dc81","name":"BONDI SUSHI","legalName":"BONDI - 75 KENMARE STREET, LLC","street":"75 KENMARE STREET","neighborhood":"NEW YORK","borough":"Manhattan","zip":"10012","type":"sidewalk","status":"Issued","licenseIssued":"2026-08-07","licenseExpires":"2030-08-07","nta":"MN0201","bbl":"1004807504","sid":["row-pve5-xeex-h25m"]}},{"type":"Feature","id":"eoy-599c53c881b3","geometry":{"type":"Point","coordinates":[-73.996604047366,40.74448484541]},"properties":{"id":"eoy-599c53c881b3","name":"EL QUIJOTE / LOBBY BAR AT THE HOTEL CHELSEA","legalName":"CHELSEA HOTEL F&B LLC","street":"226 WEST 23 STREET","neighborhood":"NEW YORK","borough":"Manhattan","zip":"10011","type":"sidewalk","status":"Issued","licenseIssued":"2026-04-03","licenseExpires":"2030-04-03","nta":"MN0401","bbl":"1007720064","sid":["row-edjd~inwj~5fjw"]}},{"type":"Feature","id":"eoy-59a2329999d1","geometry":{"type":"Point","coordinates":[-73.949747417247,40.681174019354]},"properties":{"id":"eoy-59a2329999d1","name":"LE PARIS DAKAR","legalName":"LA TAVERNE, INC","street":"518 NOSTRAND AVENUE","neighborhood":"BROOKLYN","borough":"Brooklyn","zip":"11216","type":"sidewalk","status":"Issued","licenseIssued":"2026-03-27","licenseExpires":"2030-03-27","nta":"BK0301","bbl":"3018430020","sid":["row-d8ni-3tpn~6fnd"]}},{"type":"Feature","id":"eoy-59a7fe9701db","geometry":{"type":"Point","coordinates":[-73.98750212227,40.76544868973]},"properties":{"id":"eoy-59a7fe9701db","name":"ALFIE'S","legalName":"STOKES & MCGINLEY INC.","street":"800 9 AVENUE","neighborhood":"NEW YORK","borough":"Manhattan","zip":"10019","type":"both","status":"Issued","licenseIssued":"2025-11-14","licenseExpires":"2029-11-14","nta":"MN0402","bbl":"1010440001","sid":["row-fas2.5idh.7qdc","row-r58w~6gu4~w9jb"]}},{"type":"Feature","id":"eoy-59bb8fd047ea","geometry":{"type":"Point","coordinates":[-74.009520823412,40.723563905347]},"properties":{"id":"eoy-59bb8fd047ea","name":"BRASSERIE FOUQUET'S / ELYSEE'S / TITSOU BAR / LE VAUX ROOFTOP","legalName":"CBCS WASHINGTON STREET LP","street":"456 GREENWICH STREET","neighborhood":"NEW YORK","borough":"Manhattan","zip":"10013","type":"sidewalk","status":"Issued","licenseIssued":"2026-05-29","licenseExpires":"2030-05-29","nta":"MN0102","bbl":"1002240032","sid":["row-st37-i4yx~m9si"]}},{"type":"Feature","id":"eoy-59c49ee25b6c","geometry":{"type":"Point","coordinates":[-73.980335770722,40.742668922543]},"properties":{"id":"eoy-59c49ee25b6c","name":"FUMO","legalName":"415 THIRD AVENUE RESTAURANT GROUP LLC","street":"415 3 AVENUE","neighborhood":"NEW YORK","borough":"Manhattan","zip":"10016","type":"sidewalk","status":"Issued","licenseIssued":"2026-02-06","licenseExpires":"2030-02-06","nta":"MN0603","bbl":"1009100001","sid":["row-fnpq_mn7v~295a"]}},{"type":"Feature","id":"eoy-5a0c8e0f25b4","geometry":{"type":"Point","coordinates":[-73.946454954277,40.807286117139]},"properties":{"id":"eoy-5a0c8e0f25b4","name":"HARLEM SHAKE","legalName":"OMNITY CONSULTING LLC","street":"100 WEST 124 STREET","neighborhood":"NEW YORK","borough":"Manhattan","zip":"10027","type":"sidewalk","status":"Issued","licenseIssued":"2026-07-31","licenseExpires":"2030-07-31","nta":"MN1001","bbl":"1019080035","sid":["row-7baq.z36m~5r42"]}},{"type":"Feature","id":"eoy-5a13287cb485","geometry":{"type":"Point","coordinates":[-73.970637235134,40.689525388706]},"properties":{"id":"eoy-5a13287cb485","name":"COLONIA VERDE","legalName":"Colonia Verde LLC","street":"219 DEKALB AVENUE","neighborhood":"BROOKLYN","borough":"Brooklyn","zip":"11205","type":"sidewalk","status":"Issued","licenseIssued":"2026-08-27","licenseExpires":"2030-08-27","nta":"BK0203","bbl":"3020910071","sid":["row-yp52.wgyw-w2h8"]}},{"type":"Feature","id":"eoy-5a5e89ad1f01","geometry":{"type":"Point","coordinates":[-73.949415763931,40.714256615902]},"properties":{"id":"eoy-5a5e89ad1f01","name":"POMP & CIRCUMSTANCE","legalName":"POMP & CIRCUMSTANCE HOSPITALITY LLC","street":"577 LORIMER STREET","neighborhood":"BROOKLYN","borough":"Brooklyn","zip":"11211","type":"sidewalk","status":"Issued","licenseIssued":"2026-08-21","licenseExpires":"2030-08-21","nta":"BK0104","bbl":"3027560028","sid":["row-emgn_237v-gkjs"]}},{"type":"Feature","id":"eoy-5a652f14d839","geometry":{"type":"Point","coordinates":[-74.005246093142,40.72913880071]},"properties":{"id":"eoy-5a652f14d839","name":"SHAKE SHACK (INNOVATION KITCHEN)","legalName":"SHAKE SHACK NEW YORK LLC","street":"225 VARICK STREET","neighborhood":"NEW YORK","borough":"Manhattan","zip":"10014","type":"sidewalk","status":"Issued","licenseIssued":"2026-09-04","licenseExpires":"2030-09-04","nta":"MN0203","bbl":"1005810063","sid":["row-n673-m6kb_g68q"]}},{"type":"Feature","id":"eoy-5ab8cc286279","geometry":{"type":"Point","coordinates":[-73.9586155284,40.76422872594]},"properties":{"id":"eoy-5ab8cc286279","name":"BAGEL WORKS","legalName":"BAGELWORKS, INC","street":"1229 FIRST AVENUE","neighborhood":"NEW YORK","borough":"Manhattan","zip":"10065","type":"both","status":"Issued","licenseIssued":"2026-07-20","licenseExpires":"2030-07-20","nta":"MN0801","bbl":"1014410025","sid":["row-e4mm_7bjm-ui9n","row-udvd_3sky~ggsr"]}},{"type":"Feature","id":"eoy-5ace8bdabdec","geometry":{"type":"Point","coordinates":[-74.006588551482,40.731825856707]},"properties":{"id":"eoy-5ace8bdabdec","name":"OSCAR'S PLACE","legalName":"MANEKEN CORP","street":"466 HUDSON STREET","neighborhood":"NEW YORK","borough":"Manhattan","zip":"10014","type":"sidewalk","status":"Issued","licenseIssued":"2026-06-05","licenseExpires":"2030-06-05","nta":"MN0203","bbl":"1005850001","sid":["row-hdwd_hyg4~eukw"]}},{"type":"Feature","id":"eoy-5ad3c37f4e02","geometry":{"type":"Point","coordinates":[-74.005087372318,40.729569736053]},"properties":{"id":"eoy-5ad3c37f4e02","name":"JUDY Z'S","legalName":"C7 AVE SOUTH LLC","street":"1 7 AVENUE SOUTH","neighborhood":"NEW YORK","borough":"Manhattan","zip":"10014","type":"both","status":"Issued","licenseIssued":"2026-06-25","licenseExpires":"2030-06-25","nta":"MN0203","bbl":"1005820043","sid":["row-2z54~dcw9_wj3a","row-shef_xp5b~vnv9"]}},{"type":"Feature","id":"eoy-5ad6da8256c2","geometry":{"type":"Point","coordinates":[-73.986515358908,40.664924185833]},"properties":{"id":"eoy-5ad6da8256c2","name":"ATHENA","legalName":"ATHENA RESTAURANT SAAH, INC.","street":"535 6 AVENUE","neighborhood":"BROOKLYN","borough":"Brooklyn","zip":"11215","type":"both","status":"Issued","licenseIssued":"2026-07-02","licenseExpires":"2030-07-02","nta":"BK0602","bbl":"3010430009","sid":["row-95eb~tiwt-f5bx","row-fkg6.xx5v~3rkz"]}},{"type":"Feature","id":"eoy-5ad84fcad9e4","geometry":{"type":"Point","coordinates":[-73.983548092373,40.667822283476]},"properties":{"id":"eoy-5ad84fcad9e4","name":"BARBES","legalName":"VINOLI INC","street":"376 NINTH STREET","neighborhood":"BROOKLYN","borough":"Brooklyn","zip":"11215","type":"sidewalk","status":"Issued","licenseIssued":"2025-10-03","licenseExpires":"2029-10-03","nta":"BK0602","bbl":"3010120007","sid":["row-gdyx-c92c.76m8"]}},{"type":"Feature","id":"eoy-5af6e6676335","geometry":{"type":"Point","coordinates":[-73.997550520058,40.718824061205]},"properties":{"id":"eoy-5af6e6676335","name":"EASY JOY HOT POT DIM SUM BUFFET","legalName":"CHINESE TREND BUFFET HOT POT LLC","street":"145 MULBERRY STREET","neighborhood":"NEW YORK","borough":"Manhattan","zip":"10013","type":"both","status":"Issued","licenseIssued":"2026-08-21","licenseExpires":"2030-08-21","nta":"MN0201","bbl":"1002367502","sid":["row-5hi5-fw9e-6tpj","row-ueig-z65i_6h6g"]}},{"type":"Feature","id":"eoy-5b0a65fafdd8","geometry":{"type":"Point","coordinates":[-73.963841035522,40.773974376779]},"properties":{"id":"eoy-5b0a65fafdd8","name":"THREE GUYS","legalName":"ZANNIMAD FOOD CORP","street":"960 MADISON AVENUE","neighborhood":"NEW YORK","borough":"Manhattan","zip":"10021","type":"roadway","status":"Issued","licenseIssued":"2026-06-12","licenseExpires":"2030-06-12","nta":"MN0802","bbl":"1013900017","sid":["row-7dk6.aif5-j5i5"]}},{"type":"Feature","id":"eoy-5b60035410ff","geometry":{"type":"Point","coordinates":[-73.913697395461,40.774952208686]},"properties":{"id":"eoy-5b60035410ff","name":"ZORBA'S DINER","legalName":"SYVROS RESTAURANT CORP","street":"29-05 23 AVENUE","neighborhood":"ASTORIA","borough":"Queens","zip":"11105","type":"sidewalk","status":"Issued","licenseIssued":"2025-02-07","licenseExpires":"2029-02-07","nta":"QN0101","bbl":"4008440003","sid":["row-ddid-hhrn-z932"]}},{"type":"Feature","id":"eoy-5b78c1e5e3e4","geometry":{"type":"Point","coordinates":[-73.996139792595,40.722301642751]},"properties":{"id":"eoy-5b78c1e5e3e4","name":"LITTLE RUBY'S","legalName":"219 MULBERRY LLC","street":"219 MULBERRY STREET","neighborhood":"NEW YORK","borough":"Manhattan","zip":"10012","type":"roadway","status":"Issued","licenseIssued":"2026-07-24","licenseExpires":"2030-07-24","nta":"MN0201","bbl":"1004950038","sid":["row-2rxg-9mgn-ewmd"]}},{"type":"Feature","id":"eoy-5b79467533b3","geometry":{"type":"Point","coordinates":[-73.987228464027,40.743043184589]},"properties":{"id":"eoy-5b79467533b3","name":"BLACKBARN","legalName":"MADISON PARK ACQUISITIONS, LLC","street":"19 EAST 26 STREET","neighborhood":"NEW YORK","borough":"Manhattan","zip":"10010","type":"sidewalk","status":"Issued","licenseIssued":"2026-04-03","licenseExpires":"2030-04-03","nta":"MN0501","bbl":"1008567503","sid":["row-fgmm_q4ex_sk4r"]}},{"type":"Feature","id":"eoy-5b9c45abd419","geometry":{"type":"Point","coordinates":[-73.95199971924,40.777497045911]},"properties":{"id":"eoy-5b9c45abd419","name":"HEIDELBERG","legalName":"OLD HEIDELBERG CORP","street":"1648 2 AVENUE","neighborhood":"NEW YORK","borough":"Manhattan","zip":"10028","type":"sidewalk","status":"Issued","licenseIssued":"2025-12-19","licenseExpires":"2029-12-19","nta":"MN0803","bbl":"1015480052","sid":["row-mibn_2yuq.wsd3"]}},{"type":"Feature","id":"eoy-5ba66535f9b8","geometry":{"type":"Point","coordinates":[-73.921090639282,40.739481503076]},"properties":{"id":"eoy-5ba66535f9b8","name":"BOLIVIAN LLAMA PARTY","legalName":"BOLIVIAN LLAMA PARTY LLC","street":"44-14 48 AVENUE","neighborhood":"WOODSIDE","borough":"Queens","zip":"11377","type":"both","status":"Issued","licenseIssued":"2025-12-19","licenseExpires":"2029-12-19","nta":"QN0202","bbl":"4022880032","sid":["row-5ru7-iufn-i6ge","row-epqy-2rx8-zugx"]}},{"type":"Feature","id":"eoy-5bbf40450b4e","geometry":{"type":"Point","coordinates":[-73.958527128599,40.715069979737]},"properties":{"id":"eoy-5bbf40450b4e","name":"ACE'S PIZZA","legalName":"MDMPZZA LLC","street":"637 DRIGGS AVENUE","neighborhood":"BROOKLYN","borough":"Brooklyn","zip":"11211","type":"both","status":"Issued","licenseIssued":"2026-04-03","licenseExpires":"2030-04-03","nta":"BK0102","bbl":"3023537501","sid":["row-fj4y~q9ik_xw64","row-he2y-7nev-vkvf"]}},{"type":"Feature","id":"eoy-5bc0ad0ce587","geometry":{"type":"Point","coordinates":[-73.998686591449,40.733245081834]},"properties":{"id":"eoy-5bc0ad0ce587","name":"SHMONE","legalName":"MIZNON UWS LLC","street":"61 WEST 8 STREET","neighborhood":"NEW YORK","borough":"Manhattan","zip":"10011","type":"sidewalk","status":"Issued","licenseIssued":"2026-07-24","licenseExpires":"2030-07-24","nta":"MN0202","bbl":"1005720010","sid":["row-vjkq_g7gn_j8qk"]}},{"type":"Feature","id":"eoy-5bcad56d9af1","geometry":{"type":"Point","coordinates":[-73.92562452986,40.828326702476]},"properties":{"id":"eoy-5bcad56d9af1","name":"DUGOUTBX - YANKEE STADIUM","legalName":"DUGOUTBX 2 LLC","street":"880 RIVER AVENUE","neighborhood":"BRONX","borough":"Bronx","zip":"10452","type":"both","status":"Issued","licenseIssued":"2026-05-29","licenseExpires":"2030-05-29","nta":"BX0401","bbl":"2024840009","sid":["row-c8bh_s3dn.nfnz","row-nwyw.zfnc-wpyg"]}},{"type":"Feature","id":"eoy-5befca2ef67d","geometry":{"type":"Point","coordinates":[-73.961799570608,40.720225791374]},"properties":{"id":"eoy-5befca2ef67d","name":"JAJAJA MEXICANA","legalName":"JAJAJA WILLIAMSBURG LLC","street":"119 KENT AVENUE","neighborhood":"BROOKLYN","borough":"Brooklyn","zip":"11249","type":"sidewalk","status":"Issued","licenseIssued":"2026-08-28","licenseExpires":"2030-08-28","nta":"BK0102","bbl":"3023250008","sid":["row-cm9b.kzwe-66ac"]}},{"type":"Feature","id":"eoy-5bf85ffca197","geometry":{"type":"Point","coordinates":[-73.980821742973,40.746865746167]},"properties":{"id":"eoy-5bf85ffca197","name":"VILLA BERULIA","legalName":"VILLABERULIA INC","street":"107 EAST 34 STREET","neighborhood":"NEW YORK","borough":"Manhattan","zip":"10016","type":"sidewalk","status":"Issued","licenseIssued":"2026-01-07","licenseExpires":"2030-01-07","nta":"MN0603","bbl":"1008900001","sid":["row-vfwq~ijdi.5u6b"]}},{"type":"Feature","id":"eoy-5c1b915272a3","geometry":{"type":"Point","coordinates":[-73.879399871087,40.702042271549]},"properties":{"id":"eoy-5c1b915272a3","name":"THE AVENUE","legalName":"BEER LLC","street":"71-22 MYRTLE AVENUE","neighborhood":"RIDGEWOOD","borough":"Queens","zip":"11385","type":"roadway","status":"Issued","licenseIssued":"2026-05-22","licenseExpires":"2030-05-22","nta":"QN0503","bbl":"4037090032","sid":["row-dy3q-dgkt~iwiy"]}},{"type":"Feature","id":"eoy-5c1cc59c2e19","geometry":{"type":"Point","coordinates":[-73.97700519778,40.762551347344]},"properties":{"id":"eoy-5c1cc59c2e19","name":"WHISKEY TRADER","legalName":"71 WEST 55TH RESTAURANT CORP","street":"71 WEST 55 STREET","neighborhood":"NEW YORK","borough":"Manhattan","zip":"10019","type":"roadway","status":"Issued","licenseIssued":"2026-05-08","licenseExpires":"2030-05-08","nta":"MN0502","bbl":"1012710071","sid":["row-3k3q-n26c.h4m5"]}},{"type":"Feature","id":"eoy-5c3738306448","geometry":{"type":"Point","coordinates":[-73.920315717202,40.867954370143]},"properties":{"id":"eoy-5c3738306448","name":"YUMMY THAI","legalName":"207 WEST RESTAURANT CORP","street":"4959 BROADWAY","neighborhood":"NEW YORK","borough":"Manhattan","zip":"10034","type":"sidewalk","status":"Issued","licenseIssued":"2026-07-31","licenseExpires":"2030-07-31","nta":"MN1203","bbl":"1022420055","sid":["row-h5hj.a2sf-msda"]}},{"type":"Feature","id":"eoy-5c8ad6fb82e6","geometry":{"type":"Point","coordinates":[-73.996960664511,40.680128256431]},"properties":{"id":"eoy-5c8ad6fb82e6","name":"BABY LUC'S","legalName":"JKJ387 LLC","street":"387 COURT STREET","neighborhood":"BROOKLYN","borough":"Brooklyn","zip":"11231","type":"roadway","status":"Issued","licenseIssued":"2026-03-27","licenseExpires":"2030-03-27","nta":"BK0601","bbl":"3004590004","sid":["row-q4tc~f79c~fube"]}},{"type":"Feature","id":"eoy-5c901812bfdf","geometry":{"type":"Point","coordinates":[-73.99870479998,40.724675923701]},"properties":{"id":"eoy-5c901812bfdf","name":"FANELLI CAFE","legalName":"MICHAEL G. FANELLI, INC.","street":"94 PRINCE STREET","neighborhood":"NEW YORK","borough":"Manhattan","zip":"10012","type":"both","status":"Issued","licenseIssued":"2026-05-08","licenseExpires":"2030-05-08","nta":"MN0201","bbl":"1004990020","sid":["row-dt34.4925-qmmw","row-hvp8-iuzg.z2cr"]}},{"type":"Feature","id":"eoy-5c92bc08f86e","geometry":{"type":"Point","coordinates":[-73.947246546832,40.830381592191]},"properties":{"id":"eoy-5c92bc08f86e","name":"BONO TRATTORIA","legalName":"3660 BROADWAY RESTAURANT LLC","street":"3658 BROADWAY","neighborhood":"NEW YORK","borough":"Manhattan","zip":"10031","type":"sidewalk","status":"Issued","licenseIssued":"2026-06-19","licenseExpires":"2030-06-19","nta":"MN0903","bbl":"1020830001","sid":["row-xp3q.dr92-8v96"]}},{"type":"Feature","id":"eoy-5d08cd2a18b7","geometry":{"type":"Point","coordinates":[-74.002179134411,40.725392294369]},"properties":{"id":"eoy-5d08cd2a18b7","name":"DRIP DROP CAFE","legalName":"NYC DRIP DROP CAFE LLC","street":"98 THOMPSON ST","neighborhood":"NEW YORK","borough":"Manhattan","zip":"10012","type":"roadway","status":"Issued","licenseIssued":"2026-07-21","licenseExpires":"2030-07-21","nta":"MN0201","bbl":"1005020006","sid":["row-4atp~tyrp.dfvc"]}},{"type":"Feature","id":"eoy-5d0bbc446449","geometry":{"type":"Point","coordinates":[-73.966131681782,40.770837819844]},"properties":{"id":"eoy-5d0bbc446449","name":"LADUREE","legalName":"LADUREE MADISON LLC","street":"864 MADISON AVENUE","neighborhood":"NEW YORK","borough":"Manhattan","zip":"10021","type":"sidewalk","status":"Issued","licenseIssued":"2026-07-21","licenseExpires":"2030-07-21","nta":"MN0802","bbl":"1013850017","sid":["row-aap5-d4bs-3zn5"]}},{"type":"Feature","id":"eoy-5d372deed813","geometry":{"type":"Point","coordinates":[-73.968717351713,40.800004290459]},"properties":{"id":"eoy-5d372deed813","name":"CAFE DU SOLEIL","legalName":"BROADWAY 104, LLC","street":"245 WEST 104 STREET","neighborhood":"NEW YORK","borough":"Manhattan","zip":"10025","type":"both","status":"Issued","licenseIssued":"2026-07-21","licenseExpires":"2030-07-21","nta":"MN0703","bbl":"1018760007","sid":["row-tchp-a8xi.7jbj","row-tgm4~ivt4.3vik"]}},{"type":"Feature","id":"eoy-5d4bc8739d32","geometry":{"type":"Point","coordinates":[-73.961503409183,40.714593427657]},"properties":{"id":"eoy-5d4bc8739d32","name":"SALT + CHARCOAL","legalName":"TK FOOD CONCEPTS LLC","street":"171 GRAND STREET","neighborhood":"BROOKLYN","borough":"Brooklyn","zip":"11249","type":"sidewalk","status":"Issued","licenseIssued":"2025-01-31","licenseExpires":"2029-01-31","nta":"BK0102","bbl":"3023800025","sid":["row-2pe3-y5ph_z2q7"]}},{"type":"Feature","id":"eoy-5d53c21c3f1e","geometry":{"type":"Point","coordinates":[-73.980218274803,40.676783452994]},"properties":{"id":"eoy-5d53c21c3f1e","name":"BLUEPRINT","legalName":"196 FIFTH LLC","street":"196 5 AVENUE","neighborhood":"BROOKLYN","borough":"Brooklyn","zip":"11217","type":"roadway","status":"Issued","licenseIssued":"2026-03-27","licenseExpires":"2030-03-27","nta":"BK0602","bbl":"3009520036","sid":["row-6xv6~qgwf_rrsa"]}},{"type":"Feature","id":"eoy-5d6f06868b1e","geometry":{"type":"Point","coordinates":[-73.997455728397,40.744844431297]},"properties":{"id":"eoy-5d6f06868b1e","name":"BRONI & BELLE’S PIZZERIA","legalName":"FARE & SQUARE PIZZA 23 LLC","street":"268 WEST 23 STREET","neighborhood":"NEW YORK","borough":"Manhattan","zip":"10011","type":"sidewalk","status":"Issued","licenseIssued":"2026-06-25","licenseExpires":"2030-06-25","nta":"MN0401","bbl":"1007720081","sid":["row-sfmu_p4bw~uqjv"]}},{"type":"Feature","id":"eoy-5d93f5e6d645","geometry":{"type":"Point","coordinates":[-73.942059942306,40.748096096831]},"properties":{"id":"eoy-5d93f5e6d645","name":"WESTVILLE","legalName":"WV LIC LLC","street":"43-12 HUNTER STREET","neighborhood":"LONG ISLAND CITY","borough":"Queens","zip":"11101","type":"roadway","status":"Issued","licenseIssued":"2026-09-25","licenseExpires":"2030-09-25","nta":"QN0201","bbl":"4004340016","sid":["row-q274_dbwq.32wn"]}},{"type":"Feature","id":"eoy-5dd02c67cdf9","geometry":{"type":"Point","coordinates":[-73.997590095253,40.721774687105]},"properties":{"id":"eoy-5dd02c67cdf9","name":"CAFE SELECT","legalName":"212 LAFAYETTE ASSOCIATES, LLC","street":"212 LAFAYETTE STREET","neighborhood":"NEW YORK","borough":"Manhattan","zip":"10012","type":"both","status":"Issued","licenseIssued":"2026-04-17","licenseExpires":"2030-04-17","nta":"MN0201","bbl":"1004820031","sid":["row-nkif~94wr.myqa","row-vx88-b7h6.ai89"]}},{"type":"Feature","id":"eoy-5dda80d44b67","geometry":{"type":"Point","coordinates":[-74.002511034367,40.724832355221]},"properties":{"id":"eoy-5dda80d44b67","name":"FAMOUS BEN'S PIZZA OF SOHO","legalName":"177 NAP INC","street":"177 SPRING STREET","neighborhood":"NEW YORK","borough":"Manhattan","zip":"10012","type":"roadway","status":"Issued","licenseIssued":"2026-05-22","licenseExpires":"2030-05-22","nta":"MN0201","bbl":"1005020044","sid":["row-rxgz-ja7c-s6vq"]}},{"type":"Feature","id":"eoy-5df2343b8696","geometry":{"type":"Point","coordinates":[-73.939053529598,40.685277760869]},"properties":{"id":"eoy-5df2343b8696","name":"BROOKLYN PUTNAM ARMORY","legalName":"BROOKLYN PUTNAM ARMORY LLC","street":"570 PUTNAM AVENUE","neighborhood":"BROOKLYN","borough":"Brooklyn","zip":"11221","type":"sidewalk","status":"Issued","licenseIssued":"2026-07-31","licenseExpires":"2030-07-31","nta":"BK0302","bbl":"3018310041","sid":["row-phte~7cgg_a4gm"]}},{"type":"Feature","id":"eoy-5df5cfe8dd0b","geometry":{"type":"Point","coordinates":[-73.920238394376,40.68594142782]},"properties":{"id":"eoy-5df5cfe8dd0b","name":"BAKERY BY TEXTBOOK","legalName":"SNAPFU INC","street":"874 HANCOCK STREET","neighborhood":"BROOKLYN","borough":"Brooklyn","zip":"11233","type":"sidewalk","status":"Issued","licenseIssued":"2026-08-21","licenseExpires":"2030-08-21","nta":"BK0302","bbl":"3014910003","sid":["row-qh67.uws7.cqwj"]}},{"type":"Feature","id":"eoy-5df8cd6ea7ed","geometry":{"type":"Point","coordinates":[-73.993483484828,40.733124134612]},"properties":{"id":"eoy-5df8cd6ea7ed","name":"JACK'S WIFE FREDA","legalName":"RAANANA LLC","street":"72 UNIVERSITY PLACE","neighborhood":"NEW YORK","borough":"Manhattan","zip":"10003","type":"sidewalk","status":"Issued","licenseIssued":"2026-06-19","licenseExpires":"2030-06-19","nta":"MN0202","bbl":"1005680019","sid":["row-9njf-6gs3-7zdn"]}},{"type":"Feature","id":"eoy-5e1202dfd62a","geometry":{"type":"Point","coordinates":[-73.916975891994,40.754654392635]},"properties":{"id":"eoy-5e1202dfd62a","name":"UNITED MINERS S.C. RUDAR","legalName":"UNITED MINERS SOCCER CLUB, INC","street":"34-01 45 STREET","neighborhood":"LONG ISLAND CITY","borough":"Queens","zip":"11101","type":"sidewalk","status":"Issued","licenseIssued":"2026-07-20","licenseExpires":"2030-07-20","nta":"QN0104","bbl":"4007050021","sid":["row-ps2k.mch8_9zq2"]}},{"type":"Feature","id":"eoy-5e26bed4ac85","geometry":{"type":"Point","coordinates":[-73.977028103914,40.779802142197]},"properties":{"id":"eoy-5e26bed4ac85","name":"THE MERMAID INN","legalName":"335 COLUMBUS LLC","street":"335 COLUMBUS AVENUE","neighborhood":"NEW YORK","borough":"Manhattan","zip":"10023","type":"roadway","status":"Issued","licenseIssued":"2026-05-08","licenseExpires":"2030-05-08","nta":"MN0702","bbl":"1011280061","sid":["row-tchj.47ym~7ycp"]}},{"type":"Feature","id":"eoy-5e27c5684eec","geometry":{"type":"Point","coordinates":[-74.00214708287,40.738347585795]},"properties":{"id":"eoy-5e27c5684eec","name":"TEA & SYMPATHY","legalName":"TEA AND SYMPATHY INC.","street":"108 GREENWICH AVENUE","neighborhood":"NEW YORK","borough":"Manhattan","zip":"10011","type":"roadway","status":"Issued","licenseIssued":"2025-10-03","licenseExpires":"2029-10-03","nta":"MN0203","bbl":"1006170034","sid":["row-58tz-bvxy.ti9p"]}},{"type":"Feature","id":"eoy-5e4638260d68","geometry":{"type":"Point","coordinates":[-74.117473227131,40.57359237478]},"properties":{"id":"eoy-5e4638260d68","name":"GRANDE CAFFE","legalName":"GRANDE CAFFE INC","street":"63 NEW DORP PLAZA NORTH","neighborhood":"STATEN ISLAND","borough":"Staten Island","zip":"10306","type":"sidewalk","status":"Issued","licenseIssued":"2026-07-21","licenseExpires":"2030-07-21","nta":"SI0202","bbl":"5041990015","sid":["row-suzw_pmpr_3zry"]}},{"type":"Feature","id":"eoy-5e46e424aff0","geometry":{"type":"Point","coordinates":[-73.956613233836,40.712667598609]},"properties":{"id":"eoy-5e46e424aff0","name":"LEO","legalName":"LEO GRANDPA CORP","street":"318 GRAND STREET","neighborhood":"BROOKLYN","borough":"Brooklyn","zip":"11211","type":"both","status":"Issued","licenseIssued":"2026-02-13","licenseExpires":"2030-02-13","nta":"BK0102","bbl":"3023960001","sid":["row-ewqs~9v2d~ah2r","row-mf9s.pb5y_97du"]}},{"type":"Feature","id":"eoy-5e83f72a5542","geometry":{"type":"Point","coordinates":[-73.947491621968,40.775433761382]},"properties":{"id":"eoy-5e83f72a5542","name":"ARTURO'S","legalName":"ARTURO'S PARK,INC","street":"1617 YORK AVENUE","neighborhood":"NEW YORK","borough":"Manhattan","zip":"10028","type":"both","status":"Issued","licenseIssued":"2026-02-13","licenseExpires":"2030-02-13","nta":"MN0803","bbl":"1015650022","sid":["row-4wa8-kcdd.bgzw","row-ahff.depq_6xrb"]}},{"type":"Feature","id":"eoy-5e90a4a2c0c4","geometry":{"type":"Point","coordinates":[-73.989082637238,40.763835441677]},"properties":{"id":"eoy-5e90a4a2c0c4","name":"KAUSA","legalName":"LOS ANDES GROUP LLC","street":"745 9 AVENUE","neighborhood":"NEW YORK","borough":"Manhattan","zip":"10019","type":"sidewalk","status":"Issued","licenseIssued":"2026-05-29","licenseExpires":"2030-05-29","nta":"MN0402","bbl":null,"sid":["row-zpqs.3ykc_u3xs"]}},{"type":"Feature","id":"eoy-5ea8b4178069","geometry":{"type":"Point","coordinates":[-73.985663899313,40.735387854614]},"properties":{"id":"eoy-5ea8b4178069","name":"TRIONA'S","legalName":"192 TM THIRD TAVERN LLC","street":"192 3 AVENUE","neighborhood":"NEW YORK","borough":"Manhattan","zip":"10003","type":"both","status":"Issued","licenseIssued":"2026-07-20","licenseExpires":"2030-07-20","nta":"MN0602","bbl":"1008730035","sid":["row-46g8_dr7r~hw63","row-zs9z~dq9g.fqwx"]}},{"type":"Feature","id":"eoy-5ec97021f97a","geometry":{"type":"Point","coordinates":[-73.940079191229,40.851322324264]},"properties":{"id":"eoy-5ec97021f97a","name":"CABRINI 181","legalName":"THE ELEMENT RESTAURANT GROUP, INC.","street":"854 WEST 181 STREET","neighborhood":"NEW YORK","borough":"Manhattan","zip":"10033","type":"sidewalk","status":"Issued","licenseIssued":"2026-07-21","licenseExpires":"2030-07-21","nta":"MN1202","bbl":"1021770118","sid":["row-5z7z-rz79.8mij"]}},{"type":"Feature","id":"eoy-5f847820e7ac","geometry":{"type":"Point","coordinates":[-73.95784576292,40.731469715212]},"properties":{"id":"eoy-5f847820e7ac","name":"BAR AMERICANO","legalName":"180 FRANKLIN LLC","street":"180 FRANKLIN STREET","neighborhood":"BROOKLYN","borough":"Brooklyn","zip":"11222","type":"both","status":"Issued","licenseIssued":"2025-01-03","licenseExpires":"2029-01-03","nta":"BK0101","bbl":"3025400001","sid":["row-dh6x~h5qq.s5g7","row-fztz~4cxd~g6tv"]}},{"type":"Feature","id":"eoy-5fb9eb7f63d8","geometry":{"type":"Point","coordinates":[-73.974912003046,40.675245339718]},"properties":{"id":"eoy-5fb9eb7f63d8","name":"BAR BASIC","legalName":"B & D RESTAURANT GROUP INC","street":"71 7 AVENUE","neighborhood":"BROOKLYN","borough":"Brooklyn","zip":"11217","type":"roadway","status":"Issued","licenseIssued":"2025-06-18","licenseExpires":"2029-06-18","nta":"BK0602","bbl":"3010610002","sid":["row-jekk.q4wm.c6wm"]}},{"type":"Feature","id":"eoy-5fca0a058e0c","geometry":{"type":"Point","coordinates":[-74.003770600231,40.73259451813]},"properties":{"id":"eoy-5fca0a058e0c","name":"SUPREMA","legalName":"305 BLEECKER FOOD MARKET LLC","street":"305 BLEECKER STREET","neighborhood":"NEW YORK","borough":"Manhattan","zip":"10014","type":"sidewalk","status":"Issued","licenseIssued":"2026-07-20","licenseExpires":"2030-07-20","nta":"MN0203","bbl":"1005910004","sid":["row-iyzp~fywe.ku2u"]}},{"type":"Feature","id":"eoy-60a25efa70ea","geometry":{"type":"Point","coordinates":[-73.957091798192,40.775904359811]},"properties":{"id":"eoy-60a25efa70ea","name":"ANTONUCCI","legalName":"VIRGILIA CAFE, INC.","street":"168 EAST 81 STREET","neighborhood":"NEW YORK","borough":"Manhattan","zip":"10028","type":"both","status":"Issued","licenseIssued":"2026-03-06","licenseExpires":"2030-03-06","nta":"MN0802","bbl":"1015090041","sid":["row-ejqv_gw83-ag67","row-xeb2-dd7q-kpyt"]}},{"type":"Feature","id":"eoy-60becb6f649d","geometry":{"type":"Point","coordinates":[-73.957068332628,40.784267615779]},"properties":{"id":"eoy-60becb6f649d","name":"GINA LA FORNARINA","legalName":"MANNA MADISON AVENUE LLC","street":"26 EAST 91 STREET","neighborhood":"NEW YORK","borough":"Manhattan","zip":"10128","type":"sidewalk","status":"Issued","licenseIssued":"2026-07-21","licenseExpires":"2030-07-21","nta":"MN0802","bbl":"1015020056","sid":["row-caxu-ueys-h27k"]}},{"type":"Feature","id":"eoy-60c8c20143fa","geometry":{"type":"Point","coordinates":[-73.977306253658,40.779456358561]},"properties":{"id":"eoy-60c8c20143fa","name":"PARLA","legalName":"COLUMBUS AVENUE HOSPITALITY LLC","street":"320 COLUMBUS AVENUE","neighborhood":"NEW YORK","borough":"Manhattan","zip":"10023","type":"roadway","status":"Issued","licenseIssued":"2024-12-20","licenseExpires":"2028-12-20","nta":"MN0702","bbl":"1011470029","sid":["row-e9xz~i5pv.3vy3"]}},{"type":"Feature","id":"eoy-60d1c8ce86bd","geometry":{"type":"Point","coordinates":[-73.951898774916,40.712553182491]},"properties":{"id":"eoy-60d1c8ce86bd","name":"AINSLIE","legalName":"76 AINSLIE OPCO LLC C/O COTTA","street":"76 AINSLIE STREET","neighborhood":"BROOKLYN","borough":"Brooklyn","zip":"11211","type":"both","status":"Issued","licenseIssued":"2026-01-16","licenseExpires":"2030-01-16","nta":"BK0102","bbl":"3023750010","sid":["row-d739_uh42-2ghi","row-fdrf-as7w-e4qb"]}},{"type":"Feature","id":"eoy-60d2068a9ac0","geometry":{"type":"Point","coordinates":[-73.98309978506,40.673023570656]},"properties":{"id":"eoy-60d2068a9ac0","name":"TAVA","legalName":"LACIVERT LLC","street":"318 5 AVENUE","neighborhood":"BROOKLYN","borough":"Brooklyn","zip":"11215","type":"roadway","status":"Issued","licenseIssued":"2026-04-10","licenseExpires":"2030-04-10","nta":"BK0602","bbl":"3009740041","sid":["row-2vma.i6hu.skx8"]}},{"type":"Feature","id":"eoy-610c22ae77a5","geometry":{"type":"Point","coordinates":[-74.004820645757,40.733291649062]},"properties":{"id":"eoy-610c22ae77a5","name":"TALEA BEER","legalName":"TALEA BEER INC","street":"102 CHRISTOPHER STREET","neighborhood":"NEW YORK","borough":"Manhattan","zip":"10014","type":"roadway","status":"Issued","licenseIssued":"2025-08-29","licenseExpires":"2029-08-29","nta":"MN0203","bbl":"1005880054","sid":["row-4xfx.vexy.rv89"]}},{"type":"Feature","id":"eoy-6136f1959935","geometry":{"type":"Point","coordinates":[-73.977712759219,40.783957833302]},"properties":{"id":"eoy-6136f1959935","name":"MADE IN NEW YORK PIZZA","legalName":"421 AMSTERDAM PIZZA CORP.","street":"421 AMSTERDAM AVENUE","neighborhood":"NEW YORK","borough":"Manhattan","zip":"10024","type":"both","status":"Issued","licenseIssued":"2026-07-31","licenseExpires":"2030-07-31","nta":"MN0702","bbl":"1012110001","sid":["row-ewt2.vq7z-uwzk","row-k4k9_z8cv~283g"]}},{"type":"Feature","id":"eoy-6139b7c48dd0","geometry":{"type":"Point","coordinates":[-73.960045767536,40.721106264252]},"properties":{"id":"eoy-6139b7c48dd0","name":"MACOLETTA BRICK OVEN PIZZERIA","legalName":"MACOLETTA II LLC","street":"56 NORTH 9 STREET","neighborhood":"BROOKLYN","borough":"Brooklyn","zip":"11249","type":"roadway","status":"Issued","licenseIssued":"2026-03-20","licenseExpires":"2030-03-20","nta":"BK0102","bbl":"3023097502","sid":["row-aqs2~zbjy.t663"]}},{"type":"Feature","id":"eoy-613d933de264","geometry":{"type":"Point","coordinates":[-73.963605134382,40.710389127269]},"properties":{"id":"eoy-613d933de264","name":"MOTORINO","legalName":"MOTORINO BROADWAY INC.","street":"139 BROADWAY","neighborhood":"BROOKLYN","borough":"Brooklyn","zip":"11211","type":"sidewalk","status":"Issued","licenseIssued":"2026-03-13","licenseExpires":"2030-03-13","nta":"BK0102","bbl":"3024570044","sid":["row-7r2v.t5ep~bvhp"]}},{"type":"Feature","id":"eoy-6140a35f0b3e","geometry":{"type":"Point","coordinates":[-73.980898175625,40.782245681821]},"properties":{"id":"eoy-6140a35f0b3e","name":"MILLE-FEUILLE BAKERY","legalName":"MILLE-FEUILLE BAKERY BROADWAY LLC","street":"2175 BROADWAY","neighborhood":"NEW YORK","borough":"Manhattan","zip":"10024","type":"sidewalk","status":"Issued","licenseIssued":"2026-08-07","licenseExpires":"2030-08-07","nta":"MN0702","bbl":"1011680056","sid":["row-qquv~8756.4xe5"]}},{"type":"Feature","id":"eoy-61521257eb35","geometry":{"type":"Point","coordinates":[-73.987321567939,40.765728635155]},"properties":{"id":"eoy-61521257eb35","name":"WESTVILLE","legalName":"WESTVILLE HK LLC","street":"809 9 AVENUE","neighborhood":"NEW YORK","borough":"Manhattan","zip":"10019","type":"sidewalk","status":"Issued","licenseIssued":"2026-09-11","licenseExpires":"2030-09-11","nta":"MN0402","bbl":"1010630033","sid":["row-ib95-x37u.qcxf"]}},{"type":"Feature","id":"eoy-6187e7cc36e8","geometry":{"type":"Point","coordinates":[-73.980477804397,40.775084548238]},"properties":{"id":"eoy-6187e7cc36e8","name":"JOE COFFEE","legalName":"JAGR 187 COLUMBUS LLC","street":"187 COLUMBUS AVENUE","neighborhood":"NEW YORK","borough":"Manhattan","zip":"10023","type":"sidewalk","status":"Issued","licenseIssued":"2026-08-14","licenseExpires":"2030-08-14","nta":"MN0701","bbl":"1011210001","sid":["row-3aez_qity_ifvz"]}},{"type":"Feature","id":"eoy-61918b1bc16a","geometry":{"type":"Point","coordinates":[-73.920923400766,40.770812831995]},"properties":{"id":"eoy-61918b1bc16a","name":"BZ GRILL","legalName":"VRINE CORP","street":"27-02 ASTORIA BOULEVARD","neighborhood":"ASTORIA","borough":"Queens","zip":"11102","type":"sidewalk","status":"Issued","licenseIssued":"2026-08-21","licenseExpires":"2030-08-21","nta":"QN0103","bbl":"4005730044","sid":["row-72wm_bxi6.sh4k"]}},{"type":"Feature","id":"eoy-61ff58ef57f2","geometry":{"type":"Point","coordinates":[-73.978253698288,40.786137270312]},"properties":{"id":"eoy-61ff58ef57f2","name":"WESTVILLE","legalName":"WV UWS LLC","street":"2290 BROADWAY","neighborhood":"NEW YORK","borough":"Manhattan","zip":"10024","type":"both","status":"Issued","licenseIssued":"2026-08-21","licenseExpires":"2030-08-21","nta":"MN0702","bbl":"1012300043","sid":["row-a5mc_zxw2_3vax","row-z4bw_dcdv_pc62"]}},{"type":"Feature","id":"eoy-61ff6e2c4276","geometry":{"type":"Point","coordinates":[-73.944755957246,40.808748262247]},"properties":{"id":"eoy-61ff6e2c4276","name":"SYLVIA'S","legalName":"SYLVIA WOODS INC","street":"328 LENOX AVENUE","neighborhood":"NEW YORK","borough":"Manhattan","zip":"10027","type":"sidewalk","status":"Issued","licenseIssued":"2026-09-02","licenseExpires":"2030-09-02","nta":"MN1002","bbl":"1017240004","sid":["row-i5e3.3f8w-5ejq"]}},{"type":"Feature","id":"eoy-621715d63f70","geometry":{"type":"Point","coordinates":[-73.950044140585,40.718096822912]},"properties":{"id":"eoy-621715d63f70","name":"PETE'S CANDY STORE","legalName":"THE 709 LORIMER ST. RESTAURANT CORP","street":"709 LORIMER STREET","neighborhood":"BROOKLYN","borough":"Brooklyn","zip":"11211","type":"roadway","status":"Issued","licenseIssued":"2026-02-13","licenseExpires":"2030-02-13","nta":"BK0102","bbl":"3027310025","sid":["row-eivr~kthu-vfga"]}},{"type":"Feature","id":"eoy-625887f3e1c6","geometry":{"type":"Point","coordinates":[-73.957309441007,40.673351728568]},"properties":{"id":"eoy-625887f3e1c6","name":"ALTAR","legalName":"AVANOELLE BK LLC","street":"645 STERLING PLACE","neighborhood":"BROOKLYN","borough":"Brooklyn","zip":"11238","type":"sidewalk","status":"Issued","licenseIssued":"2026-05-22","licenseExpires":"2030-05-22","nta":"BK0802","bbl":"3011680060","sid":["row-2frp_h872-cqst"]}},{"type":"Feature","id":"eoy-6259de49cd88","geometry":{"type":"Point","coordinates":[-73.992448228732,40.698647035422]},"properties":{"id":"eoy-6259de49cd88","name":"HENRY'S END","legalName":"BRIDGE 72 LLC","street":"72 HENRY STREET","neighborhood":"BROOKLYN","borough":"Brooklyn","zip":"11201","type":"sidewalk","status":"Issued","licenseIssued":"2025-01-03","licenseExpires":"2029-01-03","nta":"BK0201","bbl":"3002260021","sid":["row-9sja-yxz8-yy5c"]}},{"type":"Feature","id":"eoy-62ab8a93b638","geometry":{"type":"Point","coordinates":[-74.00000360812,40.730579922537]},"properties":{"id":"eoy-62ab8a93b638","name":"LA LANTERNA DI VITTORIO","legalName":"ENOTECA, INC.","street":"129 MACDOUGAL STREET","neighborhood":"NEW YORK","borough":"Manhattan","zip":"10012","type":"roadway","status":"Issued","licenseIssued":"2026-09-18","licenseExpires":"2030-09-18","nta":"MN0202","bbl":"1005430058","sid":["row-ktfc_xt9z~bvcd"]}},{"type":"Feature","id":"eoy-6303bc662892","geometry":{"type":"Point","coordinates":[-73.974053883834,40.67550590241]},"properties":{"id":"eoy-6303bc662892","name":"BANHMIGOS","legalName":"THE BANHMIGOS FOOD INC","street":"178 LINCOLN PLACE","neighborhood":"BROOKLYN","borough":"Brooklyn","zip":"11217","type":"sidewalk","status":"Issued","licenseIssued":"2026-02-06","licenseExpires":"2030-02-06","nta":"BK0602","bbl":"3010610010","sid":["row-anxv_x2zi_9ka6"]}},{"type":"Feature","id":"eoy-6326567422cc","geometry":{"type":"Point","coordinates":[-73.952606878844,40.776704064109]},"properties":{"id":"eoy-6326567422cc","name":"ELIO'S","legalName":"1621 RESTAURANTS INC","street":"1621 SECOND AVENUE","neighborhood":"NEW YORK","borough":"Manhattan","zip":"10028","type":"sidewalk","status":"Issued","licenseIssued":"2026-03-06","licenseExpires":"2030-03-06","nta":"MN0803","bbl":"1015300022","sid":["row-cc9e_87wn.nprm"]}},{"type":"Feature","id":"eoy-63584f1521fe","geometry":{"type":"Point","coordinates":[-73.991380768535,40.726204442054]},"properties":{"id":"eoy-63584f1521fe","name":"GEMMA","legalName":"BOWERY F & B, LLC","street":"4 EAST 3 STREET","neighborhood":"NEW YORK","borough":"Manhattan","zip":"10003","type":"both","status":"Issued","licenseIssued":"2025-10-03","licenseExpires":"2029-10-03","nta":"MN0303","bbl":"1004580006","sid":["row-6vax~xicg~857g","row-tmh6.se8y~2qq3"]}},{"type":"Feature","id":"eoy-63672d19bce4","geometry":{"type":"Point","coordinates":[-73.879987583859,40.748031493061]},"properties":{"id":"eoy-63672d19bce4","name":"TORNADO CREPE","legalName":"TORNADO CREPES CORP.","street":"86-10 ROOSEVELT AVENUE","neighborhood":"JACKSON HEIGHTS","borough":"Queens","zip":"11372","type":"sidewalk","status":"Issued","licenseIssued":"2026-07-20","licenseExpires":"2030-07-20","nta":"QN0401","bbl":"4015020006","sid":["row-eqbs.gata~nq73"]}},{"type":"Feature","id":"eoy-63732e7ee05d","geometry":{"type":"Point","coordinates":[-73.98991061496,40.737688418945]},"properties":{"id":"eoy-63732e7ee05d","name":"JUICE GENERATION","legalName":"JUICE GENERATION INC","street":"28 EAST 18 STREET","neighborhood":"NEW YORK","borough":"Manhattan","zip":"10003","type":"sidewalk","status":"Issued","licenseIssued":"2026-07-31","licenseExpires":"2030-07-31","nta":"MN0501","bbl":"1008460052","sid":["row-f38k-anxk-y5t2"]}},{"type":"Feature","id":"eoy-638862c80b1f","geometry":{"type":"Point","coordinates":[-73.959838562901,40.729667119238]},"properties":{"id":"eoy-638862c80b1f","name":"21 GREENPOINT","legalName":"SMS 21 LLC","street":"21 GREENPOINT AVENUE","neighborhood":"BROOKLYN","borough":"Brooklyn","zip":"11222","type":"both","status":"Issued","licenseIssued":"2026-07-02","licenseExpires":"2030-07-02","nta":"BK0101","bbl":"3025560049","sid":["row-eqrb_nqk6-xw5s","row-zfe9~gre6_44te"]}},{"type":"Feature","id":"eoy-6394cd1877f7","geometry":{"type":"Point","coordinates":[-73.962013853437,40.717714399793]},"properties":{"id":"eoy-6394cd1877f7","name":"BLUE BOTTLE COFFEE","legalName":"BLUE BOTTLE COFFEE, INC.","street":"76 N 4TH ST","neighborhood":"BROOKLYN","borough":"Brooklyn","zip":"11249","type":"sidewalk","status":"Issued","licenseIssued":"2026-03-27","licenseExpires":"2030-03-27","nta":"BK0102","bbl":"3023507502","sid":["row-ekgf-ehms~uf48"]}},{"type":"Feature","id":"eoy-63dc28685ef0","geometry":{"type":"Point","coordinates":[-73.970493008067,40.689506138257]},"properties":{"id":"eoy-63dc28685ef0","name":"DINO","legalName":"SELVAM CORP","street":"222 DEKALB AVENUE","neighborhood":"BROOKLYN","borough":"Brooklyn","zip":"11205","type":"sidewalk","status":"Issued","licenseIssued":"2026-03-13","licenseExpires":"2030-03-13","nta":"BK0203","bbl":"3021040029","sid":["row-uhye_t5tk.977r"]}},{"type":"Feature","id":"eoy-642125a26b3f","geometry":{"type":"Point","coordinates":[-74.023851637995,40.62558155113]},"properties":{"id":"eoy-642125a26b3f","name":"MUSSELS & MORE","legalName":"MUSSELS & MORE LTD","street":"510 80 STREET","neighborhood":"BROOKLYN","borough":"Brooklyn","zip":"11209","type":"both","status":"Issued","licenseIssued":"2026-04-10","licenseExpires":"2030-04-10","nta":"BK1001","bbl":"3059900010","sid":["row-52dw-rb52-e3yq","row-be45.26rz_hqgk"]}},{"type":"Feature","id":"eoy-6450a539b489","geometry":{"type":"Point","coordinates":[-73.944637552759,40.725587556324]},"properties":{"id":"eoy-6450a539b489","name":"THE PALACE","legalName":"FROZENBANANA LLC","street":"206 NASSAU AVENUE","neighborhood":"BROOKLYN","borough":"Brooklyn","zip":"11222","type":"sidewalk","status":"Issued","licenseIssued":"2026-02-06","licenseExpires":"2030-02-06","nta":"BK0101","bbl":"3026860008","sid":["row-zz7d_rwmq~f2ru"]}},{"type":"Feature","id":"eoy-646d7815160f","geometry":{"type":"Point","coordinates":[-73.988377113181,40.592791490104]},"properties":{"id":"eoy-646d7815160f","name":"MEMORIES BAR SHEVROJA","legalName":"BAR CAFE SHEVROJA INC","street":"2611 BATH AVENUE","neighborhood":"BROOKLYN","borough":"Brooklyn","zip":"11214","type":"roadway","status":"Issued","licenseIssued":"2026-03-13","licenseExpires":"2030-03-13","nta":"BK1103","bbl":"3068820004","sid":["row-ryqn~dz5h~6jij"]}},{"type":"Feature","id":"eoy-6487e1ed490d","geometry":{"type":"Point","coordinates":[-73.947189712484,40.805450221744]},"properties":{"id":"eoy-6487e1ed490d","name":"SOTTOCASA PIZZERIA","legalName":"PAPPA & CICCIA INC","street":"227 LENOX AVENUE","neighborhood":"NEW YORK","borough":"Manhattan","zip":"10027","type":"sidewalk","status":"Issued","licenseIssued":"2026-07-24","licenseExpires":"2030-07-24","nta":"MN1001","bbl":"1019060031","sid":["row-rj4z.e8zn~gff5"]}},{"type":"Feature","id":"eoy-648f66b83f6f","geometry":{"type":"Point","coordinates":[-73.995752117595,40.687807053648]},"properties":{"id":"eoy-648f66b83f6f","name":"LA VARA","legalName":"LV TAPAS INC","street":"268 CLINTON STREET","neighborhood":"BROOKLYN","borough":"Brooklyn","zip":"11201","type":"both","status":"Issued","licenseIssued":"2026-01-16","licenseExpires":"2030-01-16","nta":"BK0601","bbl":"3003010026","sid":["row-3p56~nd6y_7rc9","row-hj9c_w4t2-2xwp"]}},{"type":"Feature","id":"eoy-64bb799aeb92","geometry":{"type":"Point","coordinates":[-73.985213298148,40.74958096514]},"properties":{"id":"eoy-64bb799aeb92","name":"PLAYWRIGHT IRISH PUB","legalName":"N & A PRODUCTIONS INC","street":"27 WEST 35 STREET","neighborhood":"NEW YORK","borough":"Manhattan","zip":"10001","type":"sidewalk","status":"Issued","licenseIssued":"2026-07-24","licenseExpires":"2030-07-24","nta":"MN0502","bbl":"1008370026","sid":["row-nkuc~8dx8-u5gj"]}},{"type":"Feature","id":"eoy-64e9e6393b08","geometry":{"type":"Point","coordinates":[-74.002940774604,40.734112397275]},"properties":{"id":"eoy-64e9e6393b08","name":"EMPELLON","legalName":"SADA ONE LLC","street":"230 WEST 4 STREET","neighborhood":"NEW YORK","borough":"Manhattan","zip":"10014","type":"both","status":"Issued","licenseIssued":"2026-09-18","licenseExpires":"2030-09-18","nta":"MN0203","bbl":"1006190068","sid":["row-6atc_4gkr~26ih","row-nd8r~hyca_mya7"]}},{"type":"Feature","id":"eoy-64f16cec85be","geometry":{"type":"Point","coordinates":[-74.000768592598,40.736017298821]},"properties":{"id":"eoy-64f16cec85be","name":"SEMMA","legalName":"TAPESTRY MANAGEMENT LLC","street":"60 GREENWICH AVENUE","neighborhood":"NEW YORK","borough":"Manhattan","zip":"10011","type":"sidewalk","status":"Issued","licenseIssued":"2026-08-21","licenseExpires":"2030-08-21","nta":"MN0203","bbl":"1006060025","sid":["row-tb7k_kydh.93ny"]}},{"type":"Feature","id":"eoy-650f7ebe111e","geometry":{"type":"Point","coordinates":[-73.918943693398,40.774796837433]},"properties":{"id":"eoy-650f7ebe111e","name":"MOSAIC","legalName":"R & S CAFE INC","street":"25-19 24 AVENUE","neighborhood":"ASTORIA","borough":"Queens","zip":"11102","type":"sidewalk","status":"Issued","licenseIssued":"2026-06-26","licenseExpires":"2030-06-26","nta":"QN0101","bbl":"4008640074","sid":["row-u4gr.id9r~5eug"]}},{"type":"Feature","id":"eoy-651745d7ddb9","geometry":{"type":"Point","coordinates":[-73.979662554113,40.678482371945]},"properties":{"id":"eoy-651745d7ddb9","name":"THE BEER GARAGE","legalName":"THE BEER GARAGE LLC","street":"412 DOUGLASS STREET","neighborhood":"BROOKLYN","borough":"Brooklyn","zip":"11217","type":"both","status":"Issued","licenseIssued":"2026-05-08","licenseExpires":"2030-05-08","nta":"BK0602","bbl":"3009460045","sid":["row-4kbb.6z6v-zuqg","row-8anq-4bj6_h2c5"]}},{"type":"Feature","id":"eoy-6523ace6de39","geometry":{"type":"Point","coordinates":[-73.91665380578,40.818549260529]},"properties":{"id":"eoy-6523ace6de39","name":"XOCHIMILCO FAMILY REST","legalName":"XOCHIMILCO FAMILY REST INC.","street":"653 MELROSE AVENUE","neighborhood":"BRONX","borough":"Bronx","zip":"10455","type":"both","status":"Issued","licenseIssued":"2026-04-24","licenseExpires":"2030-04-24","nta":"BX0102","bbl":"2023990024","sid":["row-m8hg.vnff.45ii","row-v9n6~fqtz.acsx"]}},{"type":"Feature","id":"eoy-65430d178bbd","geometry":{"type":"Point","coordinates":[-73.981766491244,40.736682830027]},"properties":{"id":"eoy-65430d178bbd","name":"MALT & MOLD","legalName":"C&K Grocery Corporation","street":"362 2 AVENUE","neighborhood":"NEW YORK","borough":"Manhattan","zip":"10010","type":"sidewalk","status":"Issued","licenseIssued":"2026-07-21","licenseExpires":"2030-07-21","nta":"MN0602","bbl":"1009270001","sid":["row-t9uk-j9ba_gv3a"]}},{"type":"Feature","id":"eoy-6544884fe2eb","geometry":{"type":"Point","coordinates":[-73.997027416806,40.719235764005]},"properties":{"id":"eoy-6544884fe2eb","name":"TOMINO - TABERNA GALLEGA","legalName":"TOMINO LLC","street":"192 GRAND STREET","neighborhood":"NEW YORK","borough":"Manhattan","zip":"10013","type":"sidewalk","status":"Issued","licenseIssued":"2026-07-20","licenseExpires":"2030-07-20","nta":"MN0201","bbl":"1004710057","sid":["row-68dd_bnyd~m2vy"]}},{"type":"Feature","id":"eoy-654f15c3fc6b","geometry":{"type":"Point","coordinates":[-73.979153119564,40.72790737121]},"properties":{"id":"eoy-654f15c3fc6b","name":"AMA RAW BAR","legalName":"AMA FOOD GROUP LLC","street":"190 AVENUE B","neighborhood":"NEW YORK","borough":"Manhattan","zip":"10009","type":"roadway","status":"Issued","licenseIssued":"2025-06-13","licenseExpires":"2029-06-13","nta":"MN0303","bbl":"1004050031","sid":["row-m472.jcqa_sm8b"]}},{"type":"Feature","id":"eoy-65540e017e56","geometry":{"type":"Point","coordinates":[-74.001944084283,40.706930986673]},"properties":{"id":"eoy-65540e017e56","name":"THE PARIS CAFE","legalName":"119 PARIS CAFE CORP","street":"119 SOUTH STREET","neighborhood":"NEW YORK","borough":"Manhattan","zip":"10038","type":"roadway","status":"Issued","licenseIssued":"2025-08-22","licenseExpires":"2029-08-22","nta":"MN0101","bbl":"1000970001","sid":["row-v4gk_ba2i_8y8j"]}},{"type":"Feature","id":"eoy-656ed6aaf5d9","geometry":{"type":"Point","coordinates":[-74.014929307453,40.70966931174]},"properties":{"id":"eoy-656ed6aaf5d9","name":"BILL'S BAR AND BURGER DOWNTOWN","legalName":"BILL'S DTM NY, LLC","street":"85 WEST STREET","neighborhood":"NEW YORK","borough":"Manhattan","zip":"10006","type":"sidewalk","status":"Issued","licenseIssued":"2026-05-08","licenseExpires":"2030-05-08","nta":"MN0101","bbl":"1000550016","sid":["row-r4z8_8jwn_jbw6"]}},{"type":"Feature","id":"eoy-657d2de79994","geometry":{"type":"Point","coordinates":[-73.970206858727,40.764720887221]},"properties":{"id":"eoy-657d2de79994","name":"LA GOULUE","legalName":"LA GOULUE 61, LLC","street":"29 EAST 61 STREET","neighborhood":"NEW YORK","borough":"Manhattan","zip":"10065","type":"sidewalk","status":"Issued","licenseIssued":"2026-05-01","licenseExpires":"2030-05-01","nta":"MN0802","bbl":"1013760025","sid":["row-8xka~jdwx.k3mh"]}},{"type":"Feature","id":"eoy-657ea8c316d7","geometry":{"type":"Point","coordinates":[-73.901731027152,40.702543920498]},"properties":{"id":"eoy-657ea8c316d7","name":"IL GIGANTE","legalName":"LOLEDO LLC","street":"880 WOODWARD AVENUE","neighborhood":"RIDGEWOOD","borough":"Queens","zip":"11385","type":"sidewalk","status":"Issued","licenseIssued":"2026-07-21","licenseExpires":"2030-07-21","nta":"QN0502","bbl":"4034730048","sid":["row-m2fv~q82s.hqm3"]}},{"type":"Feature","id":"eoy-65b715a5bc9c","geometry":{"type":"Point","coordinates":[-73.996774824068,40.720624609574]},"properties":{"id":"eoy-65b715a5bc9c","name":"FIGO IL GELATO ITALIANO","legalName":"PISTACCHIO LLC","street":"178 MULBERRY STREET","neighborhood":"NEW YORK","borough":"Manhattan","zip":"10012","type":"both","status":"Issued","licenseIssued":"2026-05-15","licenseExpires":"2030-05-15","nta":"MN0201","bbl":"1004800001","sid":["row-biii.8rrz-v3y5","row-vkuh_dv8w~utgi"]}},{"type":"Feature","id":"eoy-65c624875126","geometry":{"type":"Point","coordinates":[-73.949574425471,40.78082813766]},"properties":{"id":"eoy-65c624875126","name":"THE TOOL BOX","legalName":"MAB BAR INC.","street":"1742 2 AVENUE","neighborhood":"NEW YORK","borough":"Manhattan","zip":"10128","type":"sidewalk","status":"Issued","licenseIssued":"2026-07-31","licenseExpires":"2030-07-31","nta":"MN0803","bbl":"1015530051","sid":["row-5vxe_aiyb~tyft"]}},{"type":"Feature","id":"eoy-65cebbba0a8d","geometry":{"type":"Point","coordinates":[-73.983177418179,40.722358114106]},"properties":{"id":"eoy-65cebbba0a8d","name":"LOLLO","legalName":"LOLLO LLC","street":"27 AVENUE B","neighborhood":"NEW YORK","borough":"Manhattan","zip":"10009","type":"sidewalk","status":"Issued","licenseIssued":"2026-08-14","licenseExpires":"2030-08-14","nta":"MN0303","bbl":"1003850005","sid":["row-395h.89g9~iqiu"]}},{"type":"Feature","id":"eoy-65d07accfc30","geometry":{"type":"Point","coordinates":[-73.981747768799,40.752278565999]},"properties":{"id":"eoy-65d07accfc30","name":"COGNAC 5TH AVENUE","legalName":"461 RESTAURANT LLC","street":"461 5 AVENUE","neighborhood":"NEW YORK","borough":"Manhattan","zip":"10017","type":"sidewalk","status":"Issued","licenseIssued":"2026-08-28","licenseExpires":"2030-08-28","nta":"MN0502","bbl":"1012750001","sid":["row-vr8u-j7q8~xq3f"]}},{"type":"Feature","id":"eoy-65e32b94e40f","geometry":{"type":"Point","coordinates":[-73.953532090009,40.775433620871]},"properties":{"id":"eoy-65e32b94e40f","name":"BRADY'S","legalName":"LOUGH DUFF REST INC.","street":"1583 2 AVENUE","neighborhood":"NEW YORK","borough":"Manhattan","zip":"10028","type":"both","status":"Issued","licenseIssued":"2026-03-27","licenseExpires":"2030-03-27","nta":"MN0803","bbl":"1015280021","sid":["row-23e6_qkxr_cpud","row-jt98.7jk9~fnsm"]}},{"type":"Feature","id":"eoy-660d66e6f765","geometry":{"type":"Point","coordinates":[-74.001688862208,40.740872775677]},"properties":{"id":"eoy-660d66e6f765","name":"JACK'S WIFE FREDA","legalName":"GAUTENG, LLC","street":"116 8 AVENUE","neighborhood":"NEW YORK","borough":"Manhattan","zip":"10011","type":"both","status":"Issued","licenseIssued":"2026-05-15","licenseExpires":"2030-05-15","nta":"MN0401","bbl":"1007650001","sid":["row-fasv_r9fx~xg57","row-igcq.86dt-azjb"]}},{"type":"Feature","id":"eoy-660d7b481be3","geometry":{"type":"Point","coordinates":[-73.919370473408,40.76527832011]},"properties":{"id":"eoy-660d7b481be3","name":"SWEET AFTON / SIDEKICK","legalName":"TIG ASTORIA LLC","street":"30-09 34 STREET","neighborhood":"ASTORIA","borough":"Queens","zip":"11103","type":"sidewalk","status":"Issued","licenseIssued":"2026-05-22","licenseExpires":"2030-05-22","nta":"QN0103","bbl":"4006260141","sid":["row-nwc6-jmhp~c72s"]}},{"type":"Feature","id":"eoy-665887f3b521","geometry":{"type":"Point","coordinates":[-73.909481481326,40.763495087647]},"properties":{"id":"eoy-665887f3b521","name":"PRONTO PIZZERIA","legalName":"4519 28TH AVE CORP","street":"45-19 28 AVENUE","neighborhood":"ASTORIA","borough":"Queens","zip":"11103","type":"sidewalk","status":"Issued","licenseIssued":"2026-09-02","licenseExpires":"2030-09-02","nta":"QN0104","bbl":"4007160001","sid":["row-b6ym~y6gj-sz29"]}},{"type":"Feature","id":"eoy-665abb3f3120","geometry":{"type":"Point","coordinates":[-73.921654155796,40.763451892585]},"properties":{"id":"eoy-665abb3f3120","name":"ENTHAICE THAI KITCHEN","legalName":"Mahapochanahphan Inc.","street":"33-20 31 AVENUE","neighborhood":"ASTORIA","borough":"Queens","zip":"11106","type":"sidewalk","status":"Issued","licenseIssued":"2026-08-07","licenseExpires":"2030-08-07","nta":"QN0103","bbl":"4006230044","sid":["row-nacw.wbtn~j5t3"]}},{"type":"Feature","id":"eoy-6674d83a1f8e","geometry":{"type":"Point","coordinates":[-73.977618827214,40.7840923079]},"properties":{"id":"eoy-6674d83a1f8e","name":"MOMOYA","legalName":"TAIKAI INC","street":"427 AMSTERDAM AVENUE","neighborhood":"NEW YORK","borough":"Manhattan","zip":"10024","type":"both","status":"Issued","licenseIssued":"2026-06-05","licenseExpires":"2030-06-05","nta":"MN0702","bbl":"1012110004","sid":["row-murc~ysya-5tz8","row-tezz~ujzt_hx8w"]}},{"type":"Feature","id":"eoy-667a27c32fbc","geometry":{"type":"Point","coordinates":[-73.955687385302,40.727101979141]},"properties":{"id":"eoy-667a27c32fbc","name":"SALSA","legalName":"PIZZA PASTA SALAD LLC","street":"40 CLIFFORD PLACE","neighborhood":"BROOKLYN","borough":"Brooklyn","zip":"11222","type":"sidewalk","status":"Issued","licenseIssued":"2026-07-24","licenseExpires":"2030-07-24","nta":"BK0101","bbl":"3025940001","sid":["row-dt8j-8rcj~gjaf"]}},{"type":"Feature","id":"eoy-66841cf7af33","geometry":{"type":"Point","coordinates":[-73.944286089047,40.72307866892]},"properties":{"id":"eoy-66841cf7af33","name":"VARIETY COFFEE ROASTERS","legalName":"VARIETY CAFE INC","street":"142 DRIGGS AVENUE","neighborhood":"BROOKLYN","borough":"Brooklyn","zip":"11222","type":"both","status":"Issued","licenseIssued":"2025-10-03","licenseExpires":"2029-10-03","nta":"BK0101","bbl":"3026860045","sid":["row-t4j3.vzqm~vsbm","row-wtiv~6vna.t766"]}},{"type":"Feature","id":"eoy-668ac39da5a8","geometry":{"type":"Point","coordinates":[-73.967922847847,40.68030221866]},"properties":{"id":"eoy-668ac39da5a8","name":"CIAO, GLORIA","legalName":"CIAO, GLORIA LLC","street":"550 VANDERBILT AVENUE","neighborhood":"BROOKLYN","borough":"Brooklyn","zip":"11238","type":"sidewalk","status":"Issued","licenseIssued":"2026-05-08","licenseExpires":"2030-05-08","nta":"BK0801","bbl":"3011297501","sid":["row-ubnt.3swm-wbp4"]}},{"type":"Feature","id":"eoy-66f14d275ab2","geometry":{"type":"Point","coordinates":[-73.987013516201,40.679638991034]},"properties":{"id":"eoy-66f14d275ab2","name":"LIAR LIAR","legalName":"CAGLIOSTRO LLC","street":"285 NEVINS STREET","neighborhood":"BROOKLYN","borough":"Brooklyn","zip":"11217","type":"both","status":"Issued","licenseIssued":"2026-08-28","licenseExpires":"2030-08-28","nta":"BK0601","bbl":"3004330010","sid":["row-4xix_xhun~5ssi","row-chgs_h8s9.at9x"]}},{"type":"Feature","id":"eoy-671a0109676c","geometry":{"type":"Point","coordinates":[-73.987794608853,40.765039752379]},"properties":{"id":"eoy-671a0109676c","name":"UNCLE RAY'S","legalName":"JUNIOR PRODUCTIONS LLC","street":"790 9 AVENUE","neighborhood":"NEW YORK","borough":"Manhattan","zip":"10019","type":"sidewalk","status":"Issued","licenseIssued":"2026-09-11","licenseExpires":"2030-09-11","nta":"MN0402","bbl":"1010430004","sid":["row-imie_davz-wudw"]}},{"type":"Feature","id":"eoy-672959c23951","geometry":{"type":"Point","coordinates":[-74.006204916406,40.719339935851]},"properties":{"id":"eoy-672959c23951","name":"RIGOR HILL MARKET","legalName":"AMBASSADORS ONLY LLC","street":"227 WEST BROADWAY","neighborhood":"NEW YORK","borough":"Manhattan","zip":"10013","type":"roadway","status":"Issued","licenseIssued":"2026-04-24","licenseExpires":"2030-04-24","nta":"MN0102","bbl":"1001780019","sid":["row-n2gb.tvbh~py95"]}},{"type":"Feature","id":"eoy-67351709c085","geometry":{"type":"Point","coordinates":[-73.981249800058,40.675230083137]},"properties":{"id":"eoy-67351709c085","name":"HAENYEO","legalName":"HAENYEO CORP","street":"239 5 AVENUE","neighborhood":"BROOKLYN","borough":"Brooklyn","zip":"11215","type":"sidewalk","status":"Issued","licenseIssued":"2026-03-27","licenseExpires":"2030-03-27","nta":"BK0602","bbl":"3009590001","sid":["row-dtpt-dkk9~ydwk"]}},{"type":"Feature","id":"eoy-6740ec5b6cb1","geometry":{"type":"Point","coordinates":[-73.977586301962,40.784169154624]},"properties":{"id":"eoy-6740ec5b6cb1","name":"CRAVE FISH BAR","legalName":"UPPER WEST HOSPITALITY LLC","street":"428 AMSTERDAM AVENUE","neighborhood":"NEW YORK","borough":"Manhattan","zip":"10024","type":"sidewalk","status":"Issued","licenseIssued":"2026-08-14","licenseExpires":"2030-08-14","nta":"MN0702","bbl":"1012280033","sid":["row-bhjc.3k4j-yrh5"]}},{"type":"Feature","id":"eoy-67b5e2fc627c","geometry":{"type":"Point","coordinates":[-73.965736822639,40.710510553877]},"properties":{"id":"eoy-67b5e2fc627c","name":"DINER","legalName":"MARLOW, INC","street":"85 BROADWAY","neighborhood":"BROOKLYN","borough":"Brooklyn","zip":"11249","type":"sidewalk","status":"Issued","licenseIssued":"2026-07-21","licenseExpires":"2030-07-21","nta":"BK0102","bbl":"3024700019","sid":["row-wcwt_tu3k-9rjy"]}},{"type":"Feature","id":"eoy-67e015bcb8cf","geometry":{"type":"Point","coordinates":[-73.941624954862,40.713327927504]},"properties":{"id":"eoy-67e015bcb8cf","name":"COMMON MOLLIES","legalName":"301 TAVERN CORP.","street":"301 AINSLIE STREET","neighborhood":"BROOKLYN","borough":"Brooklyn","zip":"11211","type":"sidewalk","status":"Issued","licenseIssued":"2026-07-02","licenseExpires":"2030-07-02","nta":"BK0104","bbl":"3027720018","sid":["row-76vh~rv37-upvi"]}},{"type":"Feature","id":"eoy-67e10ca27bbd","geometry":{"type":"Point","coordinates":[-73.969339534706,40.797978833846]},"properties":{"id":"eoy-67e10ca27bbd","name":"BROADWAY DIVE","legalName":"THREE HOOPLES LTD","street":"2662 BROADWAY","neighborhood":"NEW YORK","borough":"Manhattan","zip":"10025","type":"sidewalk","status":"Issued","licenseIssued":"2026-08-07","licenseExpires":"2030-08-07","nta":"MN0703","bbl":"1018730020","sid":["row-7fru.e7i5~mx7g"]}},{"type":"Feature","id":"eoy-680a0f480641","geometry":{"type":"Point","coordinates":[-73.921903679961,40.845882324493]},"properties":{"id":"eoy-680a0f480641","name":"MG 54 BAR AND LOUNGE","legalName":"MG 54 BAR AND LOUNGE INC","street":"1546 UNIVERSITY AVENUE","neighborhood":"BRONX","borough":"Bronx","zip":"10452","type":"sidewalk","status":"Issued","licenseIssued":"2026-09-04","licenseExpires":"2030-09-04","nta":"BX0501","bbl":"2028750045","sid":["row-rqts.naaw.qbzz"]}},{"type":"Feature","id":"eoy-680fb4085e98","geometry":{"type":"Point","coordinates":[-73.955804297612,40.714072611579]},"properties":{"id":"eoy-680fb4085e98","name":"THE COMMODORE","legalName":"DOW YOUNG GROUP INC.","street":"366 METROPOLITAN AVENUE","neighborhood":"BROOKLYN","borough":"Brooklyn","zip":"11211","type":"sidewalk","status":"Issued","licenseIssued":"2026-08-07","licenseExpires":"2030-08-07","nta":"BK0102","bbl":"3023690010","sid":["row-aywx.j6yq-5b4s"]}},{"type":"Feature","id":"eoy-68272b41596d","geometry":{"type":"Point","coordinates":[-73.963155719043,40.766258649069]},"properties":{"id":"eoy-68272b41596d","name":"BONDI SUSHI","legalName":"BONDI 1140 3RD AVE LLC","street":"1140 3 AVENUE","neighborhood":"NEW YORK","borough":"Manhattan","zip":"10065","type":"sidewalk","status":"Issued","licenseIssued":"2026-05-08","licenseExpires":"2030-05-08","nta":"MN0802","bbl":"1014017501","sid":["row-h3sg~bpj5_ynrw"]}},{"type":"Feature","id":"eoy-6827d6dc8661","geometry":{"type":"Point","coordinates":[-73.977141003001,40.672226551831]},"properties":{"id":"eoy-6827d6dc8661","name":"HUNGRY GHOST / IMPASTO","legalName":"HUNGRY GHOST PARK SLOPE LLC","street":"156 7 AVENUE","neighborhood":"BROOKLYN","borough":"Brooklyn","zip":"11215","type":"both","status":"Issued","licenseIssued":"2026-07-21","licenseExpires":"2030-07-21","nta":"BK0602","bbl":"3009660039","sid":["row-bd3v-sqp4-qkcm","row-j5gd-w55q_i2z9"]}},{"type":"Feature","id":"eoy-683f57fcf40e","geometry":{"type":"Point","coordinates":[-73.968337869203,40.755105497114]},"properties":{"id":"eoy-683f57fcf40e","name":"LA PECORA BIANCA","legalName":"LPB2 LLC","street":"950 2 AVENUE","neighborhood":"NEW YORK","borough":"Manhattan","zip":"10022","type":"both","status":"Issued","licenseIssued":"2026-08-28","licenseExpires":"2030-08-28","nta":"MN0604","bbl":"1013437503","sid":["row-3ewv.dytp-2bk8","row-jmhp.k525.3va6"]}},{"type":"Feature","id":"eoy-686d27a4327b","geometry":{"type":"Point","coordinates":[-74.00105355146,40.729339283726]},"properties":{"id":"eoy-686d27a4327b","name":"DENINO'S","legalName":"NJJMJ INC","street":"93 MACDOUGAL STREET","neighborhood":"NEW YORK","borough":"Manhattan","zip":"10012","type":"both","status":"Issued","licenseIssued":"2026-05-22","licenseExpires":"2030-05-22","nta":"MN0202","bbl":"1005427502","sid":["row-55e2~fu3k.ktjp","row-kckp_sfk9.6gxy"]}},{"type":"Feature","id":"eoy-689393c310df","geometry":{"type":"Point","coordinates":[-73.982514042192,40.679610945173]},"properties":{"id":"eoy-689393c310df","name":"THREES BREWING / NINTH STREET ESPRESSO","legalName":"THREEFOLD HOLDINGS LLC","street":"333 DOUGLASS STREET","neighborhood":"BROOKLYN","borough":"Brooklyn","zip":"11217","type":"roadway","status":"Issued","licenseIssued":"2025-10-24","licenseExpires":"2029-10-24","nta":"BK0601","bbl":"3004130033","sid":["row-bxva~fizf.ygw2"]}},{"type":"Feature","id":"eoy-6936ac04eb7b","geometry":{"type":"Point","coordinates":[-73.963024442778,40.775093976721]},"properties":{"id":"eoy-6936ac04eb7b","name":"CAVIAR KASPIA AT THE MARK","legalName":"CKPNYC LLC","street":"992 MADISON AVENUE","neighborhood":"NEW YORK","borough":"Manhattan","zip":"10075","type":"both","status":"Issued","licenseIssued":"2026-05-08","licenseExpires":"2030-05-08","nta":"MN0802","bbl":"1013920017","sid":["row-eyip~c7u2-6n8e","row-rpxr_vewm_uvuk"]}},{"type":"Feature","id":"eoy-695f3b40d86f","geometry":{"type":"Point","coordinates":[-73.953495312122,40.771242364227]},"properties":{"id":"eoy-695f3b40d86f","name":"MARUZZELLA","legalName":"1483 FIRST AVENUE RESTAURANT INC","street":"1483 FIRST AVENUE","neighborhood":"NEW YORK","borough":"Manhattan","zip":"10075","type":"sidewalk","status":"Issued","licenseIssued":"2026-08-07","licenseExpires":"2030-08-07","nta":"MN0801","bbl":"1014520024","sid":["row-kdba.c37w.bmiw"]}},{"type":"Feature","id":"eoy-696d17eb8b85","geometry":{"type":"Point","coordinates":[-73.980772548624,40.729812521522]},"properties":{"id":"eoy-696d17eb8b85","name":"MOTEL NO TELL","legalName":"ALPHABET CITY GROUP LLC","street":"210 AVENUE A","neighborhood":"NEW YORK","borough":"Manhattan","zip":"10009","type":"both","status":"Issued","licenseIssued":"2025-07-18","licenseExpires":"2029-07-18","nta":"MN0303","bbl":"1004077502","sid":["row-qmq2.3bfz-6fte","row-z2vn.ye97_2ynd"]}},{"type":"Feature","id":"eoy-69a86aa0a275","geometry":{"type":"Point","coordinates":[-73.980334869341,40.660454792818]},"properties":{"id":"eoy-69a86aa0a275","name":"DOUBLE WINDSOR","legalName":"210 PPW RESTAURANT, LLC","street":"210 PROSPECT PARK WEST","neighborhood":"BROOKLYN","borough":"Brooklyn","zip":"11215","type":"sidewalk","status":"Issued","licenseIssued":"2026-03-13","licenseExpires":"2030-03-13","nta":"BK0701","bbl":"3011050041","sid":["row-iair_gkmx-r3nu"]}},{"type":"Feature","id":"eoy-69d5e085d489","geometry":{"type":"Point","coordinates":[-74.000317505784,40.728738184452]},"properties":{"id":"eoy-69d5e085d489","name":"SUPER BURRITO","legalName":"BLEECKER HOSPITALITY LLC","street":"169 BLEECKER STREET","neighborhood":"NEW YORK","borough":"Manhattan","zip":"10012","type":"roadway","status":"Issued","licenseIssued":"2026-05-15","licenseExpires":"2030-05-15","nta":"MN0202","bbl":"1005390042","sid":["row-4py3-nzdj~bga8"]}},{"type":"Feature","id":"eoy-69d840a0e73e","geometry":{"type":"Point","coordinates":[-74.003630206504,40.738578108589]},"properties":{"id":"eoy-69d840a0e73e","name":"ART BAR","legalName":"RABTRA, LLC","street":"52 8 AVENUE","neighborhood":"NEW YORK","borough":"Manhattan","zip":"10014","type":"both","status":"Issued","licenseIssued":"2026-03-20","licenseExpires":"2030-03-20","nta":"MN0203","bbl":"1006160107","sid":["row-dvxx.5c5x.6xxa","row-mpd9_ebei~njbz"]}},{"type":"Feature","id":"eoy-6a2a4936f2fd","geometry":{"type":"Point","coordinates":[-74.0006999667,40.729759235552]},"properties":{"id":"eoy-6a2a4936f2fd","name":"OFF THE WAGON","legalName":"MACDOUGAL REST. INC.","street":"109 MACDOUGAL STREET","neighborhood":"NEW YORK","borough":"Manhattan","zip":"10012","type":"roadway","status":"Issued","licenseIssued":"2025-10-24","licenseExpires":"2029-10-24","nta":"MN0202","bbl":"1005420046","sid":["row-3psw-nuw9-t8jt"]}},{"type":"Feature","id":"eoy-6a37f82b622c","geometry":{"type":"Point","coordinates":[-73.964774543987,40.71580492211]},"properties":{"id":"eoy-6a37f82b622c","name":"AURORA","legalName":"BROMACO INC","street":"70 GRAND STREET","neighborhood":"BROOKLYN","borough":"Brooklyn","zip":"11249","type":"both","status":"Issued","licenseIssued":"2025-04-04","licenseExpires":"2029-04-04","nta":"BK0102","bbl":"3023900024","sid":["row-8yyy-ttv3~khhr","row-97nt_bg3h-izxk"]}},{"type":"Feature","id":"eoy-6a4c42a73348","geometry":{"type":"Point","coordinates":[-74.003727323975,40.732995255206]},"properties":{"id":"eoy-6a4c42a73348","name":"VIA CAROTA","legalName":"FIFTYONE MERCHANTS LLC","street":"51 GROVE STREET","neighborhood":"NEW YORK","borough":"Manhattan","zip":"10014","type":"both","status":"Issued","licenseIssued":"2026-04-24","licenseExpires":"2030-04-24","nta":"MN0203","bbl":"1005910040","sid":["row-f4av~nynv~smk8","row-pm88_zxmn-6if8"]}},{"type":"Feature","id":"eoy-6a5df27fc4f1","geometry":{"type":"Point","coordinates":[-73.988191100588,40.727889444392]},"properties":{"id":"eoy-6a5df27fc4f1","name":"SAN MARZANO","legalName":"EVIR CORP","street":"117 2 AVENUE","neighborhood":"NEW YORK","borough":"Manhattan","zip":"10003","type":"both","status":"Issued","licenseIssued":"2026-08-07","licenseExpires":"2030-08-07","nta":"MN0303","bbl":"1004620023","sid":["row-bt3a~vvut.2grc","row-gwiy_2wff~93im"]}},{"type":"Feature","id":"eoy-6a712ce21bb6","geometry":{"type":"Point","coordinates":[-73.981650551837,40.764484493518]},"properties":{"id":"eoy-6a712ce21bb6","name":"SERAFINA BROADWAY","legalName":"SERAFINA BROADWAY, LTD.","street":"210 WEST 55 STREET","neighborhood":"NEW YORK","borough":"Manhattan","zip":"10019","type":"both","status":"Issued","licenseIssued":"2026-04-24","licenseExpires":"2030-04-24","nta":"MN0502","bbl":"1010260041","sid":["row-cck6.mm5s_9747","row-qpfj-spix-j7pt"]}},{"type":"Feature","id":"eoy-6a9d2237f6a8","geometry":{"type":"Point","coordinates":[-73.949605955656,40.715563209716]},"properties":{"id":"eoy-6a9d2237f6a8","name":"MO'S GENERAL","legalName":"620 LOR LLC","street":"620 LORIMER STREET","neighborhood":"BROOKLYN","borough":"Brooklyn","zip":"11211","type":"both","status":"Issued","licenseIssued":"2026-03-20","licenseExpires":"2030-03-20","nta":"BK0104","bbl":"3027470001","sid":["row-4pvx.tq97~e5y8","row-usfa.95mc.dkxf"]}},{"type":"Feature","id":"eoy-6aab14c93be4","geometry":{"type":"Point","coordinates":[-74.007360972495,40.734249437026]},"properties":{"id":"eoy-6aab14c93be4","name":"THE ELK","legalName":"the elk nyc llc","street":"128 CHARLES STREET","neighborhood":"NEW YORK","borough":"Manhattan","zip":"10014","type":"roadway","status":"Issued","licenseIssued":"2026-07-24","licenseExpires":"2030-07-24","nta":"MN0203","bbl":"1006310017","sid":["row-jdkz_ic34.57a3"]}},{"type":"Feature","id":"eoy-6afd7bf6e046","geometry":{"type":"Point","coordinates":[-73.983040726465,40.73491539734]},"properties":{"id":"eoy-6afd7bf6e046","name":"POSTO THIN CRUST PIZZA","legalName":"POSTO INC.","street":"310 2 AVENUE","neighborhood":"NEW YORK","borough":"Manhattan","zip":"10003","type":"sidewalk","status":"Issued","licenseIssued":"2026-09-11","licenseExpires":"2030-09-11","nta":"MN0602","bbl":"1009240001","sid":["row-9x2x~x68p~qxbp"]}},{"type":"Feature","id":"eoy-6b14e18494d1","geometry":{"type":"Point","coordinates":[-73.992224578524,40.69911088691]},"properties":{"id":"eoy-6b14e18494d1","name":"HENRY STREET ALE HOUSE","legalName":"P.S.B. SATELLITES LTD","street":"62 HENRY STREET","neighborhood":"BROOKLYN","borough":"Brooklyn","zip":"11201","type":"both","status":"Issued","licenseIssued":"2026-07-21","licenseExpires":"2030-07-21","nta":"BK0201","bbl":"3002210027","sid":["row-6dfc.3d6y~vhnv","row-8niw~3cei_suhs"]}},{"type":"Feature","id":"eoy-6b7eb58edb35","geometry":{"type":"Point","coordinates":[-74.001742599867,40.725922041739]},"properties":{"id":"eoy-6b7eb58edb35","name":"FELLINI","legalName":"FELLINI SOHO CORP","street":"120 THOMPSON STREET","neighborhood":"NEW YORK","borough":"Manhattan","zip":"10012","type":"roadway","status":"Issued","licenseIssued":"2026-03-27","licenseExpires":"2030-03-27","nta":"MN0201","bbl":"1005020016","sid":["row-cvq5_hecm.i6kh"]}},{"type":"Feature","id":"eoy-6bda186545a0","geometry":{"type":"Point","coordinates":[-73.977055226234,40.784901898592]},"properties":{"id":"eoy-6bda186545a0","name":"VANESSA'S DUMPLING HOUSE","legalName":"PINE FOODS INC","street":"452 AMSTERDAM AVENUE","neighborhood":"NEW YORK","borough":"Manhattan","zip":"10024","type":"sidewalk","status":"Issued","licenseIssued":"2026-07-31","licenseExpires":"2030-07-31","nta":"MN0702","bbl":"1012290035","sid":["row-wtqr.pgjm.jic7"]}},{"type":"Feature","id":"eoy-6be328a381cd","geometry":{"type":"Point","coordinates":[-73.982138412314,40.775979608678]},"properties":{"id":"eoy-6be328a381cd","name":"ZIZI WINE BAR","legalName":"HDMS FOOD LLC","street":"2012 BROADWAY","neighborhood":"NEW YORK","borough":"Manhattan","zip":"10023","type":"sidewalk","status":"Issued","licenseIssued":"2026-08-07","licenseExpires":"2030-08-07","nta":"MN0701","bbl":"1011400046","sid":["row-gugn.fi54.tvi4"]}},{"type":"Feature","id":"eoy-6c16368f8d59","geometry":{"type":"Point","coordinates":[-73.932533282502,40.856873481005]},"properties":{"id":"eoy-6c16368f8d59","name":"LA CANTINA HEIGHTS","legalName":"ANGRY BURGER CORP","street":"4460 BROADWAY","neighborhood":"NEW YORK","borough":"Manhattan","zip":"10040","type":"sidewalk","status":"Issued","licenseIssued":"2026-08-21","licenseExpires":"2030-08-21","nta":"MN1202","bbl":"1021700066","sid":["row-xp3a_u9ga-egte"]}},{"type":"Feature","id":"eoy-6c2912a8da04","geometry":{"type":"Point","coordinates":[-74.010032397316,40.718766008443]},"properties":{"id":"eoy-6c2912a8da04","name":"TERROIR TRIBECA","legalName":"TERROIR TRIBECA, LLC","street":"24 HARRISON STREET","neighborhood":"NEW YORK","borough":"Manhattan","zip":"10013","type":"both","status":"Issued","licenseIssued":"2026-02-13","licenseExpires":"2030-02-13","nta":"MN0102","bbl":"1001810041","sid":["row-apt3.ge5x.xifa","row-iqkh_wtuw_d7x8"]}},{"type":"Feature","id":"eoy-6c30904d0325","geometry":{"type":"Point","coordinates":[-73.786412013969,40.757952289569]},"properties":{"id":"eoy-6c30904d0325","name":"GREY CAFE","legalName":"SUNSHINE JAVA INC","street":"195-19 NORTHERN BOULEVARD","neighborhood":"FLUSHING","borough":"Queens","zip":"11358","type":"sidewalk","status":"Issued","licenseIssued":"2026-08-14","licenseExpires":"2030-08-14","nta":"QN1101","bbl":"4053710005","sid":["row-x96f-u2d3_pkdh"]}},{"type":"Feature","id":"eoy-6c3398c1550f","geometry":{"type":"Point","coordinates":[-73.958245288492,40.669932081125]},"properties":{"id":"eoy-6c3398c1550f","name":"AGI’S COUNTER","legalName":"AGI’S CAFE, LLC","street":"818 FRANKLIN AVENUE","neighborhood":"BROOKLYN","borough":"Brooklyn","zip":"11225","type":"sidewalk","status":"Issued","licenseIssued":"2026-05-22","licenseExpires":"2030-05-22","nta":"BK0901","bbl":"3011850046","sid":["row-2ujj.bn55_4f64"]}},{"type":"Feature","id":"eoy-6c53adb400db","geometry":{"type":"Point","coordinates":[-73.946215412621,40.7151636782]},"properties":{"id":"eoy-6c53adb400db","name":"LELLA ALIMENTARI","legalName":"VIA DELLA FIERA 105 CORP","street":"325 MANHATTAN AVENUE","neighborhood":"BROOKLYN","borough":"Brooklyn","zip":"11211","type":"roadway","status":"Issued","licenseIssued":"2026-03-27","licenseExpires":"2030-03-27","nta":"BK0104","bbl":"3027530029","sid":["row-rjsc.ry8s-gis7"]}},{"type":"Feature","id":"eoy-6c5b38fc4700","geometry":{"type":"Point","coordinates":[-74.008612864661,40.732747963593]},"properties":{"id":"eoy-6c5b38fc4700","name":"MALATESTA TRATTORIA","legalName":"I MALATESTA TRATTORIA, INC","street":"649 WASHINGTON STREET","neighborhood":"NEW YORK","borough":"Manhattan","zip":"10014","type":"both","status":"Issued","licenseIssued":"2025-08-22","licenseExpires":"2029-08-22","nta":"MN0203","bbl":"1006300001","sid":["row-ddw7-ixrf-6pfp","row-hgti_qaab.5867"]}},{"type":"Feature","id":"eoy-6ce1a4850f26","geometry":{"type":"Point","coordinates":[-73.950530272033,40.77736741858]},"properties":{"id":"eoy-6ce1a4850f26","name":"TAL BAGEL","legalName":"AMIR RAM BAGELS INC.","street":"333 EAST 86 STREET","neighborhood":"NEW YORK","borough":"Manhattan","zip":"10028","type":"sidewalk","status":"Issued","licenseIssued":"2026-08-14","licenseExpires":"2030-08-14","nta":"MN0803","bbl":"1015490015","sid":["row-9jhr_wjd2~bawy"]}},{"type":"Feature","id":"eoy-6cecebcc0efd","geometry":{"type":"Point","coordinates":[-73.917278337563,40.758148691304]},"properties":{"id":"eoy-6cecebcc0efd","name":"DOYLE'S CORNER","legalName":"WILD ATLANTIC WAY LLC","street":"42-02 BROADWAY","neighborhood":"ASTORIA","borough":"Queens","zip":"11103","type":"sidewalk","status":"Issued","licenseIssued":"2026-08-14","licenseExpires":"2030-08-14","nta":"QN0104","bbl":"4006900035","sid":["row-fsgp~eyve_zmys"]}},{"type":"Feature","id":"eoy-6cee2840a556","geometry":{"type":"Point","coordinates":[-73.983527511041,40.605438873083]},"properties":{"id":"eoy-6cee2840a556","name":"CAFE LOUNGE","legalName":"CAFE LOUNGE CORPORATION","street":"210 KINGS HIGHWAY","neighborhood":"BROOKLYN","borough":"Brooklyn","zip":"11223","type":"both","status":"Issued","licenseIssued":"2026-03-27","licenseExpires":"2030-03-27","nta":"BK1103","bbl":"3066460010","sid":["row-umtu.m4d6-27e3","row-w9tt.vz23.bjzc"]}},{"type":"Feature","id":"eoy-6cf32db92f3d","geometry":{"type":"Point","coordinates":[-73.99810609883,40.717890850638]},"properties":{"id":"eoy-6cf32db92f3d","name":"IL CORTILE","legalName":"CARMINE RESTAURANT,CORP.","street":"123 MULBERRY STREET","neighborhood":"NEW YORK","borough":"Manhattan","zip":"10013","type":"sidewalk","status":"Issued","licenseIssued":"2026-03-27","licenseExpires":"2030-03-27","nta":"MN0201","bbl":"1002060017","sid":["row-79j2~uhvc.jp2f"]}},{"type":"Feature","id":"eoy-6cf523ca6d75","geometry":{"type":"Point","coordinates":[-73.972360830029,40.689575223151]},"properties":{"id":"eoy-6cf523ca6d75","name":"MISS ADA","legalName":"153 NIGEL LLC","street":"184 DEKALB AVENUE","neighborhood":"BROOKLYN","borough":"Brooklyn","zip":"11205","type":"roadway","status":"Issued","licenseIssued":"2025-06-18","licenseExpires":"2029-06-18","nta":"BK0203","bbl":"3021020033","sid":["row-sywz_kam8~daqe"]}},{"type":"Feature","id":"eoy-6d05af5dabba","geometry":{"type":"Point","coordinates":[-74.003492581242,40.72907299313]},"properties":{"id":"eoy-6d05af5dabba","name":"ARIA WEST VILLAGE","legalName":"16 BEDFORD CORP.","street":"14 BEDFORD STREET","neighborhood":"NEW YORK","borough":"Manhattan","zip":"10014","type":"roadway","status":"Issued","licenseIssued":"2026-06-12","licenseExpires":"2030-06-12","nta":"MN0203","bbl":"1005270007","sid":["row-3w7x.w8k9_ec7m"]}},{"type":"Feature","id":"eoy-6d06552f43b1","geometry":{"type":"Point","coordinates":[-74.032678195577,40.619518889081]},"properties":{"id":"eoy-6d06552f43b1","name":"PANEANTICO BAKERY","legalName":"PANEANTICO BAKERY CAFE, INC","street":"9124 3 AVENUE","neighborhood":"BROOKLYN","borough":"Brooklyn","zip":"11209","type":"both","status":"Issued","licenseIssued":"2026-08-21","licenseExpires":"2030-08-21","nta":"BK1001","bbl":"3060850047","sid":["row-vdqc-xmjc-ppb4","row-wfyr_6xn3.ywsq"]}},{"type":"Feature","id":"eoy-6d093aff4b5c","geometry":{"type":"Point","coordinates":[-73.981310731227,40.779017919773]},"properties":{"id":"eoy-6d093aff4b5c","name":"MADE IN NEW YORK PIZZA","legalName":"NYC PIZZA GROUP CORP","street":"271 1/2 AMSTERDAM AVENUE","neighborhood":"NEW YORK","borough":"Manhattan","zip":"10023","type":"roadway","status":"Issued","licenseIssued":"2025-10-03","licenseExpires":"2029-10-03","nta":"MN0701","bbl":"1011440061","sid":["row-hjia-wimf_3sbe"]}},{"type":"Feature","id":"eoy-6d1f86df477c","geometry":{"type":"Point","coordinates":[-73.957143252533,40.774501809212]},"properties":{"id":"eoy-6d1f86df477c","name":"LUKE'S BAR & GRILL","legalName":"LIRA OF NEW YORK INC","street":"1394 THIRD AVENUE","neighborhood":"NEW YORK","borough":"Manhattan","zip":"10075","type":"sidewalk","status":"Issued","licenseIssued":"2026-07-21","licenseExpires":"2030-07-21","nta":"MN0802","bbl":"1015080035","sid":["row-wa2e_7pte-f6ts"]}},{"type":"Feature","id":"eoy-6d23cea7d612","geometry":{"type":"Point","coordinates":[-73.920357783098,40.766805095021]},"properties":{"id":"eoy-6d23cea7d612","name":"CAFE TO GO","legalName":"WIN WIN DISTRIBUTION INC.","street":"28-58 32 STREET","neighborhood":"ASTORIA","borough":"Queens","zip":"11102","type":"sidewalk","status":"Issued","licenseIssued":"2026-08-14","licenseExpires":"2030-08-14","nta":"QN0103","bbl":"4006170001","sid":["row-y7ur-vvah~urbt"]}},{"type":"Feature","id":"eoy-6d3aed5b4456","geometry":{"type":"Point","coordinates":[-73.943984734776,40.823690275352]},"properties":{"id":"eoy-6d3aed5b4456","name":"Charles Pan-Fried Chicken","legalName":"CHARLESNUMBERTWO LLC","street":"340 WEST 145 STREET","neighborhood":"NEW YORK","borough":"Manhattan","zip":"10039","type":"sidewalk","status":"Issued","licenseIssued":"2026-07-24","licenseExpires":"2030-07-24","nta":"MN0903","bbl":"1020510060","sid":["row-kt8c.89ak~2wkf"]}},{"type":"Feature","id":"eoy-6d4dcc81daab","geometry":{"type":"Point","coordinates":[-73.968450627873,40.63941065045]},"properties":{"id":"eoy-6d4dcc81daab","name":"MIMI'S","legalName":"MIMI'S BROOKLYN LLC","street":"1035 CORTELYOU ROAD","neighborhood":"BROOKLYN","borough":"Brooklyn","zip":"11218","type":"sidewalk","status":"Issued","licenseIssued":"2026-08-07","licenseExpires":"2030-08-07","nta":"BK1402","bbl":"3051417502","sid":["row-fv6u-avm2.txjv"]}},{"type":"Feature","id":"eoy-6d79d7986453","geometry":{"type":"Point","coordinates":[-73.958534573032,40.743582610058]},"properties":{"id":"eoy-6d79d7986453","name":"AMERICAN BRASS","legalName":"CENTER BLVD RESTAURANT LLC","street":"2-01 50 AVENUE","neighborhood":"LONG ISLAND CITY","borough":"Queens","zip":"11101","type":"sidewalk","status":"Issued","licenseIssued":"2026-02-20","licenseExpires":"2030-02-20","nta":"QN0201","bbl":"4000170028","sid":["row-wxtq~rg7i_hwwn"]}},{"type":"Feature","id":"eoy-6dad1bb584c1","geometry":{"type":"Point","coordinates":[-73.989563839677,40.739969286374]},"properties":{"id":"eoy-6dad1bb584c1","name":"LE PAIN QUOTIDIEN","legalName":"MPQ 921 BROADWAY, LLC","street":"921 BROADWAY","neighborhood":"NEW YORK","borough":"Manhattan","zip":"10010","type":"sidewalk","status":"Issued","licenseIssued":"2026-08-14","licenseExpires":"2030-08-14","nta":"MN0501","bbl":"1008500001","sid":["row-5qjg-nexx.rvmt"]}},{"type":"Feature","id":"eoy-6e1d992c3107","geometry":{"type":"Point","coordinates":[-73.898576665288,40.70161892992]},"properties":{"id":"eoy-6e1d992c3107","name":"COZY CORNER","legalName":"COZY CORNER CORP","street":"60-01 70 AVENUE","neighborhood":"RIDGEWOOD","borough":"Queens","zip":"11385","type":"roadway","status":"Issued","licenseIssued":"2025-05-16","licenseExpires":"2029-05-16","nta":"QN0502","bbl":"4035160052","sid":["row-9x3a~fqje.fp98"]}},{"type":"Feature","id":"eoy-6e376ccc5ecc","geometry":{"type":"Point","coordinates":[-73.990321823748,40.71404503736]},"properties":{"id":"eoy-6e376ccc5ecc","name":"JAJAJA MEXICANA","legalName":"RAISE HOSPITALITY LLC","street":"162 EAST BROADWAY","neighborhood":"NEW YORK","borough":"Manhattan","zip":"10002","type":"sidewalk","status":"Issued","licenseIssued":"2026-08-28","licenseExpires":"2030-08-28","nta":"MN0301","bbl":"1002830072","sid":["row-27kz.gh3x~3wa8"]}},{"type":"Feature","id":"eoy-6e3816a8ff21","geometry":{"type":"Point","coordinates":[-73.999769130747,40.716073829501]},"properties":{"id":"eoy-6e3816a8ff21","name":"THE RIVER","legalName":"BAR CLARK LLC","street":"102 BAYARD STREET","neighborhood":"NEW YORK","borough":"Manhattan","zip":"10013","type":"sidewalk","status":"Issued","licenseIssued":"2026-09-25","licenseExpires":"2030-09-25","nta":"MN0301","bbl":"1001990031","sid":["row-siys~wta2.ufpb"]}},{"type":"Feature","id":"eoy-6e81055ec23c","geometry":{"type":"Point","coordinates":[-73.944731365955,40.725576622499]},"properties":{"id":"eoy-6e81055ec23c","name":"GRETA","legalName":"OAK CAFE LLC","street":"204 NASSAU AVENUE","neighborhood":"BROOKLYN","borough":"Brooklyn","zip":"11222","type":"roadway","status":"Issued","licenseIssued":"2025-10-24","licenseExpires":"2029-10-24","nta":"BK0101","bbl":"3026860007","sid":["row-avmi~njvq~v5x3"]}},{"type":"Feature","id":"eoy-6e86405a73d2","geometry":{"type":"Point","coordinates":[-73.976017292561,40.689334506332]},"properties":{"id":"eoy-6e86405a73d2","name":"CAFE PAULETTE","legalName":"bande a part llc","street":"1 SOUTH ELLIOTT PLACE","neighborhood":"BROOKLYN","borough":"Brooklyn","zip":"11217","type":"both","status":"Issued","licenseIssued":"2026-03-06","licenseExpires":"2030-03-06","nta":"BK0203","bbl":"3020990041","sid":["row-i9ki.gwjk.4wrf","row-v2j4_9dx9~cdji"]}},{"type":"Feature","id":"eoy-6e94d234e679","geometry":{"type":"Point","coordinates":[-73.997734514258,40.718453521328]},"properties":{"id":"eoy-6e94d234e679","name":"LA NONNA","legalName":"ASC, INC.","street":"134 MULBERRY STREET","neighborhood":"NEW YORK","borough":"Manhattan","zip":"10013","type":"both","status":"Issued","licenseIssued":"2026-04-03","licenseExpires":"2030-04-03","nta":"MN0201","bbl":"1002377501","sid":["row-8ghn~5jgt-k3fn","row-zfa5-bekq-3888"]}},{"type":"Feature","id":"eoy-6ea26de96992","geometry":{"type":"Point","coordinates":[-73.981873589705,40.727699231169]},"properties":{"id":"eoy-6ea26de96992","name":"HORUS CAFE","legalName":"ELSAYED III CORP","street":"293 EAST 10 STREET","neighborhood":"NEW YORK","borough":"Manhattan","zip":"10009","type":"both","status":"Issued","licenseIssued":"2026-07-03","licenseExpires":"2030-07-03","nta":"MN0303","bbl":"1004040059","sid":["row-9jjh-qnsb~9u56","row-e5av_qzbg.rbpx"]}},{"type":"Feature","id":"eoy-6f2e6ac31649","geometry":{"type":"Point","coordinates":[-73.990855985505,40.7381111918]},"properties":{"id":"eoy-6f2e6ac31649","name":"TARALLUCCI E VINO","legalName":"ABRUZZO DOCG, INC.","street":"15 EAST 18 STREET","neighborhood":"NEW YORK","borough":"Manhattan","zip":"10003","type":"sidewalk","status":"Issued","licenseIssued":"2026-07-20","licenseExpires":"2030-07-20","nta":"MN0501","bbl":"1008470016","sid":["row-6qcd_fu7j_mnvi"]}},{"type":"Feature","id":"eoy-6f8569bdedef","geometry":{"type":"Point","coordinates":[-73.997774198634,40.718384902908]},"properties":{"id":"eoy-6f8569bdedef","name":"UMBERTO'S CLAM HOUSE","legalName":"132 MULBERRY INC","street":"132 MULBERRY STREET","neighborhood":"NEW YORK","borough":"Manhattan","zip":"10013","type":"both","status":"Issued","licenseIssued":"2026-07-31","licenseExpires":"2030-07-31","nta":"MN0201","bbl":"1002377501","sid":["row-hwnn-pqhp~ngxu","row-q3mp.8ms4~82za"]}},{"type":"Feature","id":"eoy-6f8d128cdd02","geometry":{"type":"Point","coordinates":[-73.957229980841,40.774383817086]},"properties":{"id":"eoy-6f8d128cdd02","name":"ELI'S NIGHT SHIFT","legalName":"EAT THIRD 79 LLC","street":"1390 3 AVENUE","neighborhood":"NEW YORK","borough":"Manhattan","zip":"10075","type":"sidewalk","status":"Issued","licenseIssued":"2026-07-31","licenseExpires":"2030-07-31","nta":"MN0802","bbl":"1015080033","sid":["row-6mu5~bpta~rar2"]}},{"type":"Feature","id":"eoy-6fa6c5aff7ca","geometry":{"type":"Point","coordinates":[-74.002186547711,40.731392352198]},"properties":{"id":"eoy-6fa6c5aff7ca","name":"APERITIVO DI PALMA","legalName":"APERITIVO DI PALMA","street":"30 CORNELIA STREET","neighborhood":"NEW YORK","borough":"Manhattan","zip":"10014","type":"both","status":"Issued","licenseIssued":"2026-04-17","licenseExpires":"2030-04-17","nta":"MN0203","bbl":"1005890012","sid":["row-njif.u3rw~7rdh","row-rdxc_xy4m~rxeu"]}},{"type":"Feature","id":"eoy-6fc1460edd25","geometry":{"type":"Point","coordinates":[-73.990779929652,40.766080293994]},"properties":{"id":"eoy-6fc1460edd25","name":"FRENA","legalName":"FRENA MEDITERRANEAN LLC","street":"773 10 AVENUE","neighborhood":"NEW YORK","borough":"Manhattan","zip":"10019","type":"both","status":"Issued","licenseIssued":"2025-04-04","licenseExpires":"2029-04-04","nta":"MN0402","bbl":"1010810029","sid":["row-zar3_98bt.5hys","row-zhfy.vx7c_pqtt"]}},{"type":"Feature","id":"eoy-6fe27c1a2824","geometry":{"type":"Point","coordinates":[-73.977680244302,40.784004487778]},"properties":{"id":"eoy-6fe27c1a2824","name":"SARABETH'S","legalName":"BSWR CORP.","street":"423 AMSTERDAM AVENUE","neighborhood":"NEW YORK","borough":"Manhattan","zip":"10024","type":"both","status":"Issued","licenseIssued":"2026-03-27","licenseExpires":"2030-03-27","nta":"MN0702","bbl":"1012110002","sid":["row-gtzp_xz9x-5x7f","row-kv84~tswf_7n4h"]}},{"type":"Feature","id":"eoy-6ffefe46d901","geometry":{"type":"Point","coordinates":[-74.003543141686,40.729970529906]},"properties":{"id":"eoy-6ffefe46d901","name":"JACK'S WIFE FREDA","legalName":"JANKMAN LLC","street":"50 CARMINE STREET","neighborhood":"NEW YORK","borough":"Manhattan","zip":"10014","type":"sidewalk","status":"Issued","licenseIssued":"2026-06-19","licenseExpires":"2030-06-19","nta":"MN0203","bbl":"1005270057","sid":["row-5ek2~hs2s-8247"]}},{"type":"Feature","id":"eoy-7015ad45c45b","geometry":{"type":"Point","coordinates":[-74.007995027125,40.725866881008]},"properties":{"id":"eoy-7015ad45c45b","name":"KABIN","legalName":"XANDRA HOSPITALITY LLC","street":"300 SPRING STREET","neighborhood":"NEW YORK","borough":"Manhattan","zip":"10013","type":"sidewalk","status":"Issued","licenseIssued":"2026-09-02","licenseExpires":"2030-09-02","nta":"MN0201","bbl":"1005947507","sid":["row-b4zz~ie8f-ur8w"]}},{"type":"Feature","id":"eoy-7043bdf487bf","geometry":{"type":"Point","coordinates":[-73.994018412871,40.723072831261]},"properties":{"id":"eoy-7043bdf487bf","name":"GELATERIA GENTILE","legalName":"LATTE 229 LLC","street":"229 ELIZABETH STREET","neighborhood":"NEW YORK","borough":"Manhattan","zip":"10012","type":"roadway","status":"Issued","licenseIssued":"2026-03-20","licenseExpires":"2030-03-20","nta":"MN0201","bbl":"1005080046","sid":["row-sgb6~sjuq.dcsr"]}},{"type":"Feature","id":"eoy-70b0131ba77f","geometry":{"type":"Point","coordinates":[-73.928202681178,40.763313448731]},"properties":{"id":"eoy-70b0131ba77f","name":"BOTTE BAR","legalName":"SCATTO BAR LLC","street":"25-07 BROADWAY","neighborhood":"ASTORIA","borough":"Queens","zip":"11106","type":"both","status":"Issued","licenseIssued":"2026-07-24","licenseExpires":"2030-07-24","nta":"QN0103","bbl":"4005790016","sid":["row-4jr4-fuyu-jhbj","row-cnue.7hjr_9ub8"]}},{"type":"Feature","id":"eoy-70c4cd895546","geometry":{"type":"Point","coordinates":[-73.789543982816,40.726459088308]},"properties":{"id":"eoy-70c4cd895546","name":"SUP THAI KITCHEN","legalName":"JAOSUB INC","street":"178-19 UNION TURNPIKE","neighborhood":"FRESH MEADOWS","borough":"Queens","zip":"11366","type":"sidewalk","status":"Issued","licenseIssued":"2026-08-21","licenseExpires":"2030-08-21","nta":"QN0803","bbl":"4071910042","sid":["row-dzar~v23i.2uz3"]}},{"type":"Feature","id":"eoy-70e08ab164ba","geometry":{"type":"Point","coordinates":[-73.990379293118,40.715744053983]},"properties":{"id":"eoy-70e08ab164ba","name":"CASETTA","legalName":"61 HESTER LLC","street":"61 HESTER STREET","neighborhood":"NEW YORK","borough":"Manhattan","zip":"10002","type":"both","status":"Issued","licenseIssued":"2026-04-10","licenseExpires":"2030-04-10","nta":"MN0301","bbl":"1003100040","sid":["row-jc9f.nvwd~28qz","row-szg9-rmn5-2iat"]}},{"type":"Feature","id":"eoy-70eab261ab7e","geometry":{"type":"Point","coordinates":[-74.004713006739,40.741869040229]},"properties":{"id":"eoy-70eab261ab7e","name":"MUJI CAFE","legalName":"MUJI U.S.A. LIMITED","street":"75 9 AVENUE","neighborhood":"NEW YORK","borough":"Manhattan","zip":"10011","type":"sidewalk","status":"Issued","licenseIssued":"2026-08-07","licenseExpires":"2030-08-07","nta":"MN0401","bbl":"1007130001","sid":["row-ei39_7abe.fnrw"]}},{"type":"Feature","id":"eoy-711ec989c43f","geometry":{"type":"Point","coordinates":[-74.001826152527,40.746705393524]},"properties":{"id":"eoy-711ec989c43f","name":"HENRY & THE LIONS","legalName":"CHELSEA PANTRY CORP","street":"405 WEST 23 STREET","neighborhood":"NEW YORK","borough":"Manhattan","zip":"10011","type":"sidewalk","status":"Issued","licenseIssued":"2026-08-14","licenseExpires":"2030-08-14","nta":"MN0401","bbl":"1007217501","sid":["row-dygn_e8rz~5w7j"]}},{"type":"Feature","id":"eoy-713562646852","geometry":{"type":"Point","coordinates":[-73.961492816654,40.714198177366]},"properties":{"id":"eoy-713562646852","name":"MAISON PREMIERE","legalName":"MP SYNDICATE 1 LLC","street":"298 BEDFORD AVENUE","neighborhood":"BROOKLYN","borough":"Brooklyn","zip":"11249","type":"roadway","status":"Issued","licenseIssued":"2025-07-18","licenseExpires":"2029-07-18","nta":"BK0102","bbl":"3023920029","sid":["row-dih4.727m-xf7t"]}},{"type":"Feature","id":"eoy-713e1c2d2d4c","geometry":{"type":"Point","coordinates":[-73.993028788601,40.733653847465]},"properties":{"id":"eoy-713e1c2d2d4c","name":"THE GREY DOG","legalName":"THE GREY DOG, INC","street":"90 UNIVERSITY PLACE","neighborhood":"NEW YORK","borough":"Manhattan","zip":"10003","type":"both","status":"Issued","licenseIssued":"2026-08-07","licenseExpires":"2030-08-07","nta":"MN0202","bbl":"1005690022","sid":["row-4qh5_vjzq_dimb","row-psu4~2qqn-4kxd"]}},{"type":"Feature","id":"eoy-717879ebdcdd","geometry":{"type":"Point","coordinates":[-73.915831098788,40.868952999725]},"properties":{"id":"eoy-717879ebdcdd","name":"TINY TAPAS & BITES","legalName":"DOSCCA TORCE BAR & GRILL INC","street":"501 WEST 214 STREET","neighborhood":"NEW YORK","borough":"Manhattan","zip":"10034","type":"sidewalk","status":"Issued","licenseIssued":"2026-08-28","licenseExpires":"2030-08-28","nta":"MN1203","bbl":"1022320016","sid":["row-444r.r9x2.rbph"]}},{"type":"Feature","id":"eoy-719f22a89317","geometry":{"type":"Point","coordinates":[-73.987886168023,40.738097192829]},"properties":{"id":"eoy-719f22a89317","name":"ISABELLE'S OSTERIA","legalName":"GRAMERCY FARMER &THE FISH, LLC","street":"245 PARK AVENUE SOUTH","neighborhood":"NEW YORK","borough":"Manhattan","zip":"10003","type":"both","status":"Issued","licenseIssued":"2026-05-08","licenseExpires":"2030-05-08","nta":"MN0602","bbl":"1008750079","sid":["row-3537_tefz-i5j8","row-3ubk~2jtv_9ud8"]}},{"type":"Feature","id":"eoy-71c0bab9ea81","geometry":{"type":"Point","coordinates":[-73.981448682224,40.724721091797]},"properties":{"id":"eoy-71c0bab9ea81","name":"THAYER","legalName":"MOONLESS NIGHT LLC","street":"99 AVENUE B","neighborhood":"NEW YORK","borough":"Manhattan","zip":"10009","type":"roadway","status":"Issued","licenseIssued":"2026-08-07","licenseExpires":"2030-08-07","nta":"MN0303","bbl":"1003897501","sid":["row-du7n_eytg.7iwy"]}},{"type":"Feature","id":"eoy-71cc1ae6eb2a","geometry":{"type":"Point","coordinates":[-73.890332955158,40.746960410682]},"properties":{"id":"eoy-71cc1ae6eb2a","name":"HOMEMADE TAQUERIA","legalName":"HOMEMADE TAQUERIA VIII LLC","street":"75-05 ROOSEVELT AVENUE","neighborhood":"JACKSON HEIGHTS","borough":"Queens","zip":"11372","type":"sidewalk","status":"Issued","licenseIssued":"2026-08-21","licenseExpires":"2030-08-21","nta":"QN0301","bbl":"4012860001","sid":["row-uzc5.xdyp~gzf5"]}},{"type":"Feature","id":"eoy-723830e35237","geometry":{"type":"Point","coordinates":[-73.980985632664,40.779473495502]},"properties":{"id":"eoy-723830e35237","name":"SALUMERIA ROSI","legalName":"D & S DINING GROUP, LLC","street":"283 AMSTERDAM AVENUE","neighborhood":"NEW YORK","borough":"Manhattan","zip":"10023","type":"both","status":"Issued","licenseIssued":"2026-07-31","licenseExpires":"2030-07-31","nta":"MN0701","bbl":"1011450001","sid":["row-hift-nvru.txcj","row-r94u-rcac-ztny"]}},{"type":"Feature","id":"eoy-7256563ab015","geometry":{"type":"Point","coordinates":[-73.994980533703,40.690412856324]},"properties":{"id":"eoy-7256563ab015","name":"BRADO THIN CRUST PIZZA","legalName":"BROOKLYN THIN CRUST INC","street":"155 ATLANTIC AVENUE","neighborhood":"BROOKLYN","borough":"Brooklyn","zip":"11201","type":"sidewalk","status":"Issued","licenseIssued":"2026-08-14","licenseExpires":"2030-08-14","nta":"BK0201","bbl":"3002757502","sid":["row-p3ct-8g9d-wbev"]}},{"type":"Feature","id":"eoy-725ca8041f08","geometry":{"type":"Point","coordinates":[-73.887855685806,40.74356823227]},"properties":{"id":"eoy-725ca8041f08","name":"SPICY SHALLOT","legalName":"BANYAN TREE GROUP LLC","street":"7701 WOODSIDE AVE","neighborhood":"ELMHURST","borough":"Queens","zip":"11373","type":"sidewalk","status":"Issued","licenseIssued":"2026-08-21","licenseExpires":"2030-08-21","nta":"QN0401","bbl":"4014970048","sid":["row-52km~4rt4.659g"]}},{"type":"Feature","id":"eoy-725dae5291e1","geometry":{"type":"Point","coordinates":[-73.92636672729,40.827028918055]},"properties":{"id":"eoy-725dae5291e1","name":"YANKEE TWIN EATERY","legalName":"CBHTW CORP","street":"844 RIVER AVENUE","neighborhood":"BRONX","borough":"Bronx","zip":"10451","type":"both","status":"Issued","licenseIssued":"2026-04-10","licenseExpires":"2030-04-10","nta":"BX0401","bbl":"2024830034","sid":["row-qbq4~h3st_s3hq","row-yszx~r9rn~zznj"]}},{"type":"Feature","id":"eoy-7265d9045840","geometry":{"type":"Point","coordinates":[-73.993429357959,40.733154323937]},"properties":{"id":"eoy-7265d9045840","name":"GELATERIA GENTILE","legalName":"LATTE75 LLC","street":"75 UNIVERSITY PLACE","neighborhood":"NEW YORK","borough":"Manhattan","zip":"10003","type":"roadway","status":"Issued","licenseIssued":"2026-05-22","licenseExpires":"2030-05-22","nta":"MN0202","bbl":"1005620001","sid":["row-34px-mi4i_c8ra"]}},{"type":"Feature","id":"eoy-726a99ded98b","geometry":{"type":"Point","coordinates":[-73.992622392352,40.689130919576]},"properties":{"id":"eoy-726a99ded98b","name":"DAILY PROVISIONS","legalName":"DAILY PROVISIONS OPERATIONS LLC","street":"151 COURT STREET","neighborhood":"BROOKLYN","borough":"Brooklyn","zip":"11201","type":"sidewalk","status":"Issued","licenseIssued":"2026-05-29","licenseExpires":"2030-05-29","nta":"BK0202","bbl":"3002790022","sid":["row-beam-89kz_ysja"]}},{"type":"Feature","id":"eoy-72aecc972575","geometry":{"type":"Point","coordinates":[-73.9804004487,40.780277609875]},"properties":{"id":"eoy-72aecc972575","name":"SWEETGREEN","legalName":"SWEETGREEN NEW YORK, LLC","street":"311 AMSTERDAM AVENUE","neighborhood":"NEW YORK","borough":"Manhattan","zip":"10023","type":"sidewalk","status":"Issued","licenseIssued":"2026-07-31","licenseExpires":"2030-07-31","nta":"MN0702","bbl":"1011467504","sid":["row-h3ey~859a-5d6h"]}},{"type":"Feature","id":"eoy-72b9305b229e","geometry":{"type":"Point","coordinates":[-73.903276995226,40.812365842624]},"properties":{"id":"eoy-72b9305b229e","name":"LA PATRONA","legalName":"LA PATRONA RESTAURANT CORP","street":"558 SOUTHERN BOULEVARD","neighborhood":"BRONX","borough":"Bronx","zip":"10455","type":"sidewalk","status":"Issued","licenseIssued":"2026-08-07","licenseExpires":"2030-08-07","nta":"BX0202","bbl":"2026030007","sid":["row-k932~3m53-t5s8"]}},{"type":"Feature","id":"eoy-72dade33cdc1","geometry":{"type":"Point","coordinates":[-74.004438197819,40.733717103018]},"properties":{"id":"eoy-72dade33cdc1","name":"SAINT THEO'S","legalName":"340 BLEECKER LLC","street":"340 BLEECKER STREET","neighborhood":"NEW YORK","borough":"Manhattan","zip":"10014","type":"both","status":"Issued","licenseIssued":"2025-07-03","licenseExpires":"2029-07-03","nta":"MN0203","bbl":"1006190026","sid":["row-2f4a-3ev5-mqtz","row-7hkw_qhvg~t4bh"]}},{"type":"Feature","id":"eoy-735ec691e8e9","geometry":{"type":"Point","coordinates":[-73.922464495059,40.771247554969]},"properties":{"id":"eoy-735ec691e8e9","name":"IL NONNO","legalName":"PLIEGO GARCIA PEREZ LLC","street":"25-17 ASTORIA BOULEVARD","neighborhood":"ASTORIA","borough":"Queens","zip":"11102","type":"sidewalk","status":"Issued","licenseIssued":"2026-08-28","licenseExpires":"2030-08-28","nta":"QN0103","bbl":"4008610010","sid":["row-kmb8~h2ni.mfmf"]}},{"type":"Feature","id":"eoy-73a6160563bc","geometry":{"type":"Point","coordinates":[-73.970501869223,40.645194451707]},"properties":{"id":"eoy-73a6160563bc","name":"WERKSTATT","legalName":"VIENNA 2, INC","street":"509 CONEY ISLAND AVENUE","neighborhood":"BROOKLYN","borough":"Brooklyn","zip":"11218","type":"sidewalk","status":"Issued","licenseIssued":"2026-08-14","licenseExpires":"2030-08-14","nta":"BK1402","bbl":"3051130034","sid":["row-pjg5~xmn8~8pf4"]}},{"type":"Feature","id":"eoy-73dc7df658fc","geometry":{"type":"Point","coordinates":[-73.971049881281,40.793464164995]},"properties":{"id":"eoy-73dc7df658fc","name":"BUCEO 95","legalName":"201 REST. 95TH ST. CORP.","street":"201 WEST 95 STREET","neighborhood":"NEW YORK","borough":"Manhattan","zip":"10025","type":"sidewalk","status":"Issued","licenseIssued":"2026-06-19","licenseExpires":"2030-06-19","nta":"MN0702","bbl":"1012430029","sid":["row-sf3f-grej.vi8p"]}},{"type":"Feature","id":"eoy-7420b248ef07","geometry":{"type":"Point","coordinates":[-73.972773917182,40.755035271611]},"properties":{"id":"eoy-7420b248ef07","name":"AVRA ESTIATORIO","legalName":"48TH RESTAURANT ASSOCIATES LLC","street":"145 EAST 48 STREET","neighborhood":"NEW YORK","borough":"Manhattan","zip":"10017","type":"roadway","status":"Issued","licenseIssued":"2025-06-27","licenseExpires":"2029-06-27","nta":"MN0604","bbl":"1013037501","sid":["row-fjrn_gxtn.q2e5"]}},{"type":"Feature","id":"eoy-743f5d82d1b4","geometry":{"type":"Point","coordinates":[-73.982150447938,40.771505659686]},"properties":{"id":"eoy-743f5d82d1b4","name":"CAFE FIORELLO","legalName":"FIORELLOS ROMAN CAFE,INC.","street":"1900 BROADWAY","neighborhood":"NEW YORK","borough":"Manhattan","zip":"10023","type":"sidewalk","status":"Issued","licenseIssued":"2026-06-26","licenseExpires":"2030-06-26","nta":"MN0701","bbl":"1011167501","sid":["row-e526~h9zz.vn46"]}},{"type":"Feature","id":"eoy-749dde35d543","geometry":{"type":"Point","coordinates":[-74.006632172242,40.735053697447]},"properties":{"id":"eoy-749dde35d543","name":"LEFT BANK","legalName":"NEWSTEAD RESTAURANT LLC","street":"117 PERRY STREET","neighborhood":"NEW YORK","borough":"Manhattan","zip":"10014","type":"roadway","status":"Issued","licenseIssued":"2026-03-13","licenseExpires":"2030-03-13","nta":"MN0203","bbl":"1006330038","sid":["row-rr46_nqq5~zpyh"]}},{"type":"Feature","id":"eoy-749f3ad3632f","geometry":{"type":"Point","coordinates":[-73.92605928813,40.762516107761]},"properties":{"id":"eoy-749f3ad3632f","name":"PAO DE QUEIJO & CO.","legalName":"NEW YORK PAO DE QUEIJO LLC","street":"31-90 30 STREET","neighborhood":"ASTORIA","borough":"Queens","zip":"11106","type":"both","status":"Issued","licenseIssued":"2026-07-20","licenseExpires":"2030-07-20","nta":"QN0103","bbl":"4005880001","sid":["row-hfkb_gpn5_yuic","row-zr9g.b83r_ms7z"]}},{"type":"Feature","id":"eoy-74bf823fe4a7","geometry":{"type":"Point","coordinates":[-73.961391723247,40.71435459521]},"properties":{"id":"eoy-74bf823fe4a7","name":"HOLE IN THE WALL","legalName":"HOLE IN THE WALL WILLIAMSBURG LLC","street":"292 BEDFORD AVENUE","neighborhood":"BROOKLYN","borough":"Brooklyn","zip":"11249","type":"roadway","status":"Issued","licenseIssued":"2025-08-08","licenseExpires":"2029-08-08","nta":"BK0102","bbl":"3023927504","sid":["row-96u3~ubvx-w58a"]}},{"type":"Feature","id":"eoy-74f241a8389f","geometry":{"type":"Point","coordinates":[-73.984669955025,40.742485684444]},"properties":{"id":"eoy-74f241a8389f","name":"MARINARA","legalName":"PIZZA 26 LLC","street":"379 PARK AVENUE SOUTH","neighborhood":"NEW YORK","borough":"Manhattan","zip":"10016","type":"sidewalk","status":"Issued","licenseIssued":"2026-07-24","licenseExpires":"2030-07-24","nta":"MN0602","bbl":"1008820088","sid":["row-5cbu~jv5x_2495"]}},{"type":"Feature","id":"eoy-7522fc6caf2a","geometry":{"type":"Point","coordinates":[-73.99094435665,40.725164141976]},"properties":{"id":"eoy-7522fc6caf2a","name":"ROSIE'S","legalName":"SECOND STREET RESTAURANT LLC","street":"29 EAST 2 STREET","neighborhood":"NEW YORK","borough":"Manhattan","zip":"10003","type":"sidewalk","status":"Issued","licenseIssued":"2026-04-03","licenseExpires":"2030-04-03","nta":"MN0303","bbl":"1004570128","sid":["row-ewkb.9km7_6w7j"]}},{"type":"Feature","id":"eoy-755ac148778c","geometry":{"type":"Point","coordinates":[-74.003334562708,40.743708079491]},"properties":{"id":"eoy-755ac148778c","name":"SALINAS","legalName":"VIRCAN GROUP LLC","street":"136 9 AVENUE","neighborhood":"NEW YORK","borough":"Manhattan","zip":"10011","type":"sidewalk","status":"Issued","licenseIssued":"2026-09-02","licenseExpires":"2030-09-02","nta":"MN0401","bbl":"1007420076","sid":["row-sf9b.hs2r_cjzx"]}},{"type":"Feature","id":"eoy-758cb1e7d1fd","geometry":{"type":"Point","coordinates":[-73.975714859025,40.786699435471]},"properties":{"id":"eoy-758cb1e7d1fd","name":"E'S BAR","legalName":"EE BAR LLC","street":"511 AMSTERDAM AVENUE","neighborhood":"NEW YORK","borough":"Manhattan","zip":"10024","type":"both","status":"Issued","licenseIssued":"2026-06-25","licenseExpires":"2030-06-25","nta":"MN0702","bbl":"1012150063","sid":["row-7f8h~75us.6nb4","row-aar6-sbd8.x7c9"]}},{"type":"Feature","id":"eoy-759c8dddbe79","geometry":{"type":"Point","coordinates":[-73.918671334665,40.746627178165]},"properties":{"id":"eoy-759c8dddbe79","name":"THE SKILLMAN","legalName":"COOLJAG CORP.","street":"45-20 SKILLMAN AVENUE","neighborhood":"SUNNYSIDE","borough":"Queens","zip":"11104","type":"both","status":"Issued","licenseIssued":"2026-04-10","licenseExpires":"2030-04-10","nta":"QN0202","bbl":"4001560029","sid":["row-97he.x2n6.k55j","row-p5g8.qwwc-6d2g"]}},{"type":"Feature","id":"eoy-75b4cc5f32cb","geometry":{"type":"Point","coordinates":[-73.99461310301,40.730250424208]},"properties":{"id":"eoy-75b4cc5f32cb","name":"WHITE OAK TAVERN","legalName":"GREENE STREET ENTERPRISES INC","street":"21 WAVERLY PLACE","neighborhood":"NEW YORK","borough":"Manhattan","zip":"10003","type":"sidewalk","status":"Issued","licenseIssued":"2026-08-14","licenseExpires":"2030-08-14","nta":"MN0202","bbl":"1005480045","sid":["row-9dxt_ada7_rt8e"]}},{"type":"Feature","id":"eoy-75deedd1d0d8","geometry":{"type":"Point","coordinates":[-73.984641075357,40.742526852021]},"properties":{"id":"eoy-75deedd1d0d8","name":"SARABETH'S","legalName":"SARABETH'S PAS LLC","street":"381 PARK AVENUE SOUTH","neighborhood":"NEW YORK","borough":"Manhattan","zip":"10016","type":"sidewalk","status":"Issued","licenseIssued":"2026-07-20","licenseExpires":"2030-07-20","nta":"MN0602","bbl":"1008820085","sid":["row-u9m5-sc9s.snhd"]}},{"type":"Feature","id":"eoy-75e7d67f2eab","geometry":{"type":"Point","coordinates":[-73.948757479918,40.828723613901]},"properties":{"id":"eoy-75e7d67f2eab","name":"HARLEM PUBLIC","legalName":"SOUTH LAKE HOSPITALITY GROUP INC.","street":"3612 BROADWAY","neighborhood":"NEW YORK","borough":"Manhattan","zip":"10031","type":"both","status":"Issued","licenseIssued":"2026-03-27","licenseExpires":"2030-03-27","nta":"MN0903","bbl":"1020800059","sid":["row-9mx9_3qy5-sz9b","row-apgv~2mhb~tbq5"]}},{"type":"Feature","id":"eoy-75ef97890ca2","geometry":{"type":"Point","coordinates":[-73.995346445053,40.717451608975]},"properties":{"id":"eoy-75ef97890ca2","name":"SANMIWAGO","legalName":"ICOOK BOWERY INC.","street":"90 BOWERY","neighborhood":"NEW YORK","borough":"Manhattan","zip":"10013","type":"both","status":"Issued","licenseIssued":"2026-05-08","licenseExpires":"2030-05-08","nta":"MN0201","bbl":"1002390038","sid":["row-ai5t-mp2v~fpac","row-ztk6~ywrk~wjc8"]}},{"type":"Feature","id":"eoy-75f4fcc3a9d9","geometry":{"type":"Point","coordinates":[-73.783629888446,40.83959260883]},"properties":{"id":"eoy-75f4fcc3a9d9","name":"SAMMY'S ORIGINAL SHRIMP BOX","legalName":"SAMMY'S S.B. REST CORP","street":"64 CITY ISLAND AVENUE","neighborhood":"BRONX","borough":"Bronx","zip":"10464","type":"sidewalk","status":"Issued","licenseIssued":"2024-11-04","licenseExpires":"2028-11-04","nta":"BX1003","bbl":"2056380011","sid":["row-5ski.c2yj.drn5"]}},{"type":"Feature","id":"eoy-75facccffe92","geometry":{"type":"Point","coordinates":[-73.952760200654,40.723650639043]},"properties":{"id":"eoy-75facccffe92","name":"SPRITZENHAUS","legalName":"63 GUERNSEY LLC","street":"63 GUERNSEY STREET","neighborhood":"BROOKLYN","borough":"Brooklyn","zip":"11222","type":"both","status":"Issued","licenseIssued":"2026-05-08","licenseExpires":"2030-05-08","nta":"BK0101","bbl":"3026430029","sid":["row-hcab.97n2-xtr3","row-rdht-tutv_i2ah"]}},{"type":"Feature","id":"eoy-76251db810dd","geometry":{"type":"Point","coordinates":[-73.988819040181,40.726986479307]},"properties":{"id":"eoy-76251db810dd","name":"BAR SNACK","legalName":"IOM 92 SECOND AVE, LLC","street":"92 2 AVENUE","neighborhood":"NEW YORK","borough":"Manhattan","zip":"10003","type":"sidewalk","status":"Issued","licenseIssued":"2026-04-17","licenseExpires":"2030-04-17","nta":"MN0303","bbl":"1004470003","sid":["row-vhm9.d725-kyuq"]}},{"type":"Feature","id":"eoy-76469efb14f7","geometry":{"type":"Point","coordinates":[-73.952906460589,40.746330689918]},"properties":{"id":"eoy-76469efb14f7","name":"DAI HACHI","legalName":"DAI HACHI SUSHI CORPORATION","street":"46-18 VERNON BOULEVARD","neighborhood":"LONG ISLAND CITY","borough":"Queens","zip":"11101","type":"both","status":"Issued","licenseIssued":"2025-10-10","licenseExpires":"2029-10-10","nta":"QN0201","bbl":"4000270001","sid":["row-f989.6d3p~rycj","row-x54a-97cq_gw5e"]}},{"type":"Feature","id":"eoy-76546a62f420","geometry":{"type":"Point","coordinates":[-73.889191147186,40.853686165979]},"properties":{"id":"eoy-76546a62f420","name":"NOYA CAFE","legalName":"NOYA CAFE LLC","street":"2303 ARTHUR AVENUE","neighborhood":"BRONX","borough":"Bronx","zip":"10458","type":"sidewalk","status":"Issued","licenseIssued":"2026-05-22","licenseExpires":"2030-05-22","nta":"BX0603","bbl":"2030650001","sid":["row-k3u6.ncvf.z68m"]}},{"type":"Feature","id":"eoy-76986919ec4b","geometry":{"type":"Point","coordinates":[-73.988248134302,40.73180897535]},"properties":{"id":"eoy-76986919ec4b","name":"SAMMY L COFFEE","legalName":"SAMMYLIN COFFEE INC","street":"83 3 AVENUE","neighborhood":"NEW YORK","borough":"Manhattan","zip":"10003","type":"sidewalk","status":"Issued","licenseIssued":"2026-01-07","licenseExpires":"2030-01-07","nta":"MN0303","bbl":"1004670001","sid":["row-cukw.7z5k~t3eg"]}},{"type":"Feature","id":"eoy-76a003d87bfe","geometry":{"type":"Point","coordinates":[-73.958343386497,40.714704858874]},"properties":{"id":"eoy-76a003d87bfe","name":"THE BUTCHER'S DAUGHTER","legalName":"JUICERIE IV LLC","street":"271 METROPOLITAN AVENUE","neighborhood":"BROOKLYN","borough":"Brooklyn","zip":"11211","type":"sidewalk","status":"Issued","licenseIssued":"2026-05-29","licenseExpires":"2030-05-29","nta":"BK0102","bbl":"3023537501","sid":["row-7aym~fuvu.29a7"]}},{"type":"Feature","id":"eoy-76ac4cf4af6a","geometry":{"type":"Point","coordinates":[-73.959577718925,40.577356486268]},"properties":{"id":"eoy-76ac4cf4af6a","name":"GOSHT RESTAURANT","legalName":"GOSHT INC","street":"3215 CONEY ISLAND AVENUE","neighborhood":"BROOKLYN","borough":"Brooklyn","zip":"11235","type":"both","status":"Issued","licenseIssued":"2026-09-11","licenseExpires":"2030-09-11","nta":"BK1303","bbl":"3087207511","sid":["row-3ieb_hzfk_dqvx","row-fp6y.cm73-pjfm"]}},{"type":"Feature","id":"eoy-76bb6eece89e","geometry":{"type":"Point","coordinates":[-73.986314421583,40.730472060292]},"properties":{"id":"eoy-76bb6eece89e","name":"BAR VELOCE","legalName":"FT 245 CORP","street":"175 SECOND AVENUE","neighborhood":"NEW YORK","borough":"Manhattan","zip":"10003","type":"sidewalk","status":"Issued","licenseIssued":"2026-02-06","licenseExpires":"2030-02-06","nta":"MN0303","bbl":"1004670035","sid":["row-8pqe-yubu-m78a"]}},{"type":"Feature","id":"eoy-76c8ad2a0fc1","geometry":{"type":"Point","coordinates":[-73.989044458255,40.760247531251]},"properties":{"id":"eoy-76c8ad2a0fc1","name":"DIM SUM PALACE","legalName":"DIM SUM PALACE INC","street":"334 WEST 46 STREET","neighborhood":"NEW YORK","borough":"Manhattan","zip":"10036","type":"roadway","status":"Issued","licenseIssued":"2026-05-29","licenseExpires":"2030-05-29","nta":"MN0402","bbl":"1010360047","sid":["row-qu5j_493x_pypc"]}},{"type":"Feature","id":"eoy-76de4e1a4d53","geometry":{"type":"Point","coordinates":[-73.993616320094,40.702574874401]},"properties":{"id":"eoy-76de4e1a4d53","name":"JULIANA'S PIZZA","legalName":"JULIANA'S UTBB LLC","street":"19 OLD FULTON STREET","neighborhood":"BROOKLYN","borough":"Brooklyn","zip":"11201","type":"sidewalk","status":"Issued","licenseIssued":"2025-05-16","licenseExpires":"2029-05-16","nta":"BK0202","bbl":"3000350005","sid":["row-4j96~cz2i-xmbg"]}},{"type":"Feature","id":"eoy-76ef5f6ffe43","geometry":{"type":"Point","coordinates":[-73.923076338543,40.707511795751]},"properties":{"id":"eoy-76ef5f6ffe43","name":"NOWON","legalName":"YUPJIB LLC","street":"436 JEFFERSON STREET","neighborhood":"BROOKLYN","borough":"Brooklyn","zip":"11237","type":"both","status":"Issued","licenseIssued":"2026-04-17","licenseExpires":"2030-04-17","nta":"BK0401","bbl":"3031770014","sid":["row-kx8s.v6x8_jp4m","row-r9bw.9kbz.6uwd"]}},{"type":"Feature","id":"eoy-76fda95ca1ca","geometry":{"type":"Point","coordinates":[-73.985596429598,40.746995448707]},"properties":{"id":"eoy-76fda95ca1ca","name":"EMMY SQUARED PIZZA","legalName":"ESQ PARK SLOPE LLC","street":"315 5 AVENUE","neighborhood":"NEW YORK","borough":"Manhattan","zip":"10016","type":"sidewalk","status":"Issued","licenseIssued":"2026-04-17","licenseExpires":"2030-04-17","nta":"MN0501","bbl":"1008610075","sid":["row-mxc2~49c7-g9tb"]}},{"type":"Feature","id":"eoy-7715aefab815","geometry":{"type":"Point","coordinates":[-73.93017457627,40.704156737704]},"properties":{"id":"eoy-7715aefab815","name":"EL SANTO TAQIERIA","legalName":"MR JIMBO CORPORATION","street":"1053 FLUSHING AVENUE","neighborhood":"BROOKLYN","borough":"Brooklyn","zip":"11237","type":"sidewalk","status":"Issued","licenseIssued":"2026-07-21","licenseExpires":"2030-07-21","nta":"BK0104","bbl":"3030130035","sid":["row-52tn~qcfp~3meg"]}},{"type":"Feature","id":"eoy-77170d73aa7c","geometry":{"type":"Point","coordinates":[-73.990375378245,40.717865759507]},"properties":{"id":"eoy-77170d73aa7c","name":"DUDLEY'S","legalName":"TWO BIKES, LLC","street":"85 ORCHARD STREET","neighborhood":"NEW YORK","borough":"Manhattan","zip":"10002","type":"sidewalk","status":"Issued","licenseIssued":"2026-07-02","licenseExpires":"2030-07-02","nta":"MN0302","bbl":"1004130043","sid":["row-5g7d-xs62_z6mh"]}},{"type":"Feature","id":"eoy-771f7c91bb2e","geometry":{"type":"Point","coordinates":[-73.994085123422,40.703186983486]},"properties":{"id":"eoy-771f7c91bb2e","name":"IGNAZIO'S","legalName":"IGNAZIO'S LLC","street":"4 WATER STREET","neighborhood":"BROOKLYN","borough":"Brooklyn","zip":"11201","type":"roadway","status":"Issued","licenseIssued":"2026-03-27","licenseExpires":"2030-03-27","nta":"BK0202","bbl":"3000357501","sid":["row-bb4a.8uph_33ey"]}},{"type":"Feature","id":"eoy-7741a6df9061","geometry":{"type":"Point","coordinates":[-73.979985181942,40.756417370066]},"properties":{"id":"eoy-7741a6df9061","name":"ST. PATRICK'S BAR AND GRILL","legalName":"22 WEST 46 STREET LTD","street":"22 WEST 46 STREET","neighborhood":"NEW YORK","borough":"Manhattan","zip":"10036","type":"both","status":"Issued","licenseIssued":"2026-04-03","licenseExpires":"2030-04-03","nta":"MN0502","bbl":"1012610051","sid":["row-axvd_b9hj-txaa","row-h6gy-ajvp_3fhr"]}},{"type":"Feature","id":"eoy-7769ca3a705c","geometry":{"type":"Point","coordinates":[-73.911108153935,40.761844014039]},"properties":{"id":"eoy-7769ca3a705c","name":"MIMOZA CAFE","legalName":"ASTORIA CAFE INC","street":"30-05 45 STREET","neighborhood":"ASTORIA","borough":"Queens","zip":"11103","type":"both","status":"Issued","licenseIssued":"2026-04-10","licenseExpires":"2030-04-10","nta":"QN0104","bbl":"4007140081","sid":["row-ckgf_iias-pwvc","row-f6z3_j97q~jjmb"]}},{"type":"Feature","id":"eoy-77767951bbfc","geometry":{"type":"Point","coordinates":[-73.880583064368,40.756063290823]},"properties":{"id":"eoy-77767951bbfc","name":"CANTINA LA 87","legalName":"PIZZA FUSION INC","street":"87-01 NORTHERN BLVD","neighborhood":"JACKSON HEIGHTS","borough":"Queens","zip":"11372","type":"sidewalk","status":"Issued","licenseIssued":"2026-04-10","licenseExpires":"2030-04-10","nta":"QN0301","bbl":"4014170047","sid":["row-6x56.8w67-jt9e"]}},{"type":"Feature","id":"eoy-77d443507d36","geometry":{"type":"Point","coordinates":[-73.865245319309,40.726309507931]},"properties":{"id":"eoy-77d443507d36","name":"IL PRIMO CAFFE","legalName":"IL PRIMO CAFFE INC","street":"63-55 ALDERTON STREET","neighborhood":"REGO PARK","borough":"Queens","zip":"11374","type":"sidewalk","status":"Issued","licenseIssued":"2026-08-07","licenseExpires":"2030-08-07","nta":"QN0601","bbl":"4031030060","sid":["row-yi7f~4fe6.3x6a"]}},{"type":"Feature","id":"eoy-782899785376","geometry":{"type":"Point","coordinates":[-73.9850577,40.6904386]},"properties":{"id":"eoy-782899785376","name":"BIJAN'S","legalName":"DC5 GROUP, INC.","street":"7981 HOYT STREET","neighborhood":"BROOKLYN","borough":"Brooklyn","zip":"11201","type":"sidewalk","status":"Issued","licenseIssued":"2026-04-10","licenseExpires":"2030-04-10","nta":"BK0202","bbl":null,"sid":["row-egrr.cyym~sa5w"]}},{"type":"Feature","id":"eoy-78307a8a695a","geometry":{"type":"Point","coordinates":[-73.948983556298,40.788513184176]},"properties":{"id":"eoy-78307a8a695a","name":"CAFE D'ANVERS/MOJO DESSERTS","legalName":"ANTWERP B LLC","street":"1567 LEXINGTON AVENUE","neighborhood":"NEW YORK","borough":"Manhattan","zip":"10029","type":"both","status":"Issued","licenseIssued":"2026-05-08","licenseExpires":"2030-05-08","nta":"MN1101","bbl":"1016280022","sid":["row-6ts7-b3a3~h5d4","row-6yhs_uerb-y98x"]}},{"type":"Feature","id":"eoy-786a46da7bae","geometry":{"type":"Point","coordinates":[-73.828686348646,40.832633846654]},"properties":{"id":"eoy-786a46da7bae","name":"CROSSTOWN DINER","legalName":"CROSSTOWN DINER AND RESTAURANT INC","street":"2880 BRUCKNER BOULEVARD","neighborhood":"BRONX","borough":"Bronx","zip":"10465","type":"both","status":"Issued","licenseIssued":"2025-08-15","licenseExpires":"2029-08-15","nta":"BX1002","bbl":"2055310001","sid":["row-ru24-rwrc_ebtg","row-y6iz_88ne.8zrw"]}},{"type":"Feature","id":"eoy-788b06a3c0c7","geometry":{"type":"Point","coordinates":[-73.972371111635,40.786221092635]},"properties":{"id":"eoy-788b06a3c0c7","name":"VIVE LA CREPE","legalName":"VLC COLUMBUS & 86TH LLC","street":"532 COLUMBUS AVENUE","neighborhood":"NEW YORK","borough":"Manhattan","zip":"10024","type":"sidewalk","status":"Issued","licenseIssued":"2026-07-31","licenseExpires":"2030-07-31","nta":"MN0702","bbl":"1012160033","sid":["row-22xk~9237_ckx3"]}},{"type":"Feature","id":"eoy-78928070b645","geometry":{"type":"Point","coordinates":[-73.966580819211,40.710606869888]},"properties":{"id":"eoy-78928070b645","name":"LAVENDER LAKE","legalName":"D.P.T. SUPREME CORPORATION","street":"53 BROADWAY","neighborhood":"BROOKLYN","borough":"Brooklyn","zip":"11249","type":"roadway","status":"Issued","licenseIssued":"2026-07-31","licenseExpires":"2030-07-31","nta":"BK0102","bbl":"3024707501","sid":["row-a9v7~t9gg-7pya"]}},{"type":"Feature","id":"eoy-789561d57ff6","geometry":{"type":"Point","coordinates":[-73.991970220231,40.714904277236]},"properties":{"id":"eoy-789561d57ff6","name":"SWAN ROOM / CORNER BAR","legalName":"ORCHARD STREET RESTAURANT MANAGEMENT LLC","street":"54 CANAL STREET","neighborhood":"NEW YORK","borough":"Manhattan","zip":"10002","type":"both","status":"Issued","licenseIssued":"2026-01-07","licenseExpires":"2030-01-07","nta":"MN0301","bbl":"1002940007","sid":["row-9fbs_b7rk~3x2w","row-swpb_zuks.qs23"]}},{"type":"Feature","id":"eoy-78f6a4bad83b","geometry":{"type":"Point","coordinates":[-73.719998005544,40.725577543254]},"properties":{"id":"eoy-78f6a4bad83b","name":"LA CHOZA DEL GORDO","legalName":"G & N RESTAURANT CORP.","street":"247-25 JERICHO TURNPIKE","neighborhood":"BELLEROSE","borough":"Queens","zip":"11426","type":"sidewalk","status":"Issued","licenseIssued":"2026-08-28","licenseExpires":"2030-08-28","nta":null,"bbl":"4086620053","sid":["row-mybq.98ua-ysy2"]}},{"type":"Feature","id":"eoy-78fc28b9a961","geometry":{"type":"Point","coordinates":[-74.005918262738,40.741182793673]},"properties":{"id":"eoy-78fc28b9a961","name":"ARTXNYC","legalName":"STREET ART AND GRAFFITI LLC","street":"409 WEST 14 STREET","neighborhood":"NEW YORK","borough":"Manhattan","zip":"10014","type":"sidewalk","status":"Issued","licenseIssued":"2026-05-29","licenseExpires":"2030-05-29","nta":"MN0203","bbl":"1007120024","sid":["row-ze7f~ew87.53p5"]}},{"type":"Feature","id":"eoy-79056c7bf52e","geometry":{"type":"Point","coordinates":[-74.004239526892,40.730352028671]},"properties":{"id":"eoy-79056c7bf52e","name":"BANDITS","legalName":"DEN NOHO LLC","street":"44 BEDFORD STREET","neighborhood":"NEW YORK","borough":"Manhattan","zip":"10014","type":"both","status":"Issued","licenseIssued":"2026-06-05","licenseExpires":"2030-06-05","nta":"MN0203","bbl":"1005860005","sid":["row-nuw6-85un-afg2","row-vh8t-z2gf~7s38"]}},{"type":"Feature","id":"eoy-79204958897c","geometry":{"type":"Point","coordinates":[-73.96927591414,40.755997799021]},"properties":{"id":"eoy-79204958897c","name":"KARIZMA LOUNGE","legalName":"KARIZMA LOUNGE CORP","street":"244 EAST 51 STREET","neighborhood":"NEW YORK","borough":"Manhattan","zip":"10022","type":"roadway","status":"Issued","licenseIssued":"2025-10-03","licenseExpires":"2029-10-03","nta":"MN0604","bbl":"1013240131","sid":["row-4w5w~avzj.cxzt"]}},{"type":"Feature","id":"eoy-792d507c20ae","geometry":{"type":"Point","coordinates":[-74.003665814531,40.729932099336]},"properties":{"id":"eoy-792d507c20ae","name":"MARKET TABLE","legalName":"JOHN DORY LLC","street":"54 CARMINE STREET","neighborhood":"NEW YORK","borough":"Manhattan","zip":"10014","type":"sidewalk","status":"Issued","licenseIssued":"2026-07-24","licenseExpires":"2030-07-24","nta":"MN0203","bbl":"1005270053","sid":["row-me8d~xu3k-98ee"]}},{"type":"Feature","id":"eoy-7935dec886a2","geometry":{"type":"Point","coordinates":[-73.829256269387,40.834440736382]},"properties":{"id":"eoy-7935dec886a2","name":"MADE IN PUERTO RICO","legalName":"MIPR INC","street":"3363 EAST TREMONT AVENUE","neighborhood":"BRONX","borough":"Bronx","zip":"10461","type":"sidewalk","status":"Issued","licenseIssued":"2026-05-15","licenseExpires":"2030-05-15","nta":"BX1002","bbl":"2053110002","sid":["row-3q39-afbm~c5jd"]}},{"type":"Feature","id":"eoy-796b07c09bcd","geometry":{"type":"Point","coordinates":[-73.968781590753,40.763290489621]},"properties":{"id":"eoy-796b07c09bcd","name":"PICCOLA CUCINA UPTOWN","legalName":"M&G 60TH STREET LLC","street":"106 EAST 60 STREET","neighborhood":"NEW YORK","borough":"Manhattan","zip":"10022","type":"roadway","status":"Issued","licenseIssued":"2025-10-24","licenseExpires":"2029-10-24","nta":"MN0802","bbl":"1013940169","sid":["row-dtux~8cvd.aimt"]}},{"type":"Feature","id":"eoy-79992afbcae7","geometry":{"type":"Point","coordinates":[-73.958724581852,40.716593397622]},"properties":{"id":"eoy-79992afbcae7","name":"ESSE TACO","legalName":"ESSE TACO WILLIAMSBURG LLC","street":"142 NORTH 5 STREET","neighborhood":"BROOKLYN","borough":"Brooklyn","zip":"11211","type":"sidewalk","status":"Issued","licenseIssued":"2026-05-08","licenseExpires":"2030-05-08","nta":"BK0102","bbl":"3023440003","sid":["row-ykur-h735-8iky"]}},{"type":"Feature","id":"eoy-79a6ee63a806","geometry":{"type":"Point","coordinates":[-73.962490298999,40.672546576908]},"properties":{"id":"eoy-79a6ee63a806","name":"LINCOLN STATION","legalName":"LINCOLN STATION, LLC","street":"409 LINCOLN PLACE","neighborhood":"BROOKLYN","borough":"Brooklyn","zip":"11238","type":"both","status":"Issued","licenseIssued":"2025-08-15","licenseExpires":"2029-08-15","nta":"BK0801","bbl":"3011770001","sid":["row-neyt~krxw_beni","row-v3kp_p62e-e4at"]}},{"type":"Feature","id":"eoy-79b10aef572e","geometry":{"type":"Point","coordinates":[-74.00328710667,40.732781177012]},"properties":{"id":"eoy-79b10aef572e","name":"BAR PISELLINO","legalName":"OFFICINA 1397 LLC","street":"92 7 AVENUE SOUTH","neighborhood":"NEW YORK","borough":"Manhattan","zip":"10014","type":"sidewalk","status":"Issued","licenseIssued":"2026-03-27","licenseExpires":"2030-03-27","nta":"MN0203","bbl":"1005910010","sid":["row-kt8r-yw7d.xgwq"]}},{"type":"Feature","id":"eoy-79d7d0de815e","geometry":{"type":"Point","coordinates":[-73.976631472177,40.778223828694]},"properties":{"id":"eoy-79d7d0de815e","name":"PATSY'S PIZZERIA","legalName":"74 W PIZZA CORP.","street":"61 WEST 74 STREET","neighborhood":"NEW YORK","borough":"Manhattan","zip":"10023","type":"roadway","status":"Issued","licenseIssued":"2025-09-12","licenseExpires":"2029-09-12","nta":"MN0702","bbl":"1011270001","sid":["row-9h6s-3mqv_jg8v"]}},{"type":"Feature","id":"eoy-7a26f12dba6f","geometry":{"type":"Point","coordinates":[-73.993747638128,40.68685007939]},"properties":{"id":"eoy-7a26f12dba6f","name":"CONGRESS","legalName":"JIM & ANDY, INC.","street":"208 COURT STREET","neighborhood":"BROOKLYN","borough":"Brooklyn","zip":"11201","type":"both","status":"Issued","licenseIssued":"2026-06-12","licenseExpires":"2030-06-12","nta":"BK0601","bbl":"3003020043","sid":["row-ic66.46i9.zp2s","row-twc8~7fsm~8c8d"]}},{"type":"Feature","id":"eoy-7a314d886015","geometry":{"type":"Point","coordinates":[-73.986256681523,40.730521459165]},"properties":{"id":"eoy-7a314d886015","name":"OPS","legalName":"2ND AVE PIZZA PALACE CORP","street":"176 2 AVENUE","neighborhood":"NEW YORK","borough":"Manhattan","zip":"10003","type":"sidewalk","status":"Issued","licenseIssued":"2026-09-18","licenseExpires":"2030-09-18","nta":"MN0303","bbl":"1004530002","sid":["row-pgss-bb8t-jf2r"]}},{"type":"Feature","id":"eoy-7a4d091cc503","geometry":{"type":"Point","coordinates":[-73.974051834791,40.791516109969]},"properties":{"id":"eoy-7a4d091cc503","name":"SWEETGREEN","legalName":"SWEETGREEN NEW YORK LLC","street":"2460 BROADWAY","neighborhood":"NEW YORK","borough":"Manhattan","zip":"10025","type":"sidewalk","status":"Issued","licenseIssued":"2026-07-31","licenseExpires":"2030-07-31","nta":"MN0702","bbl":"1012390023","sid":["row-z2bn~zy2a.63bm"]}},{"type":"Feature","id":"eoy-7a6884c3121e","geometry":{"type":"Point","coordinates":[-73.887196544203,40.855350279053]},"properties":{"id":"eoy-7a6884c3121e","name":"DE LILLO PASTRY SHOP","legalName":"DELILLO PASTRY SHOP, INC.","street":"610 EAST 187 STREET","neighborhood":"BRONX","borough":"Bronx","zip":"10458","type":"sidewalk","status":"Issued","licenseIssued":"2024-12-20","licenseExpires":"2028-12-20","nta":"BX0603","bbl":"2030730048","sid":["row-t5jc-ua5d-czp3"]}},{"type":"Feature","id":"eoy-7a6a57609d95","geometry":{"type":"Point","coordinates":[-74.003918370771,40.729767405059]},"properties":{"id":"eoy-7a6a57609d95","name":"UBANI","legalName":"COFFEEGENYC INC","street":"37A BEDFORD STREET","neighborhood":"NEW YORK","borough":"Manhattan","zip":"10014","type":"roadway","status":"Issued","licenseIssued":"2026-07-24","licenseExpires":"2030-07-24","nta":"MN0203","bbl":"1005280076","sid":["row-fgw6_46w7.hwfj"]}},{"type":"Feature","id":"eoy-7a8ba6a86287","geometry":{"type":"Point","coordinates":[-74.001006642818,40.729078531416]},"properties":{"id":"eoy-7a8ba6a86287","name":"CHLOE'S","legalName":"SUPERNATURAL RESTAURANTS, LLC","street":"185 BLEECKER STREET","neighborhood":"NEW YORK","borough":"Manhattan","zip":"10012","type":"sidewalk","status":"Issued","licenseIssued":"2026-04-24","licenseExpires":"2030-04-24","nta":"MN0202","bbl":"1005400043","sid":["row-vg84-2nbn.5362"]}},{"type":"Feature","id":"eoy-7a98ecab3899","geometry":{"type":"Point","coordinates":[-73.994490550456,40.685296575299]},"properties":{"id":"eoy-7a98ecab3899","name":"KITCHEN","legalName":"CHEZ OLY INT'L INC.","street":"254 COURT STREET","neighborhood":"BROOKLYN","borough":"Brooklyn","zip":"11231","type":"sidewalk","status":"Issued","licenseIssued":"2026-08-14","licenseExpires":"2030-08-14","nta":"BK0601","bbl":"3003260037","sid":["row-ys7z-6pga_x9bi"]}},{"type":"Feature","id":"eoy-7abbd86e3874","geometry":{"type":"Point","coordinates":[-73.977479651186,40.779220343889]},"properties":{"id":"eoy-7abbd86e3874","name":"PAPPARDELLA","legalName":"PAPPARDELLA REST CORP","street":"316 COLUMBUS AVENUE","neighborhood":"NEW YORK","borough":"Manhattan","zip":"10023","type":"sidewalk","status":"Issued","licenseIssued":"2026-08-28","licenseExpires":"2030-08-28","nta":"MN0702","bbl":"1011467501","sid":["row-zg6b_k7jd-bqm3"]}},{"type":"Feature","id":"eoy-7adb10997d3f","geometry":{"type":"Point","coordinates":[-73.99460262663,40.725971333779]},"properties":{"id":"eoy-7adb10997d3f","name":"KITH","legalName":"KITH TREATS LLC","street":"337 LAFAYETTE STREET","neighborhood":"NEW YORK","borough":"Manhattan","zip":"10012","type":"sidewalk","status":"Issued","licenseIssued":"2026-08-07","licenseExpires":"2030-08-07","nta":"MN0202","bbl":"1005290065","sid":["row-gkqi.47ax~63ta"]}},{"type":"Feature","id":"eoy-7ade38b4d7d9","geometry":{"type":"Point","coordinates":[-73.99546782271,40.683270974497]},"properties":{"id":"eoy-7ade38b4d7d9","name":"SOCIALE","legalName":"SOCIALE LLC","street":"320 COURT STREET","neighborhood":"BROOKLYN","borough":"Brooklyn","zip":"11231","type":"both","status":"Issued","licenseIssued":"2026-06-26","licenseExpires":"2030-06-26","nta":"BK0601","bbl":"3003330038","sid":["row-bv6q-t4sa.gwwp","row-zfgc~d45h~9d2u"]}},{"type":"Feature","id":"eoy-7b06e0fd8c0b","geometry":{"type":"Point","coordinates":[-74.006696741467,40.731274152659]},"properties":{"id":"eoy-7b06e0fd8c0b","name":"OSTERIA CARLINA","legalName":"SAN CARLINO LLC","street":"455 HUDSON STREET","neighborhood":"NEW YORK","borough":"Manhattan","zip":"10014","type":"sidewalk","status":"Issued","licenseIssued":"2026-08-28","licenseExpires":"2030-08-28","nta":"MN0203","bbl":"1006030065","sid":["row-et8z~fdyd-gj5n"]}},{"type":"Feature","id":"eoy-7b320afb3817","geometry":{"type":"Point","coordinates":[-73.996558216913,40.723564248865]},"properties":{"id":"eoy-7b320afb3817","name":"SANT AMBROEUS GELATERIA","legalName":"265 LAFAYETTE RISTORANTE, LLC","street":"267 LAFAYETTE STREET","neighborhood":"NEW YORK","borough":"Manhattan","zip":"10012","type":"both","status":"Issued","licenseIssued":"2026-04-03","licenseExpires":"2030-04-03","nta":"MN0201","bbl":"1004950011","sid":["row-pqaw.74v7_fgr2","row-wber~xvfn~qxkd"]}},{"type":"Feature","id":"eoy-7b4cf70a9691","geometry":{"type":"Point","coordinates":[-73.925594445776,40.700615845813]},"properties":{"id":"eoy-7b4cf70a9691","name":"ALPHAVILLE / LORI JAYNE","legalName":"HONEY MUSTARD LLC","street":"140 WILSON AVENUE","neighborhood":"BROOKLYN","borough":"Brooklyn","zip":"11237","type":"roadway","status":"Issued","licenseIssued":"2025-07-03","licenseExpires":"2029-07-03","nta":"BK0401","bbl":"3032080032","sid":["row-v2tx-nate~jdhx"]}},{"type":"Feature","id":"eoy-7bb59b026ac7","geometry":{"type":"Point","coordinates":[-74.002915208541,40.727102267386]},"properties":{"id":"eoy-7bb59b026ac7","name":"SHUKA","legalName":"38 MACDOUGAL LLC","street":"38 MACDOUGAL STREET","neighborhood":"NEW YORK","borough":"Manhattan","zip":"10012","type":"both","status":"Issued","licenseIssued":"2026-04-17","licenseExpires":"2030-04-17","nta":"MN0201","bbl":"1005180001","sid":["row-mad9-qb7n.qu6y","row-mbcy_7rm9~65cy"]}},{"type":"Feature","id":"eoy-7bcc59956cab","geometry":{"type":"Point","coordinates":[-74.002594117559,40.727483797573]},"properties":{"id":"eoy-7bcc59956cab","name":"TWELVE CHAIRS","legalName":"D AND A COFFEE LLC","street":"56 MACDOUGAL STREET","neighborhood":"NEW YORK","borough":"Manhattan","zip":"10012","type":"roadway","status":"Issued","licenseIssued":"2026-07-24","licenseExpires":"2030-07-24","nta":"MN0201","bbl":"1005180010","sid":["row-2n4z-qy5k.nxsj"]}},{"type":"Feature","id":"eoy-7bcea1d8eff9","geometry":{"type":"Point","coordinates":[-73.845034695191,40.719787109608]},"properties":{"id":"eoy-7bcea1d8eff9","name":"FOREST HILLS STATION HOUSE","legalName":"FH STATION HOUSE LLC","street":"106-11 CONTINENTAL AVENUE","neighborhood":"FOREST HILLS","borough":"Queens","zip":"11375","type":"sidewalk","status":"Issued","licenseIssued":"2026-06-26","licenseExpires":"2030-06-26","nta":"QN0602","bbl":"4032340185","sid":["row-pd5j.zsvr_9p9v"]}},{"type":"Feature","id":"eoy-7bd269bec89c","geometry":{"type":"Point","coordinates":[-74.015677098865,40.714521963959]},"properties":{"id":"eoy-7bd269bec89c","name":"PARM RESTAURANT","legalName":"PARM BATTERY PARK LLC","street":"250 VESEY STREET","neighborhood":"NEW YORK","borough":"Manhattan","zip":"10281","type":"sidewalk","status":"Issued","licenseIssued":"2026-07-31","licenseExpires":"2030-07-31","nta":"MN0101","bbl":"1000160150","sid":["row-sqnw_xufq-tzwb"]}},{"type":"Feature","id":"eoy-7be3dcfdfc40","geometry":{"type":"Point","coordinates":[-73.959231484999,40.731168291878]},"properties":{"id":"eoy-7be3dcfdfc40","name":"NAKED DOG","legalName":"RIVERWALK MANAGEMENT, INC.","street":"47 JAVA STREET","neighborhood":"BROOKLYN","borough":"Brooklyn","zip":"11222","type":"sidewalk","status":"Issued","licenseIssued":"2026-03-27","licenseExpires":"2030-03-27","nta":"BK0101","bbl":"3025390035","sid":["row-9ws6.qhrh~u279"]}},{"type":"Feature","id":"eoy-7c7ee5415294","geometry":{"type":"Point","coordinates":[-73.974051834791,40.791516109969]},"properties":{"id":"eoy-7c7ee5415294","name":"JOE & THE JUICE","legalName":"JOE & THE JUICE NEW YORK LLC","street":"2460 BROADWAY","neighborhood":"NEW YORK","borough":"Manhattan","zip":"10025","type":"sidewalk","status":"Issued","licenseIssued":"2026-07-21","licenseExpires":"2030-07-21","nta":"MN0702","bbl":"1012390023","sid":["row-qm47~wj5m-gudj"]}},{"type":"Feature","id":"eoy-7cc3095929bb","geometry":{"type":"Point","coordinates":[-73.982150447938,40.771505659686]},"properties":{"id":"eoy-7cc3095929bb","name":"THE SMITH","legalName":"TS3 HOSPITALITY LLC","street":"1900 BROADWAY","neighborhood":"NEW YORK","borough":"Manhattan","zip":"10023","type":"sidewalk","status":"Issued","licenseIssued":"2026-07-20","licenseExpires":"2030-07-20","nta":"MN0701","bbl":"1011167501","sid":["row-hz4x~uxu9_f9uw"]}},{"type":"Feature","id":"eoy-7cd872eed15f","geometry":{"type":"Point","coordinates":[-74.005546331865,40.738369429924]},"properties":{"id":"eoy-7cd872eed15f","name":"CAFE LUNA","legalName":"W&J CAFE INC","street":"628 HUDSON STREET","neighborhood":"NEW YORK","borough":"Manhattan","zip":"10014","type":"sidewalk","status":"Issued","licenseIssued":"2026-07-21","licenseExpires":"2030-07-21","nta":"MN0203","bbl":"1006260023","sid":["row-rg3f~c696.acmu"]}},{"type":"Feature","id":"eoy-7ce65ca7d8a5","geometry":{"type":"Point","coordinates":[-73.988813578204,40.716578321536]},"properties":{"id":"eoy-7ce65ca7d8a5","name":"KOSSAR'S","legalName":"KOSSAR & BEYOND LLC","street":"367 GRAND STREET","neighborhood":"NEW YORK","borough":"Manhattan","zip":"10002","type":"sidewalk","status":"Issued","licenseIssued":"2026-06-12","licenseExpires":"2030-06-12","nta":"MN0302","bbl":"1003110013","sid":["row-y75q.z2wu_vmsq"]}},{"type":"Feature","id":"eoy-7d5268ad283c","geometry":{"type":"Point","coordinates":[-73.992993104409,40.729877048594]},"properties":{"id":"eoy-7d5268ad283c","name":"THE DONUT PUB","legalName":"ASTOR PLACE DONUTS LLC","street":"740 BROADWAY","neighborhood":"NEW YORK","borough":"Manhattan","zip":"10003","type":"sidewalk","status":"Issued","licenseIssued":"2026-08-07","licenseExpires":"2030-08-07","nta":"MN0202","bbl":"1005450026","sid":["row-j8mm~hah8.ug5h"]}},{"type":"Feature","id":"eoy-7d9f9af80d0c","geometry":{"type":"Point","coordinates":[-73.983613967714,40.678422619897]},"properties":{"id":"eoy-7d9f9af80d0c","name":"LUCKY 13 SALOON","legalName":"Team Metal LLC","street":"644 SACKETT STREET","neighborhood":"BROOKLYN","borough":"Brooklyn","zip":"11217","type":"roadway","status":"Issued","licenseIssued":"2026-05-08","licenseExpires":"2030-05-08","nta":"BK0601","bbl":"3004340029","sid":["row-xuz5.5yek.xeqv"]}},{"type":"Feature","id":"eoy-7da904c1de26","geometry":{"type":"Point","coordinates":[-73.993194792899,40.733428786732]},"properties":{"id":"eoy-7da904c1de26","name":"VILLAGE TAVERNA","legalName":"CGP ENTERPRISES, INC.","street":"81 UNIVERSITY PLACE","neighborhood":"NEW YORK","borough":"Manhattan","zip":"10003","type":"both","status":"Issued","licenseIssued":"2026-05-29","licenseExpires":"2030-05-29","nta":"MN0202","bbl":"1005630001","sid":["row-6mja-5ufi~wtuv","row-dixs~ceby_7as3"]}},{"type":"Feature","id":"eoy-7df1c6f69f4d","geometry":{"type":"Point","coordinates":[-73.917863036128,40.746533280431]},"properties":{"id":"eoy-7df1c6f69f4d","name":"CLARET WINE BAR","legalName":"46-02 SKILLMAN CAFE LLC","street":"46-02 SKILLMAN AVENUE","neighborhood":"SUNNYSIDE","borough":"Queens","zip":"11104","type":"sidewalk","status":"Issued","licenseIssued":"2025-01-15","licenseExpires":"2029-01-15","nta":"QN0202","bbl":"4001370027","sid":["row-7jv2~z2c7~8f2m"]}},{"type":"Feature","id":"eoy-7e0bcce63664","geometry":{"type":"Point","coordinates":[-74.005658148288,40.737801258392]},"properties":{"id":"eoy-7e0bcce63664","name":"FELICE ON HUDSON","legalName":"FELICE HUDSON, LLC","street":"615 HUDSON STREET","neighborhood":"NEW YORK","borough":"Manhattan","zip":"10014","type":"sidewalk","status":"Issued","licenseIssued":"2026-06-12","licenseExpires":"2030-06-12","nta":"MN0203","bbl":"1006250013","sid":["row-8rdk_87vn-xbtj"]}},{"type":"Feature","id":"eoy-7e29ab8a2a8c","geometry":{"type":"Point","coordinates":[-73.986648683307,40.736900338471]},"properties":{"id":"eoy-7e29ab8a2a8c","name":"FRIEND OF A FARMER","legalName":"FRIEND OF A FARMER CORP.","street":"77 IRVING PLACE","neighborhood":"NEW YORK","borough":"Manhattan","zip":"10003","type":"roadway","status":"Issued","licenseIssued":"2026-05-08","licenseExpires":"2030-05-08","nta":"MN0602","bbl":"1008740065","sid":["row-5f8j-yezb_hs27"]}},{"type":"Feature","id":"eoy-7e4304fdab41","geometry":{"type":"Point","coordinates":[-73.950662376342,40.779371146093]},"properties":{"id":"eoy-7e4304fdab41","name":"CAFE D'ALSACE","legalName":"SIMPLE FOODS LLC","street":"1705 2 AVENUE","neighborhood":"NEW YORK","borough":"Manhattan","zip":"10128","type":"sidewalk","status":"Issued","licenseIssued":"2026-04-24","licenseExpires":"2030-04-24","nta":"MN0803","bbl":"1015340024","sid":["row-m872.9y2b~bs73"]}},{"type":"Feature","id":"eoy-7e44ed9c02be","geometry":{"type":"Point","coordinates":[-73.978805097887,40.778295614213]},"properties":{"id":"eoy-7e44ed9c02be","name":"ARTE CAFE / EL COCO","legalName":"WESTSIDE TOMATO, INC","street":"104 WEST 73 STREET","neighborhood":"NEW YORK","borough":"Manhattan","zip":"10023","type":"roadway","status":"Issued","licenseIssued":"2026-03-20","licenseExpires":"2030-03-20","nta":"MN0701","bbl":"1011440134","sid":["row-fhae-q5gj.7fj3"]}},{"type":"Feature","id":"eoy-7e4f7a0e9a8b","geometry":{"type":"Point","coordinates":[-74.004850496297,40.746762945523]},"properties":{"id":"eoy-7e4f7a0e9a8b","name":"PEPE GIALLO","legalName":"SONNY LOU INC","street":"195 10 AVENUE","neighborhood":"NEW YORK","borough":"Manhattan","zip":"10011","type":"sidewalk","status":"Issued","licenseIssued":"2025-12-12","licenseExpires":"2029-12-12","nta":"MN0401","bbl":"1006930036","sid":["row-vwmc~e4av~t9k7"]}},{"type":"Feature","id":"eoy-7e5065afe25e","geometry":{"type":"Point","coordinates":[-73.994775821448,40.725754505259]},"properties":{"id":"eoy-7e5065afe25e","name":"BITE","legalName":"CONVENTIONAL DELIGHTS INC","street":"333 LAFAYETTE STREET","neighborhood":"NEW YORK","borough":"Manhattan","zip":"10012","type":"roadway","status":"Issued","licenseIssued":"2026-06-12","licenseExpires":"2030-06-12","nta":"MN0202","bbl":"1005220036","sid":["row-ztb4.4um3.bhsn"]}},{"type":"Feature","id":"eoy-7e64d349dc95","geometry":{"type":"Point","coordinates":[-73.987492338112,40.702453599978]},"properties":{"id":"eoy-7e64d349dc95","name":"LOS TACOS AL PASTOR","legalName":"PEARL AND FRONT CORP.","street":"141 FRONT STREET","neighborhood":"BROOKLYN","borough":"Brooklyn","zip":"11201","type":"both","status":"Issued","licenseIssued":"2026-06-19","licenseExpires":"2030-06-19","nta":"BK0202","bbl":"3000400001","sid":["row-hbtv_46ap.c5dj","row-nm24.7qjk~in4a"]}},{"type":"Feature","id":"eoy-7e792955748d","geometry":{"type":"Point","coordinates":[-73.979342023471,40.781734888276]},"properties":{"id":"eoy-7e792955748d","name":"CHIRPING CHICKEN","legalName":"DLS CHICKEN CORP.","street":"355 AMSTERDAM AVENUE","neighborhood":"NEW YORK","borough":"Manhattan","zip":"10024","type":"sidewalk","status":"Issued","licenseIssued":"2026-08-14","licenseExpires":"2030-08-14","nta":"MN0702","bbl":"1011480061","sid":["row-dp3r~wnx4.4bav"]}},{"type":"Feature","id":"eoy-7ea3270e7bd7","geometry":{"type":"Point","coordinates":[-73.772388957391,40.7662776594]},"properties":{"id":"eoy-7ea3270e7bd7","name":"MARIA'S","legalName":"KYMA CORP","street":"38-11 BELL BOULEVARD","neighborhood":"BAYSIDE","borough":"Queens","zip":"11361","type":"sidewalk","status":"Issued","licenseIssued":"2026-09-25","licenseExpires":"2030-09-25","nta":"QN1102","bbl":"4062380014","sid":["row-c534-b6ni~4nqv"]}},{"type":"Feature","id":"eoy-7ed557cbd7cc","geometry":{"type":"Point","coordinates":[-73.988310952975,40.723407253161]},"properties":{"id":"eoy-7ed557cbd7cc","name":"LUCIEN","legalName":"REQUISITE BOOTIE, INC.","street":"14 1 AVENUE","neighborhood":"NEW YORK","borough":"Manhattan","zip":"10009","type":"sidewalk","status":"Issued","licenseIssued":"2026-05-15","licenseExpires":"2030-05-15","nta":"MN0303","bbl":"1004290002","sid":["row-2282~4sxd-prfv"]}},{"type":"Feature","id":"eoy-7eed069892a1","geometry":{"type":"Point","coordinates":[-73.957887157177,40.711721128031]},"properties":{"id":"eoy-7eed069892a1","name":"L'INDUSTRIE PIZZERIA","legalName":"F & M INDUSTRIE CORP","street":"254 SOUTH 2 STREET","neighborhood":"BROOKLYN","borough":"Brooklyn","zip":"11211","type":"roadway","status":"Issued","licenseIssued":"2025-05-09","licenseExpires":"2029-05-09","nta":"BK0102","bbl":"3024200022","sid":["row-9fdw.t2fm_ih4q"]}},{"type":"Feature","id":"eoy-7eede812a691","geometry":{"type":"Point","coordinates":[-73.985402368383,40.726835133231]},"properties":{"id":"eoy-7eede812a691","name":"7TH STREET BURGER","legalName":"TPK HOLDINGS LLC","street":"91 EAST 7 STREET","neighborhood":"NEW YORK","borough":"Manhattan","zip":"10009","type":"roadway","status":"Issued","licenseIssued":"2026-02-27","licenseExpires":"2030-02-27","nta":"MN0303","bbl":"1004350001","sid":["row-6say.cauz-t2mm"]}},{"type":"Feature","id":"eoy-7f4559ac118f","geometry":{"type":"Point","coordinates":[-73.956391609904,40.775500616967]},"properties":{"id":"eoy-7f4559ac118f","name":"FLEX MUSSELS","legalName":"FLEX AND THE CITY LLC","street":"1431 3 AVENUE","neighborhood":"NEW YORK","borough":"Manhattan","zip":"10028","type":"sidewalk","status":"Issued","licenseIssued":"2026-07-03","licenseExpires":"2030-07-03","nta":"MN0803","bbl":"1015260045","sid":["row-kdbt.unnn_i8ry"]}},{"type":"Feature","id":"eoy-7f702a9053e5","geometry":{"type":"Point","coordinates":[-73.98736547288,40.66787491869]},"properties":{"id":"eoy-7f702a9053e5","name":"SKYLARK","legalName":"SNOWDAY LLC","street":"477 5 AVENUE","neighborhood":"BROOKLYN","borough":"Brooklyn","zip":"11215","type":"sidewalk","status":"Issued","licenseIssued":"2026-04-17","licenseExpires":"2030-04-17","nta":"BK0602","bbl":"3010230011","sid":["row-ksaz_hvth~gxw2"]}},{"type":"Feature","id":"eoy-7facedaf7eab","geometry":{"type":"Point","coordinates":[-73.963937246851,40.802879384567]},"properties":{"id":"eoy-7facedaf7eab","name":"MARLOW BISTRO","legalName":"MADREL LLC","street":"1018 AMSTERDAM AVENUE","neighborhood":"NEW YORK","borough":"Manhattan","zip":"10025","type":"sidewalk","status":"Issued","licenseIssued":"2026-01-16","licenseExpires":"2030-01-16","nta":"MN0703","bbl":"1018810035","sid":["row-2wxt-gzyy_i47h"]}},{"type":"Feature","id":"eoy-7fbe890264db","geometry":{"type":"Point","coordinates":[-73.959839562885,40.72205039226]},"properties":{"id":"eoy-7fbe890264db","name":"KOKOMO","legalName":"KOKOMO RESTAURANT LLC","street":"65 KENT AVENUE","neighborhood":"BROOKLYN","borough":"Brooklyn","zip":"11249","type":"sidewalk","status":"Issued","licenseIssued":"2026-05-29","licenseExpires":"2030-05-29","nta":"BK0102","bbl":"3022950001","sid":["row-uvc7~ut7v_cbc7"]}},{"type":"Feature","id":"eoy-7fe23694eee7","geometry":{"type":"Point","coordinates":[-73.95179687741,40.723727091717]},"properties":{"id":"eoy-7fe23694eee7","name":"RAY'S HOMETOWN BAR","legalName":"905 LORIMER F&B LLC","street":"905 LORIMER STREET","neighborhood":"BROOKLYN","borough":"Brooklyn","zip":"11222","type":"both","status":"Issued","licenseIssued":"2026-05-01","licenseExpires":"2030-05-01","nta":"BK0101","bbl":"3026440041","sid":["row-hu5v-uqmv-9389","row-q25m_awic_c6fv"]}},{"type":"Feature","id":"eoy-8022b2d1dee0","geometry":{"type":"Point","coordinates":[-74.001479484984,40.737562593942]},"properties":{"id":"eoy-8022b2d1dee0","name":"MINO BRASSERIE","legalName":"MINO WINE BAR, LLC","street":"225 WEST 12 STREET","neighborhood":"NEW YORK","borough":"Manhattan","zip":"10011","type":"sidewalk","status":"Issued","licenseIssued":"2026-06-12","licenseExpires":"2030-06-12","nta":"MN0203","bbl":"1006170021","sid":["row-czpr-chnt-hc6f"]}},{"type":"Feature","id":"eoy-80273bcaa47c","geometry":{"type":"Point","coordinates":[-73.998658206981,40.693009182027]},"properties":{"id":"eoy-80273bcaa47c","name":"RIVER DELI","legalName":"A& G RIVER DELI LLC","street":"2834 COLUMBIA PLACE","neighborhood":"BROOKLYN","borough":"Brooklyn","zip":"11201","type":"sidewalk","status":"Issued","licenseIssued":"2026-05-29","licenseExpires":"2030-05-29","nta":"BK0201","bbl":null,"sid":["row-cqig_cn6t-v5e4"]}},{"type":"Feature","id":"eoy-80293807bc8a","geometry":{"type":"Point","coordinates":[-74.010036320129,40.72085203149]},"properties":{"id":"eoy-80293807bc8a","name":"GREENWICH STREET TAVERN","legalName":"GST399 INC.","street":"399 GREENWICH STREET","neighborhood":"NEW YORK","borough":"Manhattan","zip":"10013","type":"sidewalk","status":"Issued","licenseIssued":"2026-01-09","licenseExpires":"2030-01-09","nta":"MN0102","bbl":"1002140002","sid":["row-wubg_igmf.4hkd"]}},{"type":"Feature","id":"eoy-8036acb8ebd8","geometry":{"type":"Point","coordinates":[-73.98449801895,40.736985155694]},"properties":{"id":"eoy-8036acb8ebd8","name":"BARFLY","legalName":"IOTA 244 CORP","street":"244 3 AVENUE","neighborhood":"NEW YORK","borough":"Manhattan","zip":"10010","type":"both","status":"Issued","licenseIssued":"2026-08-27","licenseExpires":"2030-08-27","nta":"MN0602","bbl":"1008767502","sid":["row-cqvj~ehw8_i8xw","row-u8ni_8ksa.mn4v"]}},{"type":"Feature","id":"eoy-805197379b02","geometry":{"type":"Point","coordinates":[-73.94783880811,40.715013465769]},"properties":{"id":"eoy-805197379b02","name":"HUDA","legalName":"SAINT JANE LLC","street":"312 LEONARD STREET","neighborhood":"BROOKLYN","borough":"Brooklyn","zip":"11211","type":"sidewalk","status":"Issued","licenseIssued":"2025-06-13","licenseExpires":"2029-06-13","nta":"BK0104","bbl":"3027530001","sid":["row-rq3z~t65a-tjgv"]}},{"type":"Feature","id":"eoy-805221be4989","geometry":{"type":"Point","coordinates":[-74.00200273222,40.738051153937]},"properties":{"id":"eoy-805221be4989","name":"SAN SABINO","legalName":"SAINT SABINO LLC","street":"113 GREENWICH AVENUE","neighborhood":"NEW YORK","borough":"Manhattan","zip":"10014","type":"both","status":"Issued","licenseIssued":"2026-03-06","licenseExpires":"2030-03-06","nta":"MN0203","bbl":"1006150076","sid":["row-vixh_3rbs-26ex","row-zn9i-ssw5_9aqp"]}},{"type":"Feature","id":"eoy-806080d621d7","geometry":{"type":"Point","coordinates":[-74.000205654256,40.72780221957]},"properties":{"id":"eoy-806080d621d7","name":"POPUP BAGELS","legalName":"POPUP BAGELS INC","street":"177 THOMPSON STREET","neighborhood":"NEW YORK","borough":"Manhattan","zip":"10012","type":"roadway","status":"Issued","licenseIssued":"2025-10-24","licenseExpires":"2029-10-24","nta":"MN0202","bbl":"1005257503","sid":["row-y3tt.j2rk_44t5"]}},{"type":"Feature","id":"eoy-80b835ddfb2a","geometry":{"type":"Point","coordinates":[-73.960728040102,40.714272026783]},"properties":{"id":"eoy-80b835ddfb2a","name":"GARDEN CARVER","legalName":"NEW YORK EVENTS, INC.","street":"187 GRAND STREET","neighborhood":"BROOKLYN","borough":"Brooklyn","zip":"11211","type":"sidewalk","status":"Issued","licenseIssued":"2025-12-19","licenseExpires":"2029-12-19","nta":"BK0102","bbl":"3023810006","sid":["row-f8pc-v3w6~4ug2"]}},{"type":"Feature","id":"eoy-80c87bc3f0e7","geometry":{"type":"Point","coordinates":[-73.986045291374,40.740602952637]},"properties":{"id":"eoy-80c87bc3f0e7","name":"TATTE BAKERY & CAFE","legalName":"TATTE HOLDINGS, LLC","street":"315 PARK AVENUE SOUTH","neighborhood":"NEW YORK","borough":"Manhattan","zip":"10010","type":"sidewalk","status":"Issued","licenseIssued":"2026-08-21","licenseExpires":"2030-08-21","nta":"MN0602","bbl":"1008790081","sid":["row-gs7n.2dsx.ecr8"]}},{"type":"Feature","id":"eoy-80cc4ddacc81","geometry":{"type":"Point","coordinates":[-74.000212847084,40.720594462281]},"properties":{"id":"eoy-80cc4ddacc81","name":"LE BOTANISTE","legalName":"BOTANICUS GRAND, INC","street":"127 GRAND STREET","neighborhood":"NEW YORK","borough":"Manhattan","zip":"10013","type":"roadway","status":"Issued","licenseIssued":"2025-08-15","licenseExpires":"2029-08-15","nta":"MN0201","bbl":"1002320013","sid":["row-twt4~7xhi_7wcb"]}},{"type":"Feature","id":"eoy-80cf8068ad92","geometry":{"type":"Point","coordinates":[-73.985945442586,40.734965195748]},"properties":{"id":"eoy-80cf8068ad92","name":"FOLLIA","legalName":"179 3RD AVENUE LLC","street":"179 3 AVENUE","neighborhood":"NEW YORK","borough":"Manhattan","zip":"10003","type":"both","status":"Issued","licenseIssued":"2026-05-29","licenseExpires":"2030-05-29","nta":"MN0602","bbl":"1008970075","sid":["row-5mcu_rt6v_a842","row-qs52~p47a~3v3i"]}},{"type":"Feature","id":"eoy-810a246281bb","geometry":{"type":"Point","coordinates":[-73.945186317561,40.80815834801]},"properties":{"id":"eoy-810a246281bb","name":"RED ROOSTER HARLEM / GINNY'S SUPPER CLUB","legalName":"RED ROOSTER HARLEM LLC","street":"310 LENOX AVENUE","neighborhood":"NEW YORK","borough":"Manhattan","zip":"10027","type":"sidewalk","status":"Issued","licenseIssued":"2026-08-14","licenseExpires":"2030-08-14","nta":"MN1001","bbl":"1017230069","sid":["row-shse_2abb~amyi"]}},{"type":"Feature","id":"eoy-810ba7e739a1","geometry":{"type":"Point","coordinates":[-73.965058096131,40.759641632494]},"properties":{"id":"eoy-810ba7e739a1","name":"KURANT","legalName":"Babic 1091, INC.","street":"1091 2 AVENUE","neighborhood":"NEW YORK","borough":"Manhattan","zip":"10022","type":"sidewalk","status":"Issued","licenseIssued":"2026-05-15","licenseExpires":"2030-05-15","nta":"MN0604","bbl":"1013310124","sid":["row-dymx~s9pj_u9zg"]}},{"type":"Feature","id":"eoy-8126b357a79d","geometry":{"type":"Point","coordinates":[-73.961105627893,40.660850616976]},"properties":{"id":"eoy-8126b357a79d","name":"TAQUERIA EL PATRON","legalName":"CUP CAKES BY BRENDA GRILL, CORP","street":"51 LINCOLN ROAD","neighborhood":"BROOKLYN","borough":"Brooklyn","zip":"11225","type":"sidewalk","status":"Issued","licenseIssued":"2026-07-20","licenseExpires":"2030-07-20","nta":"BK0902","bbl":"3050240067","sid":["row-pr8z_dztn.zfmi"]}},{"type":"Feature","id":"eoy-813922049542","geometry":{"type":"Point","coordinates":[-74.003737975925,40.729926607476]},"properties":{"id":"eoy-813922049542","name":"THE GREY DOG","legalName":"grey dog carmine inc","street":"49 CARMINE STREET","neighborhood":"NEW YORK","borough":"Manhattan","zip":"10014","type":"both","status":"Issued","licenseIssued":"2026-08-14","licenseExpires":"2030-08-14","nta":"MN0203","bbl":"1005860042","sid":["row-4k5m-yxtm~4apy","row-mw8q~557f_mmid"]}},{"type":"Feature","id":"eoy-817181d53884","geometry":{"type":"Point","coordinates":[-73.97959646179,40.776289342252]},"properties":{"id":"eoy-817181d53884","name":"MANNY'S BISTRO","legalName":"225 COLUMBUS RST. CORP","street":"225 COLUMBUS AVENUE","neighborhood":"NEW YORK","borough":"Manhattan","zip":"10023","type":"both","status":"Issued","licenseIssued":"2026-03-13","licenseExpires":"2030-03-13","nta":"MN0701","bbl":"1011230003","sid":["row-f69q~4kfz.rgb5","row-sxen.2ra7~u3x4"]}},{"type":"Feature","id":"eoy-81af4625d4b1","geometry":{"type":"Point","coordinates":[-73.985617855678,40.731394216196]},"properties":{"id":"eoy-81af4625d4b1","name":"LITTLE POLAND","legalName":"LITTLE POLAND LLC","street":"200 2 AVENUE","neighborhood":"NEW YORK","borough":"Manhattan","zip":"10003","type":"sidewalk","status":"Issued","licenseIssued":"2026-02-13","licenseExpires":"2030-02-13","nta":"MN0303","bbl":"1004540004","sid":["row-p9vd~yjdf_ybtg"]}},{"type":"Feature","id":"eoy-81b446737101","geometry":{"type":"Point","coordinates":[-73.9908983996,40.744588835621]},"properties":{"id":"eoy-81b446737101","name":"THE GREY DOG","legalName":"THE GREY DOG FLATIRON INC","street":"55 WEST 26 STREET","neighborhood":"NEW YORK","borough":"Manhattan","zip":"10010","type":"both","status":"Issued","licenseIssued":"2025-10-24","licenseExpires":"2029-10-24","nta":"MN0501","bbl":"1008280001","sid":["row-b878~dvwm~34we","row-ncgp~qnmc-23sj"]}},{"type":"Feature","id":"eoy-81d34dadb759","geometry":{"type":"Point","coordinates":[-73.934625641193,40.850281841919]},"properties":{"id":"eoy-81d34dadb759","name":"BURGER AND PIZZA HEIGHTS","legalName":"BURGER HEIGHTS LLC","street":"177 WADSWORTH AVENUE","neighborhood":"NEW YORK","borough":"Manhattan","zip":"10033","type":"sidewalk","status":"Issued","licenseIssued":"2026-05-08","licenseExpires":"2030-05-08","nta":"MN1202","bbl":"1021650004","sid":["row-3ujb~d4n5-drth"]}},{"type":"Feature","id":"eoy-81e2f97f045b","geometry":{"type":"Point","coordinates":[-73.969655102867,40.795044780753]},"properties":{"id":"eoy-81e2f97f045b","name":"PICO DE GALLO BAR & KITCHEN","legalName":"RINCON MEXICANO INC","street":"768 AMSTERDAM AVENUE","neighborhood":"NEW YORK","borough":"Manhattan","zip":"10025","type":"sidewalk","status":"Issued","licenseIssued":"2026-06-12","licenseExpires":"2030-06-12","nta":"MN0702","bbl":"1018690033","sid":["row-ztya~r765-v5fa"]}},{"type":"Feature","id":"eoy-81e5122b71d1","geometry":{"type":"Point","coordinates":[-73.983504989493,40.725284083095]},"properties":{"id":"eoy-81e5122b71d1","name":"NOWON","legalName":"NOWON INC","street":"507 E 6TH ST","neighborhood":"NEW YORK","borough":"Manhattan","zip":"10009","type":"both","status":"Issued","licenseIssued":"2025-08-15","licenseExpires":"2029-08-15","nta":"MN0303","bbl":"1004020062","sid":["row-x7ws-baej_22t8","row-zafx_x7z8~q9uw"]}},{"type":"Feature","id":"eoy-81e7972cc4c0","geometry":{"type":"Point","coordinates":[-73.953309658977,40.778540592859]},"properties":{"id":"eoy-81e7972cc4c0","name":"MIMI'S PIZZA","legalName":"MIMI 86 CORP","street":"217 EAST 86 STREET","neighborhood":"NEW YORK","borough":"Manhattan","zip":"10028","type":"sidewalk","status":"Issued","licenseIssued":"2026-08-28","licenseExpires":"2030-08-28","nta":"MN0803","bbl":"1015320010","sid":["row-cwbk.ay7c-qawd"]}},{"type":"Feature","id":"eoy-81ec41f7a639","geometry":{"type":"Point","coordinates":[-73.9829854305,40.767635680283]},"properties":{"id":"eoy-81ec41f7a639","name":"BROAD NOSH BAGELS","legalName":"SULTAN & SON'S DELICATESSEN INC","street":"314 WEST 58 STREET","neighborhood":"NEW YORK","borough":"Manhattan","zip":"10019","type":"roadway","status":"Issued","licenseIssued":"2025-09-19","licenseExpires":"2029-09-19","nta":"MN0402","bbl":"1010480041","sid":["row-bmi4_n5hk~83x9"]}},{"type":"Feature","id":"eoy-823e31cba139","geometry":{"type":"Point","coordinates":[-73.957205145531,40.712140825287]},"properties":{"id":"eoy-823e31cba139","name":"BANTER","legalName":"ANFIELD ROAD, INC","street":"132 HAVEMEYER STREET","neighborhood":"BROOKLYN","borough":"Brooklyn","zip":"11211","type":"sidewalk","status":"Issued","licenseIssued":"2026-06-25","licenseExpires":"2030-06-25","nta":"BK0102","bbl":"3024087504","sid":["row-he67.kzc6~jyhe"]}},{"type":"Feature","id":"eoy-82a3179589c5","geometry":{"type":"Point","coordinates":[-74.002222866494,40.738473843476]},"properties":{"id":"eoy-82a3179589c5","name":"A SALT & BATTERY","legalName":"A SALT & BATTERY, LLC","street":"112 GREENWICH AVENUE","neighborhood":"NEW YORK","borough":"Manhattan","zip":"10011","type":"roadway","status":"Issued","licenseIssued":"2025-07-03","licenseExpires":"2029-07-03","nta":"MN0203","bbl":"1006170036","sid":["row-bk4h.6cdk_krhb"]}},{"type":"Feature","id":"eoy-82caab0cf6d8","geometry":{"type":"Point","coordinates":[-74.003308706172,40.731779337195]},"properties":{"id":"eoy-82caab0cf6d8","name":"BLIND TIGER","legalName":"TIGER ALE LLC","street":"281 BLEECKER STREET","neighborhood":"NEW YORK","borough":"Manhattan","zip":"10014","type":"both","status":"Issued","licenseIssued":"2026-06-03","licenseExpires":"2030-06-03","nta":"MN0203","bbl":"1005900049","sid":["row-2p8x_nkvw_xtvh","row-qqqe-hfam-75tm"]}},{"type":"Feature","id":"eoy-8318844a5d2d","geometry":{"type":"Point","coordinates":[-73.937080194676,40.709213858442]},"properties":{"id":"eoy-8318844a5d2d","name":"THE ANCHORED INN","legalName":"MICADO BROOKLYN LLC","street":"57 WATERBURY STREET","neighborhood":"BROOKLYN","borough":"Brooklyn","zip":"11206","type":"sidewalk","status":"Issued","licenseIssued":"2026-05-01","licenseExpires":"2030-05-01","nta":"BK0104","bbl":"3030460035","sid":["row-2nfy~d923_uivk"]}},{"type":"Feature","id":"eoy-8319a3186c78","geometry":{"type":"Point","coordinates":[-73.922187604932,40.838021590755]},"properties":{"id":"eoy-8319a3186c78","name":"CREDIT LIFE BAR & GRILL","legalName":"ANGEL L PEREZ","street":"1275 EDWARD L GRANT HIGHWAY","neighborhood":"BRONX","borough":"Bronx","zip":"10452","type":"sidewalk","status":"Issued","licenseIssued":"2026-07-24","licenseExpires":"2030-07-24","nta":"BX0402","bbl":"2025060104","sid":["row-8zrf_pes4-6ki7"]}},{"type":"Feature","id":"eoy-837732d9cd7e","geometry":{"type":"Point","coordinates":[-73.965720252196,40.805490185201]},"properties":{"id":"eoy-837732d9cd7e","name":"TOM'S RESTAURANT","legalName":"EFTIHIA REST INC.","street":"2880 BROADWAY","neighborhood":"NEW YORK","borough":"Manhattan","zip":"10025","type":"sidewalk","status":"Issued","licenseIssued":"2026-04-17","licenseExpires":"2030-04-17","nta":"MN0901","bbl":"1018840001","sid":["row-ctdm~avuf-q6qe"]}},{"type":"Feature","id":"eoy-83b28a723320","geometry":{"type":"Point","coordinates":[-73.976553043218,40.785590729926]},"properties":{"id":"eoy-83b28a723320","name":"FRED'S","legalName":"476 AMSTERDAM LLC","street":"476 AMSTERDAM AVENUE","neighborhood":"NEW YORK","borough":"Manhattan","zip":"10024","type":"sidewalk","status":"Issued","licenseIssued":"2026-07-31","licenseExpires":"2030-07-31","nta":"MN0702","bbl":"1012300133","sid":["row-wa5g~v44y.vv9w"]}},{"type":"Feature","id":"eoy-83bc24cb16d2","geometry":{"type":"Point","coordinates":[-73.969775929102,40.764796804062]},"properties":{"id":"eoy-83bc24cb16d2","name":"SERAFINA ALWAYS","legalName":"SOFIA 61ST STREET CORP","street":"33 EAST 61 ST STREET","neighborhood":"NEW YORK","borough":"Manhattan","zip":"10065","type":"both","status":"Issued","licenseIssued":"2026-08-28","licenseExpires":"2030-08-28","nta":"MN0802","bbl":null,"sid":["row-ethw_46ui~chq5","row-ikgv~aq2g-jesh"]}},{"type":"Feature","id":"eoy-83d9d057b014","geometry":{"type":"Point","coordinates":[-74.011033245601,40.706546204504]},"properties":{"id":"eoy-83d9d057b014","name":"BLUE BOTTLE COFFEE","legalName":"BLUE BOTTLE COFFEE, INC","street":"20 BROAD ST","neighborhood":"NEW YORK","borough":"Manhattan","zip":"10005","type":"sidewalk","status":"Issued","licenseIssued":"2026-08-07","licenseExpires":"2030-08-07","nta":"MN0101","bbl":"1000230050","sid":["row-p82i~6n86_ian5"]}},{"type":"Feature","id":"eoy-83ffd01818f7","geometry":{"type":"Point","coordinates":[-73.873268797929,40.760576068824]},"properties":{"id":"eoy-83ffd01818f7","name":"LA KUCHARA","legalName":"ESQUINA 96, INC","street":"95-07 31 AVENUE","neighborhood":"EAST ELMHURST","borough":"Queens","zip":"11369","type":"sidewalk","status":"Issued","licenseIssued":"2026-04-17","licenseExpires":"2030-04-17","nta":"QN0302","bbl":"4013930045","sid":["row-q6td_wdah_rixg"]}},{"type":"Feature","id":"eoy-8440952f7232","geometry":{"type":"Point","coordinates":[-73.983990757676,40.760551605711]},"properties":{"id":"eoy-8440952f7232","name":"PLAYWRIGHT CELTIC PUB","legalName":"202 W. 49TH PUB INC.","street":"202 WEST 49 STREET","neighborhood":"NEW YORK","borough":"Manhattan","zip":"10019","type":"roadway","status":"Issued","licenseIssued":"2026-01-02","licenseExpires":"2030-01-02","nta":"MN0502","bbl":"1010200136","sid":["row-v6vd.9549~kay2"]}},{"type":"Feature","id":"eoy-845fa184853f","geometry":{"type":"Point","coordinates":[-73.994383683473,40.712532940524]},"properties":{"id":"eoy-845fa184853f","name":"CELLAR 36","legalName":"NF CELLAR INC","street":"36 MARKET STREET","neighborhood":"NEW YORK","borough":"Manhattan","zip":"10002","type":"both","status":"Issued","licenseIssued":"2025-10-10","licenseExpires":"2029-10-10","nta":"MN0301","bbl":"1002750025","sid":["row-kv8g-kmt7.rhep","row-uba2.zrkd_wza2"]}},{"type":"Feature","id":"eoy-8486caea1eaa","geometry":{"type":"Point","coordinates":[-74.014445624657,40.708074662389]},"properties":{"id":"eoy-8486caea1eaa","name":"CLINTON HALL","legalName":"CLINTON HALL HOLDINGS, LLC","street":"90 WASHINGTON STREET","neighborhood":"NEW YORK","borough":"Manhattan","zip":"10006","type":"roadway","status":"Issued","licenseIssued":"2026-05-15","licenseExpires":"2030-05-15","nta":"MN0101","bbl":"1000170029","sid":["row-7h9k.tzx3_9et2"]}},{"type":"Feature","id":"eoy-84aba709540e","geometry":{"type":"Point","coordinates":[-73.925120243355,40.756545646734]},"properties":{"id":"eoy-84aba709540e","name":"SAC'S PLACE","legalName":"ANTHONY & DOMENICO INC","street":"35-11 35 AVENUE","neighborhood":"ASTORIA","borough":"Queens","zip":"11106","type":"sidewalk","status":"Issued","licenseIssued":"2026-07-31","licenseExpires":"2030-07-31","nta":"QN0103","bbl":"4006430001","sid":["row-4q94_3vda.75n3"]}},{"type":"Feature","id":"eoy-84b3ebd83364","geometry":{"type":"Point","coordinates":[-74.005852933681,40.736958606135]},"properties":{"id":"eoy-84b3ebd83364","name":"BUS STOP CAFE","legalName":"RESTAURANT 597 INC","street":"597 HUDSON STREET","neighborhood":"NEW YORK","borough":"Manhattan","zip":"10014","type":"sidewalk","status":"Issued","licenseIssued":"2026-08-07","licenseExpires":"2030-08-07","nta":"MN0203","bbl":"1006240021","sid":["row-675g-349p_kcmk"]}},{"type":"Feature","id":"eoy-84b8845df073","geometry":{"type":"Point","coordinates":[-74.000407691507,40.726331024424]},"properties":{"id":"eoy-84b8845df073","name":"SADELLE'S","legalName":"MAJOR DOUGH SOHO 463 LLC","street":"463 WEST BROADWAY","neighborhood":"NEW YORK","borough":"Manhattan","zip":"10012","type":"both","status":"Issued","licenseIssued":"2026-08-07","licenseExpires":"2030-08-07","nta":"MN0201","bbl":"1005150007","sid":["row-utir-pyhy.jjwq","row-ymih_ebgy~a8mn"]}},{"type":"Feature","id":"eoy-84cc2ca565aa","geometry":{"type":"Point","coordinates":[-73.959742782664,40.715067668149]},"properties":{"id":"eoy-84cc2ca565aa","name":"TACOMBI","legalName":"CENADURIA LA PALMERA REAL LLC","street":"242 METROPOLITAN AVENUE","neighborhood":"BROOKLYN","borough":"Brooklyn","zip":"11211","type":"sidewalk","status":"Issued","licenseIssued":"2026-08-14","licenseExpires":"2030-08-14","nta":"BK0102","bbl":"3023660016","sid":["row-xgsi.h67i.sgdw"]}},{"type":"Feature","id":"eoy-84d7073e4c6e","geometry":{"type":"Point","coordinates":[-74.001533409377,40.72877111183]},"properties":{"id":"eoy-84d7073e4c6e","name":"DANTE","legalName":"DANTE GROVE ST LLC","street":"79 MACDOUGAL STREET","neighborhood":"NEW YORK","borough":"Manhattan","zip":"10012","type":"both","status":"Issued","licenseIssued":"2026-04-17","licenseExpires":"2030-04-17","nta":"MN0202","bbl":"1005260028","sid":["row-prj2~7y79~c6w8","row-q4nb-nznf_87uu"]}},{"type":"Feature","id":"eoy-84ee45e579cc","geometry":{"type":"Point","coordinates":[-73.945928164582,40.819832098774]},"properties":{"id":"eoy-84ee45e579cc","name":"THE EDGE","legalName":"juliet master events inc","street":"101 EDGECOMBE AVENUE","neighborhood":"NEW YORK","borough":"Manhattan","zip":"10030","type":"sidewalk","status":"Issued","licenseIssued":"2026-07-20","licenseExpires":"2030-07-20","nta":"MN1002","bbl":"1020480021","sid":["row-dpwt-v3c6_fyr4"]}},{"type":"Feature","id":"eoy-85480c62ded6","geometry":{"type":"Point","coordinates":[-73.985336324858,40.731819619144]},"properties":{"id":"eoy-85480c62ded6","name":"JACKDAW","legalName":"HOST 213 LLC","street":"213 2 AVENUE","neighborhood":"NEW YORK","borough":"Manhattan","zip":"10003","type":"sidewalk","status":"Issued","licenseIssued":"2026-02-13","licenseExpires":"2030-02-13","nta":"MN0303","bbl":"1004690037","sid":["row-t9d7-8rtp~yjp4"]}},{"type":"Feature","id":"eoy-854cc5e7791f","geometry":{"type":"Point","coordinates":[-73.994393180705,40.685496939104]},"properties":{"id":"eoy-854cc5e7791f","name":"NABILA'S","legalName":"M & N CATERING LLC","street":"248 COURT STREET","neighborhood":"BROOKLYN","borough":"Brooklyn","zip":"11201","type":"sidewalk","status":"Issued","licenseIssued":"2026-04-24","licenseExpires":"2030-04-24","nta":"BK0601","bbl":"3003120036","sid":["row-q8k3-5359~mqas"]}},{"type":"Feature","id":"eoy-858277770634","geometry":{"type":"Point","coordinates":[-74.006062067345,40.735234883433]},"properties":{"id":"eoy-858277770634","name":"DANTE WEST VILLAGE","legalName":"PERRY & HUDSON LLC","street":"551 HUDSON STREET","neighborhood":"NEW YORK","borough":"Manhattan","zip":"10014","type":"sidewalk","status":"Issued","licenseIssued":"2026-05-15","licenseExpires":"2030-05-15","nta":"MN0203","bbl":"1006330058","sid":["row-8yyz-w4fu.qmhn"]}},{"type":"Feature","id":"eoy-85ace6b52feb","geometry":{"type":"Point","coordinates":[-73.832201277296,40.76030653302]},"properties":{"id":"eoy-85ace6b52feb","name":"MAXI'S NOODLE","legalName":"MAXI'S NOODLE INC","street":"135-11 38 AVENUE","neighborhood":"FLUSHING","borough":"Queens","zip":"11354","type":"sidewalk","status":"Issued","licenseIssued":"2026-03-27","licenseExpires":"2030-03-27","nta":"QN0707","bbl":"4049740060","sid":["row-yznx-6ibe~ep7n"]}},{"type":"Feature","id":"eoy-85b478a4011d","geometry":{"type":"Point","coordinates":[-73.985383483915,40.681513476244]},"properties":{"id":"eoy-85b478a4011d","name":"EVALYN'S TAP HOUSE","legalName":"236 BUTLER CAFE LLC","street":"236 BUTLER STREET","neighborhood":"BROOKLYN","borough":"Brooklyn","zip":"11217","type":"sidewalk","status":"Issued","licenseIssued":"2026-08-07","licenseExpires":"2030-08-07","nta":"BK0601","bbl":"3004127501","sid":["row-xap2_tztx~gc74"]}},{"type":"Feature","id":"eoy-85db71c3cba6","geometry":{"type":"Point","coordinates":[-73.984328075572,40.692599479261]},"properties":{"id":"eoy-85db71c3cba6","name":"LITTLE PIZZA PARLOR","legalName":"PIZZERIA FUCCIO INC.","street":"192 DUFFIELD STREET","neighborhood":"BROOKLYN","borough":"Brooklyn","zip":"11201","type":"sidewalk","status":"Issued","licenseIssued":"2025-12-19","licenseExpires":"2029-12-19","nta":"BK0202","bbl":"3020580046","sid":["row-z8fp.y6bc-9gux"]}},{"type":"Feature","id":"eoy-85e2cc57b8b0","geometry":{"type":"Point","coordinates":[-73.967668576794,40.639745295786]},"properties":{"id":"eoy-85e2cc57b8b0","name":"SYCAMORE","legalName":"SYCAMORE LEE CORP","street":"1118 CORTELYOU ROAD","neighborhood":"BROOKLYN","borough":"Brooklyn","zip":"11218","type":"sidewalk","status":"Issued","licenseIssued":"2026-07-31","licenseExpires":"2030-07-31","nta":"BK1402","bbl":"3051540009","sid":["row-ab47_snap.6rjd"]}},{"type":"Feature","id":"eoy-8606996e9958","geometry":{"type":"Point","coordinates":[-73.961582271089,40.777797086428]},"properties":{"id":"eoy-8606996e9958","name":"SISTINA","legalName":"SISTINA RESTAURANT INC","street":"24 EAST 81 STREET","neighborhood":"NEW YORK","borough":"Manhattan","zip":"10028","type":"roadway","status":"Issued","licenseIssued":"2026-07-20","licenseExpires":"2030-07-20","nta":"MN0802","bbl":"1014920059","sid":["row-euwb_ravx.38nj"]}},{"type":"Feature","id":"eoy-863b8bc566e5","geometry":{"type":"Point","coordinates":[-74.005675850751,40.733824094276]},"properties":{"id":"eoy-863b8bc566e5","name":"WEST10WEST","legalName":"WEST10WEST LLC","street":"242 WEST 10 STREET","neighborhood":"NEW YORK","borough":"Manhattan","zip":"10014","type":"roadway","status":"Issued","licenseIssued":"2025-08-29","licenseExpires":"2029-08-29","nta":"MN0203","bbl":"1006190014","sid":["row-vdma-sk7g.dkaz"]}},{"type":"Feature","id":"eoy-865ddc1f6691","geometry":{"type":"Point","coordinates":[-73.944516192474,40.715390684527]},"properties":{"id":"eoy-865ddc1f6691","name":"VARIETY COFFEE ROASTERS","legalName":"VARIETY CAFE INC.","street":"368 GRAHAM AVENUE","neighborhood":"BROOKLYN","borough":"Brooklyn","zip":"11211","type":"roadway","status":"Issued","licenseIssued":"2025-09-19","licenseExpires":"2029-09-19","nta":"BK0104","bbl":"3027550002","sid":["row-f2ep-te7w.uckt"]}},{"type":"Feature","id":"eoy-866aeeac71d0","geometry":{"type":"Point","coordinates":[-73.942005837696,40.723280651402]},"properties":{"id":"eoy-866aeeac71d0","name":"PIE CORPS","legalName":"BBC FOOD PRODUCTS LLC","street":"77 DRIGGS AVENUE","neighborhood":"BROOKLYN","borough":"Brooklyn","zip":"11222","type":"roadway","status":"Issued","licenseIssued":"2026-06-26","licenseExpires":"2030-06-26","nta":"BK0101","bbl":"3027050016","sid":["row-2x3n.64fy-zhzz"]}},{"type":"Feature","id":"eoy-86701889ad8c","geometry":{"type":"Point","coordinates":[-73.990007993797,40.714055989521]},"properties":{"id":"eoy-86701889ad8c","name":"WU'S WONTON KING","legalName":"WU'S WONTON KING, INC","street":"165 EAST BROADWAY","neighborhood":"NEW YORK","borough":"Manhattan","zip":"10002","type":"sidewalk","status":"Issued","licenseIssued":"2026-07-20","licenseExpires":"2030-07-20","nta":"MN0301","bbl":"1002840028","sid":["row-7afq.67kx-krea"]}},{"type":"Feature","id":"eoy-86a3fc84ccd0","geometry":{"type":"Point","coordinates":[-73.987817582798,40.738223444693]},"properties":{"id":"eoy-86a3fc84ccd0","name":"BARBOUNIA","legalName":"THESSABUL, LLC","street":"250 PARK AVENUE SOUTH","neighborhood":"NEW YORK","borough":"Manhattan","zip":"10003","type":"sidewalk","status":"Issued","licenseIssued":"2026-04-03","licenseExpires":"2030-04-03","nta":"MN0501","bbl":"1008480043","sid":["row-d7kb_m2r6.haca"]}},{"type":"Feature","id":"eoy-86df44486e80","geometry":{"type":"Point","coordinates":[-73.964480884059,40.576940905098]},"properties":{"id":"eoy-86df44486e80","name":"OCEAN VIEW CAFE","legalName":"SNG NEW CAPPUCCINO INC.","street":"290 BRIGHTON BEACH AVENUE","neighborhood":"BROOKLYN","borough":"Brooklyn","zip":"11235","type":"both","status":"Issued","licenseIssued":"2026-03-27","licenseExpires":"2030-03-27","nta":"BK1303","bbl":"3086850008","sid":["row-k4rv_h3jd_sjmq","row-kumy_dwer~k2ui"]}},{"type":"Feature","id":"eoy-8720626115cb","geometry":{"type":"Point","coordinates":[-73.973816364741,40.784209527973]},"properties":{"id":"eoy-8720626115cb","name":"LENWICH","legalName":"LENWICH 83RD LLC","street":"469 COLUMBUS AVENUE","neighborhood":"NEW YORK","borough":"Manhattan","zip":"10024","type":"sidewalk","status":"Issued","licenseIssued":"2026-08-14","licenseExpires":"2030-08-14","nta":"MN0702","bbl":"1011960064","sid":["row-fy2f.ss8u.mxma"]}},{"type":"Feature","id":"eoy-8736284f01c7","geometry":{"type":"Point","coordinates":[-74.004600287094,40.729621907167]},"properties":{"id":"eoy-8736284f01c7","name":"LALIKO STORIES OF GEORGIA","legalName":"GULIANI GROUP INC","street":"80 CARMINE STREET","neighborhood":"NEW YORK","borough":"Manhattan","zip":"10014","type":"sidewalk","status":"Issued","licenseIssued":"2026-06-26","licenseExpires":"2030-06-26","nta":"MN0203","bbl":"1005287501","sid":["row-u4ip-pfnt_itk6"]}},{"type":"Feature","id":"eoy-874d25d11a6d","geometry":{"type":"Point","coordinates":[-74.002475061484,40.727653975692]},"properties":{"id":"eoy-874d25d11a6d","name":"ROSCIOLI NYC","legalName":"LIKEMINDED HOSPITALITY LLC","street":"43 MACDOUGAL STREET","neighborhood":"NEW YORK","borough":"Manhattan","zip":"10012","type":"sidewalk","status":"Issued","licenseIssued":"2026-03-06","licenseExpires":"2030-03-06","nta":"MN0201","bbl":"1005200083","sid":["row-eqix~3ayb.pumh"]}},{"type":"Feature","id":"eoy-877cb6e99d8a","geometry":{"type":"Point","coordinates":[-73.957249135064,40.727854637821]},"properties":{"id":"eoy-877cb6e99d8a","name":"TAQUERIA RAMIREZ","legalName":"TAQUERIA RAMIREZ LLC","street":"94 FRANKLIN STREET","neighborhood":"BROOKLYN","borough":"Brooklyn","zip":"11222","type":"sidewalk","status":"Issued","licenseIssued":"2026-07-20","licenseExpires":"2030-07-20","nta":"BK0101","bbl":"3025690001","sid":["row-hsx9_g8bf.7nny"]}},{"type":"Feature","id":"eoy-878dd5ada5d0","geometry":{"type":"Point","coordinates":[-73.951494211773,40.713324292298]},"properties":{"id":"eoy-878dd5ada5d0","name":"MONTESACRO","legalName":"AURORA EAST, INC.","street":"432 UNION AVENUE","neighborhood":"BROOKLYN","borough":"Brooklyn","zip":"11211","type":"roadway","status":"Issued","licenseIssued":"2025-04-04","licenseExpires":"2029-04-04","nta":"BK0102","bbl":"3027610003","sid":["row-j6ck.xzfm~24ve"]}},{"type":"Feature","id":"eoy-87943f6622b7","geometry":{"type":"Point","coordinates":[-73.906279502303,40.745596673279]},"properties":{"id":"eoy-87943f6622b7","name":"PIZZA BOY","legalName":"PIZZA BOY 2 INC","street":"58-19 WOODSIDE AVENUE","neighborhood":"WOODSIDE","borough":"Queens","zip":"11377","type":"sidewalk","status":"Issued","licenseIssued":"2026-08-07","licenseExpires":"2030-08-07","nta":"QN0203","bbl":"4012290001","sid":["row-gypw_wy39.ef8v"]}},{"type":"Feature","id":"eoy-87bc9a116aeb","geometry":{"type":"Point","coordinates":[-73.917466664891,40.702506921061]},"properties":{"id":"eoy-87bc9a116aeb","name":"OPS","legalName":"UNCLEGRANDPA LLC","street":"346 HIMROD STREET","neighborhood":"BROOKLYN","borough":"Brooklyn","zip":"11237","type":"both","status":"Issued","licenseIssued":"2026-05-08","licenseExpires":"2030-05-08","nta":"BK0401","bbl":"3032800031","sid":["row-dz85_z4za-5qxe","row-qajg-9xq9_vfgf"]}},{"type":"Feature","id":"eoy-87df1e3945fd","geometry":{"type":"Point","coordinates":[-74.000018039625,40.726987024256]},"properties":{"id":"eoy-87df1e3945fd","name":"SAINT DENIS","legalName":"490 LAGUARDIA LLC","street":"88 WEST HOUSTON STREET","neighborhood":"NEW YORK","borough":"Manhattan","zip":"10012","type":"both","status":"Issued","licenseIssued":"2026-09-25","licenseExpires":"2030-09-25","nta":"MN0202","bbl":"1005250056","sid":["row-5rnm_5ijz-5d7i","row-gh8n~f97f_9dba"]}},{"type":"Feature","id":"eoy-881e00e676a9","geometry":{"type":"Point","coordinates":[-73.962174131732,40.759314091836]},"properties":{"id":"eoy-881e00e676a9","name":"JEAN CLAUDE BISTRO","legalName":"NOAH-SERENA 10-12 INC.","street":"1076 1 AVENUE","neighborhood":"NEW YORK","borough":"Manhattan","zip":"10022","type":"sidewalk","status":"Issued","licenseIssued":"2026-07-21","licenseExpires":"2030-07-21","nta":"MN0604","bbl":"1013700046","sid":["row-spqf~wat4-d3gx"]}},{"type":"Feature","id":"eoy-88804742f95b","geometry":{"type":"Point","coordinates":[-74.002327141323,40.727832388573]},"properties":{"id":"eoy-88804742f95b","name":"HAMBURGER AMERICA","legalName":"HAMBURGER AMERICA 1 LLC","street":"51 MACDOUGAL STREET","neighborhood":"NEW YORK","borough":"Manhattan","zip":"10012","type":"sidewalk","status":"Issued","licenseIssued":"2026-05-08","licenseExpires":"2030-05-08","nta":"MN0201","bbl":"1005200079","sid":["row-7gdv.ibth.jjg7"]}},{"type":"Feature","id":"eoy-88d985bb354a","geometry":{"type":"Point","coordinates":[-73.987745676103,40.736793415104]},"properties":{"id":"eoy-88d985bb354a","name":"GUPSHUP","legalName":"GPH NY LLC","street":"113 EAST 18 STREET","neighborhood":"NEW YORK","borough":"Manhattan","zip":"10003","type":"roadway","status":"Issued","licenseIssued":"2026-04-24","licenseExpires":"2030-04-24","nta":"MN0602","bbl":"1008740010","sid":["row-p27p.fugy-f9z4"]}},{"type":"Feature","id":"eoy-88f52ceca45f","geometry":{"type":"Point","coordinates":[-74.012203807939,40.67792908188]},"properties":{"id":"eoy-88f52ceca45f","name":"RED HOOK TAVERN","legalName":"RED HOOK TAVERN LLC","street":"329 VAN BRUNT STREET","neighborhood":"BROOKLYN","borough":"Brooklyn","zip":"11231","type":"both","status":"Issued","licenseIssued":"2026-09-11","licenseExpires":"2030-09-11","nta":"BK0601","bbl":"3005560001","sid":["row-adx9-ugzj.hy7p","row-wq56.beis.knhn"]}},{"type":"Feature","id":"eoy-8930fbe51bdd","geometry":{"type":"Point","coordinates":[-73.994682435308,40.720533954323]},"properties":{"id":"eoy-8930fbe51bdd","name":"THE BUTCHER'S DAUGHTER","legalName":"JUICERIE NOLITA, LLC","street":"19 KENMARE STREET","neighborhood":"NEW YORK","borough":"Manhattan","zip":"10012","type":"sidewalk","status":"Issued","licenseIssued":"2026-06-05","licenseExpires":"2030-06-05","nta":"MN0201","bbl":"1004780012","sid":["row-3utd_bpu9~7wj8"]}},{"type":"Feature","id":"eoy-893116e7fe70","geometry":{"type":"Point","coordinates":[-73.987303310071,40.729086067436]},"properties":{"id":"eoy-893116e7fe70","name":"VESELKA","legalName":"VESELKA ENTERPRISES, LTD.","street":"144 SECOND AVENUE","neighborhood":"NEW YORK","borough":"Manhattan","zip":"10003","type":"both","status":"Issued","licenseIssued":"2026-08-07","licenseExpires":"2030-08-07","nta":"MN0303","bbl":"1004500008","sid":["row-jjey~3ye6_seht","row-q9zk-svj9.tez9"]}},{"type":"Feature","id":"eoy-89586b351372","geometry":{"type":"Point","coordinates":[-73.98673308629,40.729854537259]},"properties":{"id":"eoy-89586b351372","name":"MARINARA PIZZA","legalName":"PIZZA 10 LLC","street":"160 2 AVENUE","neighborhood":"NEW YORK","borough":"Manhattan","zip":"10003","type":"sidewalk","status":"Issued","licenseIssued":"2026-08-14","licenseExpires":"2030-08-14","nta":"MN0303","bbl":"1004520001","sid":["row-agps.dzwa.5nc3"]}},{"type":"Feature","id":"eoy-8986f949e658","geometry":{"type":"Point","coordinates":[-73.921413101575,40.762768282821]},"properties":{"id":"eoy-8986f949e658","name":"VITE VINOSTERIA","legalName":"PCPG LLC","street":"31-05 34 STREET","neighborhood":"ASTORIA","borough":"Queens","zip":"11106","type":"sidewalk","status":"Issued","licenseIssued":"2026-08-28","licenseExpires":"2030-08-28","nta":"QN0103","bbl":"4006240038","sid":["row-6ytq~igm3-5rn3"]}},{"type":"Feature","id":"eoy-89a354b93bef","geometry":{"type":"Point","coordinates":[-73.993259780796,40.697510750407]},"properties":{"id":"eoy-89a354b93bef","name":"CLARK'S","legalName":"P.J. COFFEE SHOP, INC.","street":"80 CLARK STREET","neighborhood":"BROOKLYN","borough":"Brooklyn","zip":"11201","type":"sidewalk","status":"Issued","licenseIssued":"2026-08-28","licenseExpires":"2030-08-28","nta":"BK0201","bbl":"3002360112","sid":["row-g9vz-vn7s_xuw8"]}},{"type":"Feature","id":"eoy-89ac9ac27764","geometry":{"type":"Point","coordinates":[-73.854563522062,40.836111425782]},"properties":{"id":"eoy-89ac9ac27764","name":"LAVA ROCK KITCHEN","legalName":"DMT HALAL RESTAURANT INC.","street":"2119 STARLING AVENUE","neighborhood":"BRONX","borough":"Bronx","zip":"10462","type":"sidewalk","status":"Issued","licenseIssued":"2026-08-07","licenseExpires":"2030-08-07","nta":"BX0904","bbl":"2039460051","sid":["row-pa5y-m68p~mk7k"]}},{"type":"Feature","id":"eoy-89c7e9f5f588","geometry":{"type":"Point","coordinates":[-73.986328346398,40.732936860994]},"properties":{"id":"eoy-89c7e9f5f588","name":"COYOTE UGLY SALOON","legalName":"CUS MF POWERHOUSE LLC","street":"233 EAST 14 STREET","neighborhood":"NEW YORK","borough":"Manhattan","zip":"10003","type":"sidewalk","status":"Issued","licenseIssued":"2026-02-06","licenseExpires":"2030-02-06","nta":"MN0602","bbl":"1008960016","sid":["row-9rue-v44p_zdjy"]}},{"type":"Feature","id":"eoy-89d2628d8d14","geometry":{"type":"Point","coordinates":[-73.954089967308,40.731023621509]},"properties":{"id":"eoy-89d2628d8d14","name":"THE BREW INN","legalName":"The Brew Inn Corp","street":"924 MANHATTAN AVENUE","neighborhood":"BROOKLYN","borough":"Brooklyn","zip":"11222","type":"roadway","status":"Issued","licenseIssued":"2026-04-03","licenseExpires":"2030-04-03","nta":"BK0101","bbl":"3025510001","sid":["row-i2tn_m7kk~hs3p"]}},{"type":"Feature","id":"eoy-89d5d9479c0b","geometry":{"type":"Point","coordinates":[-73.970875339288,40.755051274002]},"properties":{"id":"eoy-89d5d9479c0b","name":"SMITH & WOLLENSKY","legalName":"ST.JAMES ASSOCIATES LP","street":"201 EAST 49 STREET","neighborhood":"NEW YORK","borough":"Manhattan","zip":"10017","type":"sidewalk","status":"Issued","licenseIssued":"2026-04-17","licenseExpires":"2030-04-17","nta":"MN0604","bbl":"1013230001","sid":["row-vg82~6jw4-wiyx"]}},{"type":"Feature","id":"eoy-89e33a589251","geometry":{"type":"Point","coordinates":[-73.982944721676,40.673212937267]},"properties":{"id":"eoy-89e33a589251","name":"SIMPLE LOAF BAKEHOUSE","legalName":"SIMPLE LOAF BAKEHOUSE LLC","street":"310 5 AVENUE","neighborhood":"BROOKLYN","borough":"Brooklyn","zip":"11215","type":"roadway","status":"Issued","licenseIssued":"2026-04-24","licenseExpires":"2030-04-24","nta":"BK0602","bbl":"3009740038","sid":["row-vrbz~2rrj_f8ck"]}},{"type":"Feature","id":"eoy-89fdd7a92136","geometry":{"type":"Point","coordinates":[-73.988840014972,40.730988349684]},"properties":{"id":"eoy-89fdd7a92136","name":"RUBY'S CAFE","legalName":"RUBY'S EAST VILLAGE LLC","street":"55 3 AVENUE","neighborhood":"NEW YORK","borough":"Manhattan","zip":"10003","type":"both","status":"Issued","licenseIssued":"2026-08-14","licenseExpires":"2030-08-14","nta":"MN0303","bbl":"1004667502","sid":["row-qsg8-22q2~ux7u","row-wgiy~zvtz_97ev"]}},{"type":"Feature","id":"eoy-8a0333b29a57","geometry":{"type":"Point","coordinates":[-73.957313588301,40.734228007359]},"properties":{"id":"eoy-8a0333b29a57","name":"BAKERI","legalName":"150 WYTHE, INC","street":"105 FREEMAN STREET","neighborhood":"BROOKLYN","borough":"Brooklyn","zip":"11222","type":"roadway","status":"Issued","licenseIssued":"2026-03-27","licenseExpires":"2030-03-27","nta":"BK0101","bbl":"3025040071","sid":["row-zm4p.5ydh~t772"]}},{"type":"Feature","id":"eoy-8a2aacb4dc2e","geometry":{"type":"Point","coordinates":[-73.963543827048,40.710367149637]},"properties":{"id":"eoy-8a2aacb4dc2e","name":"ON TRACK BAR (OTB)","legalName":"CAJUN PROJECT LLC","street":"141 BROADWAY","neighborhood":"BROOKLYN","borough":"Brooklyn","zip":"11211","type":"sidewalk","status":"Issued","licenseIssued":"2026-06-19","licenseExpires":"2030-06-19","nta":"BK0102","bbl":"3024570043","sid":["row-dxfi~eq6e_7yam"]}},{"type":"Feature","id":"eoy-8a2ab3bc5f28","geometry":{"type":"Point","coordinates":[-73.983588932758,40.677604673158]},"properties":{"id":"eoy-8a2ab3bc5f28","name":"BEANMONGER","legalName":"BEAN MONGER LLC","street":"620 UNION STREET","neighborhood":"BROOKLYN","borough":"Brooklyn","zip":"11215","type":"sidewalk","status":"Issued","licenseIssued":"2026-04-17","licenseExpires":"2030-04-17","nta":"BK0601","bbl":"3004410029","sid":["row-5sk6~r2e2_x39w"]}},{"type":"Feature","id":"eoy-8a3603993d22","geometry":{"type":"Point","coordinates":[-73.978922976444,40.782308465484]},"properties":{"id":"eoy-8a3603993d22","name":"CHAMA MAMA","legalName":"CHAMA MAMA LLC","street":"373 AMSTERDAM AVENUE","neighborhood":"NEW YORK","borough":"Manhattan","zip":"10024","type":"sidewalk","status":"Issued","licenseIssued":"2025-04-11","licenseExpires":"2029-04-11","nta":"MN0702","bbl":"1011490061","sid":["row-ujnm_c4xh_3e8v"]}},{"type":"Feature","id":"eoy-8a648a59ed18","geometry":{"type":"Point","coordinates":[-73.997110363591,40.719828635939]},"properties":{"id":"eoy-8a648a59ed18","name":"AMICI RISTORANTE","legalName":"CEKAJ CORP","street":"165 MULBERRY STREET","neighborhood":"NEW YORK","borough":"Manhattan","zip":"10013","type":"roadway","status":"Issued","licenseIssued":"2025-11-07","licenseExpires":"2029-11-07","nta":"MN0201","bbl":"1004710020","sid":["row-kehh-68gk_9cyy"]}},{"type":"Feature","id":"eoy-8a709803df66","geometry":{"type":"Point","coordinates":[-73.951813326771,40.715975873772]},"properties":{"id":"eoy-8a709803df66","name":"THE EXLEY","legalName":"MISTER BLUE LLC.","street":"1 JACKSON STREET","neighborhood":"BROOKLYN","borough":"Brooklyn","zip":"11211","type":"both","status":"Issued","licenseIssued":"2025-04-04","licenseExpires":"2029-04-04","nta":"BK0102","bbl":"3027410048","sid":["row-3gvc_s6tz~2x9t","row-saa3_u6vn_twkc"]}},{"type":"Feature","id":"eoy-8a7b2118a9e1","geometry":{"type":"Point","coordinates":[-73.94201607197,40.707432359652]},"properties":{"id":"eoy-8a7b2118a9e1","name":"THE BROOKLYN TREE","legalName":"BUNS REST INC","street":"188 MONTROSE AVENUE","neighborhood":"BROOKLYN","borough":"Brooklyn","zip":"11206","type":"roadway","status":"Issued","licenseIssued":"2026-02-13","licenseExpires":"2030-02-13","nta":"BK0104","bbl":"3030620020","sid":["row-584c_f4mn_m5ss"]}},{"type":"Feature","id":"eoy-8a7f8d285712","geometry":{"type":"Point","coordinates":[-74.003557697162,40.732267897909]},"properties":{"id":"eoy-8a7f8d285712","name":"BLEECKER STREET PIZZA","legalName":"BLEEKER STREET PIZZA CORP","street":"69 7 AVENUE SOUTH","neighborhood":"NEW YORK","borough":"Manhattan","zip":"10014","type":"sidewalk","status":"Issued","licenseIssued":"2026-08-14","licenseExpires":"2030-08-14","nta":"MN0203","bbl":"1005900054","sid":["row-xvwc~mdhn~e2c4"]}},{"type":"Feature","id":"eoy-8a9fa40279dd","geometry":{"type":"Point","coordinates":[-73.99738805824,40.722005243123]},"properties":{"id":"eoy-8a9fa40279dd","name":"CRISPY HEAVEN","legalName":"222 CASSIEL LLC","street":"222 LAFAYETTE STREET","neighborhood":"NEW YORK","borough":"Manhattan","zip":"10012","type":"both","status":"Issued","licenseIssued":"2026-08-28","licenseExpires":"2030-08-28","nta":"MN0201","bbl":"1004820025","sid":["row-rifn.76qf~txyb","row-shjk.4ctd.3gc9"]}},{"type":"Feature","id":"eoy-8aa77637a726","geometry":{"type":"Point","coordinates":[-73.977913175785,40.745989644115]},"properties":{"id":"eoy-8aa77637a726","name":"AUNT BERNIE'S","legalName":"513 RESTAURANT OPERATING CORP","street":"513 3 AVENUE","neighborhood":"NEW YORK","borough":"Manhattan","zip":"10016","type":"sidewalk","status":"Issued","licenseIssued":"2026-06-19","licenseExpires":"2030-06-19","nta":"MN0603","bbl":"1009150004","sid":["row-v6c2~pjdb-9sxa"]}},{"type":"Feature","id":"eoy-8b1f9454123b","geometry":{"type":"Point","coordinates":[-73.827343393689,40.852929194943]},"properties":{"id":"eoy-8b1f9454123b","name":"THE ELEANOR'S EK RESTAURANT & BAR","legalName":"THE ELEANOR'S EK RESTAURANT & BAR CORP","street":"3289 WESTCHESTER AVENUE","neighborhood":"BRONX","borough":"Bronx","zip":"10461","type":"sidewalk","status":"Issued","licenseIssued":"2026-09-11","licenseExpires":"2030-09-11","nta":"BX1003","bbl":"2042490046","sid":["row-54di-h3e7~q8cc"]}},{"type":"Feature","id":"eoy-8b5ecad694cc","geometry":{"type":"Point","coordinates":[-74.000649576733,40.742338489619]},"properties":{"id":"eoy-8b5ecad694cc","name":"GEORGIE'S","legalName":"H 18 & 8TH LLC","street":"161 8 AVENUE","neighborhood":"NEW YORK","borough":"Manhattan","zip":"10011","type":"both","status":"Issued","licenseIssued":"2026-09-18","licenseExpires":"2030-09-18","nta":"MN0401","bbl":"1007420034","sid":["row-ayg7~ksqa.3s7q","row-cp2u-u378_qbuc"]}},{"type":"Feature","id":"eoy-8b631fcfc712","geometry":{"type":"Point","coordinates":[-73.972261545605,40.676916297559]},"properties":{"id":"eoy-8b631fcfc712","name":"SHARLENE'S","legalName":"GFD 353 LLC.","street":"353 FLATBUSH AVENUE","neighborhood":"BROOKLYN","borough":"Brooklyn","zip":"11238","type":"sidewalk","status":"Issued","licenseIssued":"2026-01-07","licenseExpires":"2030-01-07","nta":"BK0801","bbl":"3011640011","sid":["row-3p8h_sqm2~dxie"]}},{"type":"Feature","id":"eoy-8b852fe7002a","geometry":{"type":"Point","coordinates":[-73.982676038222,40.777327365479]},"properties":{"id":"eoy-8b852fe7002a","name":"CAFE LUXEMBOURG","legalName":"STREATOR, INC.","street":"200 WEST 70 STREET","neighborhood":"NEW YORK","borough":"Manhattan","zip":"10023","type":"both","status":"Issued","licenseIssued":"2025-03-14","licenseExpires":"2029-03-14","nta":"MN0701","bbl":"1011580033","sid":["row-67gv_anqd-ipx7","row-htuz_h5m5.nfu2"]}},{"type":"Feature","id":"eoy-8bb17b34a191","geometry":{"type":"Point","coordinates":[-73.950485266076,40.779615352945]},"properties":{"id":"eoy-8bb17b34a191","name":"MIDNIGHT EXPRESS DINER","legalName":"TSG 89 CORP","street":"1715 2 AVENUE","neighborhood":"NEW YORK","borough":"Manhattan","zip":"10128","type":"roadway","status":"Issued","licenseIssued":"2025-06-06","licenseExpires":"2029-06-06","nta":"MN0803","bbl":"1015340029","sid":["row-mzsi~9ff7.dcf8"]}},{"type":"Feature","id":"eoy-8bdecfc8d9cf","geometry":{"type":"Point","coordinates":[-73.959247436765,40.716939425444]},"properties":{"id":"eoy-8bdecfc8d9cf","name":"JULIETTE","legalName":"135 STUDIO N ADR, INC.","street":"135 NORTH 5 STREET","neighborhood":"BROOKLYN","borough":"Brooklyn","zip":"11249","type":"sidewalk","status":"Issued","licenseIssued":"2026-06-12","licenseExpires":"2030-06-12","nta":"BK0102","bbl":"3023350029","sid":["row-v3pq.re5f_g2iy"]}},{"type":"Feature","id":"eoy-8c0362546898","geometry":{"type":"Point","coordinates":[-74.006801296496,40.730478164589]},"properties":{"id":"eoy-8c0362546898","name":"LELABAR","legalName":"NRK CAFE INC","street":"422 HUDSON STREET","neighborhood":"NEW YORK","borough":"Manhattan","zip":"10014","type":"both","status":"Issued","licenseIssued":"2025-06-18","licenseExpires":"2029-06-18","nta":"MN0203","bbl":"1005830002","sid":["row-4in8-cuqn~xw5v","row-9as9.6qxy-birf"]}},{"type":"Feature","id":"eoy-8c5310986209","geometry":{"type":"Point","coordinates":[-74.006379403717,40.733148845202]},"properties":{"id":"eoy-8c5310986209","name":"BLACK STONE COFFEE ROASTERS","legalName":"BLACKSTONE COFFEE ROASTERS CORP","street":"502 HUDSON STREET","neighborhood":"NEW YORK","borough":"Manhattan","zip":"10014","type":"sidewalk","status":"Issued","licenseIssued":"2026-07-31","licenseExpires":"2030-07-31","nta":"MN0203","bbl":"1006190001","sid":["row-atwv_q6bc_dhk6"]}},{"type":"Feature","id":"eoy-8c55b5777609","geometry":{"type":"Point","coordinates":[-73.991867832006,40.726209967153]},"properties":{"id":"eoy-8c55b5777609","name":"THE WREN","legalName":"THE WREN NEW YORK LLC","street":"344 BOWERY","neighborhood":"NEW YORK","borough":"Manhattan","zip":"10012","type":"sidewalk","status":"Issued","licenseIssued":"2026-03-27","licenseExpires":"2030-03-27","nta":"MN0202","bbl":"1005307506","sid":["row-wf77.j9p2.kt4b"]}},{"type":"Feature","id":"eoy-8c96e9d2df21","geometry":{"type":"Point","coordinates":[-73.990897043545,40.728164167641]},"properties":{"id":"eoy-8c96e9d2df21","name":"LIBRAE BAKERY","legalName":"DONDREMPIRE LLC","street":"35 COOPER SQUARE","neighborhood":"NEW YORK","borough":"Manhattan","zip":"10003","type":"sidewalk","status":"Issued","licenseIssued":"2026-04-03","licenseExpires":"2030-04-03","nta":"MN0303","bbl":"1004610006","sid":["row-5zwk_r7ku~6twj"]}},{"type":"Feature","id":"eoy-8cb3afcf3385","geometry":{"type":"Point","coordinates":[-73.991393077194,40.714750528329]},"properties":{"id":"eoy-8cb3afcf3385","name":"CERVO'S","legalName":"KINGS PALACE NYC LLC","street":"43 CANAL STREET","neighborhood":"NEW YORK","borough":"Manhattan","zip":"10002","type":"roadway","status":"Issued","licenseIssued":"2026-02-06","licenseExpires":"2030-02-06","nta":"MN0301","bbl":"1002980034","sid":["row-gnwq-64th~7fbw"]}},{"type":"Feature","id":"eoy-8cb6d646cda7","geometry":{"type":"Point","coordinates":[-74.004941091599,40.75173644871]},"properties":{"id":"eoy-8cb6d646cda7","name":"PORCHLIGHT","legalName":"PORCHLIGHT WEST CHELSEA LLC","street":"271 11 AVENUE","neighborhood":"NEW YORK","borough":"Manhattan","zip":"10001","type":"sidewalk","status":"Issued","licenseIssued":"2026-05-29","licenseExpires":"2030-05-29","nta":"MN0401","bbl":"1006730001","sid":["row-27bz-vwac_iwr6"]}},{"type":"Feature","id":"eoy-8cd37e7c4dd6","geometry":{"type":"Point","coordinates":[-74.002337872536,40.725200157592]},"properties":{"id":"eoy-8cd37e7c4dd6","name":"SAN CARLO OSTERIA PIEMONTE","legalName":"OSTERIA PIEMONTE CORPORATION","street":"90 THOMPSON STREET","neighborhood":"NEW YORK","borough":"Manhattan","zip":"10012","type":"both","status":"Issued","licenseIssued":"2026-08-21","licenseExpires":"2030-08-21","nta":"MN0201","bbl":"1005020002","sid":["row-8mbh-nu87-tkfe","row-dnzx-tr48.kka6"]}},{"type":"Feature","id":"eoy-8cdb9aed383c","geometry":{"type":"Point","coordinates":[-73.991488282451,40.759978752198]},"properties":{"id":"eoy-8cdb9aed383c","name":"NIZZA","legalName":"PONENTE LLC","street":"628 9 AVENUE","neighborhood":"NEW YORK","borough":"Manhattan","zip":"10036","type":"sidewalk","status":"Issued","licenseIssued":"2026-07-31","licenseExpires":"2030-07-31","nta":"MN0402","bbl":"1010350001","sid":["row-272c.b4xx~azg2"]}},{"type":"Feature","id":"eoy-8cdbf868cc7b","geometry":{"type":"Point","coordinates":[-74.002356057989,40.729322795774]},"properties":{"id":"eoy-8cdbf868cc7b","name":"BAR PITTI","legalName":"BAR GIACOSA CORP.","street":"268 6 AVENUE","neighborhood":"NEW YORK","borough":"Manhattan","zip":"10014","type":"sidewalk","status":"Issued","licenseIssued":"2026-05-15","licenseExpires":"2030-05-15","nta":"MN0202","bbl":"1005260016","sid":["row-i26q-fr5k-4f9h"]}},{"type":"Feature","id":"eoy-8cec93cf7176","geometry":{"type":"Point","coordinates":[-74.008015534265,40.716424879968]},"properties":{"id":"eoy-8cec93cf7176","name":"TAKAHACHI TRIBECA","legalName":"NATSU INC","street":"145 DUANE STREET","neighborhood":"NEW YORK","borough":"Manhattan","zip":"10013","type":"sidewalk","status":"Issued","licenseIssued":"2026-02-27","licenseExpires":"2030-02-27","nta":"MN0102","bbl":"1001470009","sid":["row-49xn_bw6g-7m7n"]}},{"type":"Feature","id":"eoy-8d0b57319a6f","geometry":{"type":"Point","coordinates":[-73.988819040181,40.726986479307]},"properties":{"id":"eoy-8d0b57319a6f","name":"MARUFUKU RAMEN","legalName":"EK FOOD SERVICES INC","street":"92 2 AVENUE","neighborhood":"NEW YORK","borough":"Manhattan","zip":"10003","type":"sidewalk","status":"Issued","licenseIssued":"2026-08-14","licenseExpires":"2030-08-14","nta":"MN0303","bbl":"1004470003","sid":["row-i3af-6kid-b4mz"]}},{"type":"Feature","id":"eoy-8d6ba25d9125","geometry":{"type":"Point","coordinates":[-73.845529443198,40.721116246567]},"properties":{"id":"eoy-8d6ba25d9125","name":"CABANA","legalName":"CABANA 70 ASSOCIATES, LP","street":"107-12 70 ROAD","neighborhood":"FOREST HILLS","borough":"Queens","zip":"11375","type":"sidewalk","status":"Issued","licenseIssued":"2026-05-15","licenseExpires":"2030-05-15","nta":"QN0602","bbl":"4032390038","sid":["row-2bvi-zjtv_ev6k"]}},{"type":"Feature","id":"eoy-8d988236d184","geometry":{"type":"Point","coordinates":[-73.953588300185,40.787982656167]},"properties":{"id":"eoy-8d988236d184","name":"LE PAIN QUOTIDIEN","legalName":"APQ 1399 MADISON NY, LLC","street":"1399 MADISON AVENUE","neighborhood":"NEW YORK","borough":"Manhattan","zip":"10029","type":"sidewalk","status":"Issued","licenseIssued":"2026-08-14","licenseExpires":"2030-08-14","nta":"MN1101","bbl":"1016030020","sid":["row-5xiq_y9hm.jpsu"]}},{"type":"Feature","id":"eoy-8dd209bebab9","geometry":{"type":"Point","coordinates":[-74.008048068297,40.716984810414]},"properties":{"id":"eoy-8dd209bebab9","name":"THE ODEON","legalName":"THE ODEON, INC","street":"145 WEST BROADWAY","neighborhood":"NEW YORK","borough":"Manhattan","zip":"10013","type":"both","status":"Issued","licenseIssued":"2026-03-20","licenseExpires":"2030-03-20","nta":"MN0102","bbl":"1001477501","sid":["row-m2gv~s9hk.s8im","row-mayb-54sp-nx77"]}},{"type":"Feature","id":"eoy-8e0e7d07354a","geometry":{"type":"Point","coordinates":[-74.00650249944,40.737384009551]},"properties":{"id":"eoy-8e0e7d07354a","name":"STAFILI WINE CAFE","legalName":"CL GLOBALWINE INC","street":"796 GREENWICH STREET","neighborhood":"NEW YORK","borough":"Manhattan","zip":"10014","type":"sidewalk","status":"Issued","licenseIssued":"2026-06-05","licenseExpires":"2030-06-05","nta":"MN0203","bbl":"1006400056","sid":["row-y3j9-un7u.45nu"]}},{"type":"Feature","id":"eoy-8e5061dae7a0","geometry":{"type":"Point","coordinates":[-73.876811342964,40.75011414738]},"properties":{"id":"eoy-8e5061dae7a0","name":"PUNTO COLOMBIANO EN LA NUEVA 90 BAKERY","legalName":"PUNTO COLOMBIANO EN LA 90 BAKERY CORP.","street":"37-06 90 STREET","neighborhood":"JACKSON HEIGHTS","borough":"Queens","zip":"11372","type":"sidewalk","status":"Issued","licenseIssued":"2026-07-31","licenseExpires":"2030-07-31","nta":"QN0301","bbl":"4014770001","sid":["row-keky_kafi_kxiv"]}},{"type":"Feature","id":"eoy-8e8121256511","geometry":{"type":"Point","coordinates":[-73.994898866996,40.720830399035]},"properties":{"id":"eoy-8e8121256511","name":"LITTLE RASCAL","legalName":"TOKANA CAFE BAR RESTORANT INC","street":"163 ELIZABETH STREET","neighborhood":"NEW YORK","borough":"Manhattan","zip":"10012","type":"roadway","status":"Issued","licenseIssued":"2026-05-22","licenseExpires":"2030-05-22","nta":"MN0201","bbl":"1004790026","sid":["row-7qkk.ttme~vawm"]}},{"type":"Feature","id":"eoy-8eaf49125aac","geometry":{"type":"Point","coordinates":[-73.996421357339,40.719213788553]},"properties":{"id":"eoy-8eaf49125aac","name":"C. DI PALO","legalName":"LSMC, LLC","street":"151 MOTT STREET","neighborhood":"NEW YORK","borough":"Manhattan","zip":"10013","type":"sidewalk","status":"Issued","licenseIssued":"2026-04-03","licenseExpires":"2030-04-03","nta":"MN0201","bbl":"1004710052","sid":["row-kp5z-bhna_mdry"]}},{"type":"Feature","id":"eoy-8eb5f43b42d1","geometry":{"type":"Point","coordinates":[-73.992247534121,40.718722268935]},"properties":{"id":"eoy-8eb5f43b42d1","name":"EARLY TERRIBLE","legalName":"BROOME BISTRO AND CAFE LLC","street":"303 BROOME STREET","neighborhood":"NEW YORK","borough":"Manhattan","zip":"10002","type":"both","status":"Issued","licenseIssued":"2026-05-22","licenseExpires":"2030-05-22","nta":"MN0302","bbl":"1004180037","sid":["row-hpw6.hqdk_d2bc","row-uqzy~cyyw_5pni"]}},{"type":"Feature","id":"eoy-8ec36c1c8d91","geometry":{"type":"Point","coordinates":[-74.008501151643,40.733859601633]},"properties":{"id":"eoy-8ec36c1c8d91","name":"HUNGRY LLAMA","legalName":"HUNGRY LLAMA LLC","street":"679 WASHINGTON STREET","neighborhood":"NEW YORK","borough":"Manhattan","zip":"10014","type":"both","status":"Issued","licenseIssued":"2026-07-21","licenseExpires":"2030-07-21","nta":"MN0203","bbl":"1006317502","sid":["row-9rcz.5r3v_mwzy","row-n9fh.ukp4-s4qn"]}},{"type":"Feature","id":"eoy-8f292a37ef5a","geometry":{"type":"Point","coordinates":[-74.001833203947,40.740675150524]},"properties":{"id":"eoy-8f292a37ef5a","name":"CHELSEA RISTORANTE","legalName":"TUTTO BENE RESTAURANT INC.","street":"108 8 AVENUE","neighborhood":"NEW YORK","borough":"Manhattan","zip":"10011","type":"sidewalk","status":"Issued","licenseIssued":"2026-03-06","licenseExpires":"2030-03-06","nta":"MN0401","bbl":"1007650001","sid":["row-w84p~q83j_n9zq"]}},{"type":"Feature","id":"eoy-8f2a4af960b4","geometry":{"type":"Point","coordinates":[-74.005887490861,40.719737943896]},"properties":{"id":"eoy-8f2a4af960b4","name":"FRENCHETTE","legalName":"WHITE WALKER LLC","street":"241 WEST BROADWAY","neighborhood":"NEW YORK","borough":"Manhattan","zip":"10013","type":"sidewalk","status":"Issued","licenseIssued":"2026-02-13","licenseExpires":"2030-02-13","nta":"MN0102","bbl":"1001910015","sid":["row-vi27-jg9u_wb64"]}},{"type":"Feature","id":"eoy-8f39417bb2e6","geometry":{"type":"Point","coordinates":[-73.986648683307,40.736900338471]},"properties":{"id":"eoy-8f39417bb2e6","name":"HUTCH & WALDO","legalName":"CURL CURL LLC","street":"77 IRVING PLACE","neighborhood":"NEW YORK","borough":"Manhattan","zip":"10003","type":"sidewalk","status":"Issued","licenseIssued":"2026-03-27","licenseExpires":"2030-03-27","nta":"MN0602","bbl":"1008740065","sid":["row-c2ys-j3ih~ibuj"]}},{"type":"Feature","id":"eoy-8f469f9535e0","geometry":{"type":"Point","coordinates":[-73.76747420196,40.756389387545]},"properties":{"id":"eoy-8f469f9535e0","name":"ELITE PASTRIES CAFE","legalName":"ELITE PASTRIES INC","street":"47-36 BELL BOULEVARD","neighborhood":"BAYSIDE","borough":"Queens","zip":"11361","type":"sidewalk","status":"Issued","licenseIssued":"2026-08-28","licenseExpires":"2030-08-28","nta":"QN1102","bbl":"4073300038","sid":["row-vkuc-va2t~6hbx"]}},{"type":"Feature","id":"eoy-8f4f8fe0f1b3","geometry":{"type":"Point","coordinates":[-73.974511610981,40.675829888705]},"properties":{"id":"eoy-8f4f8fe0f1b3","name":"BAGEL PUB 7TH AVE","legalName":"BAGEL PUB 7TH AVENUE CORP","street":"57 7 AVENUE","neighborhood":"BROOKLYN","borough":"Brooklyn","zip":"11217","type":"sidewalk","status":"Issued","licenseIssued":"2026-05-29","licenseExpires":"2030-05-29","nta":"BK0602","bbl":"3010590001","sid":["row-q8hu-gacz-ts7h"]}},{"type":"Feature","id":"eoy-8fe5d90cd7ad","geometry":{"type":"Point","coordinates":[-73.985797390653,40.684884111685]},"properties":{"id":"eoy-8fe5d90cd7ad","name":"ANAIS","legalName":"FOUR HANDS LLC","street":"196 BERGEN STREET","neighborhood":"BROOKLYN","borough":"Brooklyn","zip":"11217","type":"sidewalk","status":"Issued","licenseIssued":"2026-05-15","licenseExpires":"2030-05-15","nta":"BK0601","bbl":"3003870008","sid":["row-uxwz.pdkt.xfqx"]}},{"type":"Feature","id":"eoy-9022b191a03f","geometry":{"type":"Point","coordinates":[-74.006256793766,40.733900917469]},"properties":{"id":"eoy-9022b191a03f","name":"L'ARTUSI / VIA PORTA","legalName":"HUDSON CORNER LLC","street":"522 HUDSON STREET","neighborhood":"NEW YORK","borough":"Manhattan","zip":"10014","type":"both","status":"Issued","licenseIssued":"2025-07-03","licenseExpires":"2029-07-03","nta":"MN0203","bbl":"1006200001","sid":["row-baz3-a2zb-vhgi","row-fqfw-wp7h_43s5"]}},{"type":"Feature","id":"eoy-9027d7a16a03","geometry":{"type":"Point","coordinates":[-73.99144856882,40.760030899657]},"properties":{"id":"eoy-9027d7a16a03","name":"MARSEILLE","legalName":"DANA'S LLC","street":"630 9 AVENUE","neighborhood":"NEW YORK","borough":"Manhattan","zip":"10036","type":"sidewalk","status":"Issued","licenseIssued":"2026-07-24","licenseExpires":"2030-07-24","nta":"MN0402","bbl":"1010350001","sid":["row-b3ui.xvs8.mgqn"]}},{"type":"Feature","id":"eoy-9050ca487da8","geometry":{"type":"Point","coordinates":[-73.996136306805,40.720207385185]},"properties":{"id":"eoy-9050ca487da8","name":"SHOO SHOO NOLITA","legalName":"ROOT NOLITA LLC","street":"371 BROOME STREET","neighborhood":"NEW YORK","borough":"Manhattan","zip":"10013","type":"both","status":"Issued","licenseIssued":"2026-07-20","licenseExpires":"2030-07-20","nta":"MN0201","bbl":"1004710043","sid":["row-gxce-fds3_pmb4","row-we8i-c2px~hwt4"]}},{"type":"Feature","id":"eoy-9055012ac8d5","geometry":{"type":"Point","coordinates":[-73.82696198157,40.8314949383]},"properties":{"id":"eoy-9055012ac8d5","name":"MAMA SUSHI","legalName":"SUSHI VIDA BRONX LLC","street":"3478 EAST TREMONT AVENUE","neighborhood":"BRONX","borough":"Bronx","zip":"10465","type":"sidewalk","status":"Issued","licenseIssued":"2026-04-24","licenseExpires":"2030-04-24","nta":"BX1002","bbl":"2055310030","sid":["row-mzff~72se-kw68"]}},{"type":"Feature","id":"eoy-90a6b34f0cde","geometry":{"type":"Point","coordinates":[-73.994645190281,40.690303050213]},"properties":{"id":"eoy-90a6b34f0cde","name":"TRIPOLI / SWALLOW CAFE","legalName":"TRIPOLI GOURMET CORP","street":"156 ATLANTIC AVENUE","neighborhood":"BROOKLYN","borough":"Brooklyn","zip":"11201","type":"sidewalk","status":"Issued","licenseIssued":"2026-07-20","licenseExpires":"2030-07-20","nta":"BK0601","bbl":"3002850027","sid":["row-4p4x~rq4n~3q5w"]}},{"type":"Feature","id":"eoy-90a94074dca3","geometry":{"type":"Point","coordinates":[-73.979834715826,40.687356903538]},"properties":{"id":"eoy-90a94074dca3","name":"BURRITO BAR","legalName":"M AND G TOGETHER 4 EVER LLC","street":"307311 FLATBUSH AVENUE","neighborhood":"BROOKLYN","borough":"Brooklyn","zip":"11217","type":"sidewalk","status":"Issued","licenseIssued":"2025-11-21","licenseExpires":"2029-11-21","nta":"BK0203","bbl":null,"sid":["row-k5v3_9mbj-t2e4"]}},{"type":"Feature","id":"eoy-90adf262ec66","geometry":{"type":"Point","coordinates":[-73.981054265704,40.779374695717]},"properties":{"id":"eoy-90adf262ec66","name":"BLUE BOTTLE COFFEE","legalName":"BLUE BOTTLE COFFEE, LLC","street":"279 AMSTERDAM AVENUE","neighborhood":"NEW YORK","borough":"Manhattan","zip":"10023","type":"sidewalk","status":"Issued","licenseIssued":"2026-07-20","licenseExpires":"2030-07-20","nta":"MN0701","bbl":"1011450001","sid":["row-3vek.hwdj-s995"]}},{"type":"Feature","id":"eoy-90b5bee6cef4","geometry":{"type":"Point","coordinates":[-73.968146423221,40.755407367711]},"properties":{"id":"eoy-90b5bee6cef4","name":"CORNERSTONE / THE STAG'S HEAD","legalName":"ELEVATED ENTERTAINMENT RESTAURANTS LLC","street":"961 2 AVENUE","neighborhood":"NEW YORK","borough":"Manhattan","zip":"10022","type":"sidewalk","status":"Issued","licenseIssued":"2026-07-21","licenseExpires":"2030-07-21","nta":"MN0604","bbl":"1013240029","sid":["row-tu8a-gqmk-gf9t"]}},{"type":"Feature","id":"eoy-90b8f91a8903","geometry":{"type":"Point","coordinates":[-74.003124280993,40.723116860955]},"properties":{"id":"eoy-90b8f91a8903","name":"KENN'S BROOME STREET BAR","legalName":"BROOME STREET BAR, INC.","street":"363 WEST BROADWAY","neighborhood":"NEW YORK","borough":"Manhattan","zip":"10013","type":"both","status":"Issued","licenseIssued":"2026-09-02","licenseExpires":"2030-09-02","nta":"MN0201","bbl":"1004750012","sid":["row-8hnn_6tbd.i757","row-s2pu_s7dj.gqkm"]}},{"type":"Feature","id":"eoy-90d7a4c92e40","geometry":{"type":"Point","coordinates":[-73.987778952735,40.732445711799]},"properties":{"id":"eoy-90d7a4c92e40","name":"THE PENNY FARTHING","legalName":"EAST COUNTY LOUTH INC","street":"103 3 AVENUE","neighborhood":"NEW YORK","borough":"Manhattan","zip":"10003","type":"both","status":"Issued","licenseIssued":"2026-04-10","licenseExpires":"2030-04-10","nta":"MN0303","bbl":"1004680007","sid":["row-sw28.rvi6~5bmp","row-wbwa-heep.zgy3"]}},{"type":"Feature","id":"eoy-90e1a47872a6","geometry":{"type":"Point","coordinates":[-73.991961230799,40.759358470861]},"properties":{"id":"eoy-90e1a47872a6","name":"DALTON'S BAR & GRILL","legalName":"HORSESHOES NY, INC","street":"611 9 AVENUE","neighborhood":"NEW YORK","borough":"Manhattan","zip":"10036","type":"sidewalk","status":"Issued","licenseIssued":"2026-06-05","licenseExpires":"2030-06-05","nta":"MN0402","bbl":"1010530031","sid":["row-i6qv-rqz2.8w8y"]}},{"type":"Feature","id":"eoy-90f13eb3d2f6","geometry":{"type":"Point","coordinates":[-73.916950465494,40.70287160305]},"properties":{"id":"eoy-90f13eb3d2f6","name":"VARIETY COFFEE ROASTERS","legalName":"Variety Cafe Inc","street":"146 WYCKOFF AVENUE","neighborhood":"BROOKLYN","borough":"Brooklyn","zip":"11237","type":"roadway","status":"Issued","licenseIssued":"2025-10-31","licenseExpires":"2029-10-31","nta":"BK0401","bbl":"3032800031","sid":["row-w6x5_p2j2_scmr"]}},{"type":"Feature","id":"eoy-90f1a29a475d","geometry":{"type":"Point","coordinates":[-73.986290955574,40.739271772083]},"properties":{"id":"eoy-90f1a29a475d","name":"NOVITA","legalName":"M.E.G. RESTAURANT ENTERPRISES, LTD.","street":"102 EAST 22 STREET","neighborhood":"NEW YORK","borough":"Manhattan","zip":"10010","type":"both","status":"Issued","licenseIssued":"2025-04-11","licenseExpires":"2029-04-11","nta":"MN0602","bbl":"1008770084","sid":["row-8sfv~sm3h.ymjg","row-cv3w_dawg.2dmr"]}},{"type":"Feature","id":"eoy-911904b44249","geometry":{"type":"Point","coordinates":[-73.913715462402,40.774941243244]},"properties":{"id":"eoy-911904b44249","name":"FIGO IL GELATO ITALIANO","legalName":"STICAZZI LLC","street":"29-02 23 AVENUE","neighborhood":"ASTORIA","borough":"Queens","zip":"11105","type":"sidewalk","status":"Issued","licenseIssued":"2026-07-02","licenseExpires":"2030-07-02","nta":"QN0101","bbl":"4008420064","sid":["row-xqqn~nuzc~3ya9"]}},{"type":"Feature","id":"eoy-913c92c45921","geometry":{"type":"Point","coordinates":[-73.824562156055,40.828908493652]},"properties":{"id":"eoy-913c92c45921","name":"HK KITCHEN & DRAFT HOUSE","legalName":"EAST TREMONT AVENUE ENTERPRISES INC","street":"3599 EAST TREMONT AVENUE","neighborhood":"BRONX","borough":"Bronx","zip":"10465","type":"sidewalk","status":"Issued","licenseIssued":"2026-08-28","licenseExpires":"2030-08-28","nta":"BX1002","bbl":"2054270050","sid":["row-4233~zfpf~rhrj"]}},{"type":"Feature","id":"eoy-9187b8e17a34","geometry":{"type":"Point","coordinates":[-73.944172087238,40.725650460351]},"properties":{"id":"eoy-9187b8e17a34","name":"LOVEBIRDS","legalName":"211 RESERVE LLC","street":"211 NASSAU AVENUE","neighborhood":"BROOKLYN","borough":"Brooklyn","zip":"11222","type":"both","status":"Issued","licenseIssued":"2026-02-13","licenseExpires":"2030-02-13","nta":"BK0101","bbl":"3026550038","sid":["row-wwdu~4uue_8rsx","row-zjgj.qskm~tzuq"]}},{"type":"Feature","id":"eoy-9187fd9fa5e0","geometry":{"type":"Point","coordinates":[-73.94826513579,40.774338955264]},"properties":{"id":"eoy-9187fd9fa5e0","name":"THE FIVE LAMPS","legalName":"FINGAL LLC","street":"1586 YORK AVENUE","neighborhood":"NEW YORK","borough":"Manhattan","zip":"10028","type":"both","status":"Issued","licenseIssued":"2025-10-24","licenseExpires":"2029-10-24","nta":"MN0803","bbl":"1015800052","sid":["row-c7k2_yexb~5aw5","row-vss5-hhwr~r8yg"]}},{"type":"Feature","id":"eoy-9199d6334708","geometry":{"type":"Point","coordinates":[-73.977658555954,40.784070357619]},"properties":{"id":"eoy-9199d6334708","name":"7TH STREET BURGER","legalName":"424 AMSTERDAM BB LLC","street":"424 AMSTERDAM AVENUE","neighborhood":"NEW YORK","borough":"Manhattan","zip":"10024","type":"roadway","status":"Issued","licenseIssued":"2026-04-24","licenseExpires":"2030-04-24","nta":"MN0702","bbl":"1012280031","sid":["row-4gf3-rckf_xaig"]}},{"type":"Feature","id":"eoy-91f9dc77e10c","geometry":{"type":"Point","coordinates":[-74.003633219329,40.727695116343]},"properties":{"id":"eoy-91f9dc77e10c","name":"KING","legalName":"BOX HILL LLC","street":"18 KING STREET","neighborhood":"NEW YORK","borough":"Manhattan","zip":"10014","type":"both","status":"Issued","licenseIssued":"2026-03-27","licenseExpires":"2030-03-27","nta":"MN0201","bbl":"1005190030","sid":["row-bnch~g8d8-n7wg","row-nvsj-6swz-zsu9"]}},{"type":"Feature","id":"eoy-9218baab751e","geometry":{"type":"Point","coordinates":[-73.954254842138,40.805919860393]},"properties":{"id":"eoy-9218baab751e","name":"DOUBLE DUTCH ESPRESSO","legalName":"PARLOUR ESPRESSO LLC","street":"2194 FREDRICK DOUGLAS BOULEVARD","neighborhood":"NEW YORK","borough":"Manhattan","zip":"10026","type":"sidewalk","status":"Issued","licenseIssued":"2026-07-02","licenseExpires":"2030-07-02","nta":"MN1001","bbl":"1019240003","sid":["row-nzz4~99wq.srfy"]}},{"type":"Feature","id":"eoy-921f58399ff9","geometry":{"type":"Point","coordinates":[-73.974525052212,40.744196612185]},"properties":{"id":"eoy-921f58399ff9","name":"PREVITI PIZZA","legalName":"PIZZA 34 LLC","street":"344 EAST 34 STREET","neighborhood":"NEW YORK","borough":"Manhattan","zip":"10016","type":"sidewalk","status":"Issued","licenseIssued":"2026-06-19","licenseExpires":"2030-06-19","nta":"MN0603","bbl":"1009390037","sid":["row-jncs_trqb~ndy3"]}},{"type":"Feature","id":"eoy-922928e3e8fa","geometry":{"type":"Point","coordinates":[-73.956416883847,40.775500626567]},"properties":{"id":"eoy-922928e3e8fa","name":"EMMY SQUARED PIZZA","legalName":"85TH & 3RD LLC","street":"1426 3 AVENUE","neighborhood":"NEW YORK","borough":"Manhattan","zip":"10028","type":"sidewalk","status":"Issued","licenseIssued":"2026-07-24","licenseExpires":"2030-07-24","nta":"MN0802","bbl":"1015090039","sid":["row-nwqc_gt74_fbwq"]}},{"type":"Feature","id":"eoy-92319a68fe4a","geometry":{"type":"Point","coordinates":[-73.952155130566,40.777285764692]},"properties":{"id":"eoy-92319a68fe4a","name":"CAFE MAUD","legalName":"COLIEMORE INC","street":"1640 2 AVENUE","neighborhood":"NEW YORK","borough":"Manhattan","zip":"10028","type":"sidewalk","status":"Issued","licenseIssued":"2026-07-02","licenseExpires":"2030-07-02","nta":"MN0803","bbl":"1015480001","sid":["row-iaf8.d732-c7w9"]}},{"type":"Feature","id":"eoy-9235484e0879","geometry":{"type":"Point","coordinates":[-73.968915628383,40.677527524001]},"properties":{"id":"eoy-9235484e0879","name":"MILLE-FEUILLE","legalName":"MILLE-FEUILLE VANDERBILT LLC","street":"622 VANDERBILT AVENUE","neighborhood":"BROOKLYN","borough":"Brooklyn","zip":"11238","type":"sidewalk","status":"Issued","licenseIssued":"2026-04-24","licenseExpires":"2030-04-24","nta":"BK0801","bbl":"3011580043","sid":["row-rm95.mh4i.cxgh"]}},{"type":"Feature","id":"eoy-9245229f5fff","geometry":{"type":"Point","coordinates":[-73.992632279132,40.73003073285]},"properties":{"id":"eoy-9245229f5fff","name":"HAMPTON CHUTNEY COMPANY","legalName":"DEVI DOSA, LLC","street":"2 ASTOR PLACE","neighborhood":"NEW YORK","borough":"Manhattan","zip":"10003","type":"sidewalk","status":"Issued","licenseIssued":"2026-09-25","licenseExpires":"2030-09-25","nta":"MN0202","bbl":"1005450026","sid":["row-7zab-nkwy_yhy2"]}},{"type":"Feature","id":"eoy-926108787d00","geometry":{"type":"Point","coordinates":[-73.959378901861,40.767390959157]},"properties":{"id":"eoy-926108787d00","name":"BEACH CAFE","legalName":"1326 RESTAURANT, LLC.","street":"1326 2 AVENUE","neighborhood":"NEW YORK","borough":"Manhattan","zip":"10021","type":"sidewalk","status":"Issued","licenseIssued":"2026-05-15","licenseExpires":"2030-05-15","nta":"MN0801","bbl":"1014440049","sid":["row-bkca.69xr.wyry"]}},{"type":"Feature","id":"eoy-9277202cc2ae","geometry":{"type":"Point","coordinates":[-73.95809017738,40.732960212302]},"properties":{"id":"eoy-9277202cc2ae","name":"MADRE","legalName":"MADRE HOSPITALITY, INC.","street":"214 FRANKLIN STREET","neighborhood":"BROOKLYN","borough":"Brooklyn","zip":"11222","type":"both","status":"Issued","licenseIssued":"2026-08-14","licenseExpires":"2030-08-14","nta":"BK0101","bbl":"3025220003","sid":["row-b5qf~sfzn.9uzw","row-m6dt.8bes_uw5p"]}},{"type":"Feature","id":"eoy-927cf548dcfa","geometry":{"type":"Point","coordinates":[-73.990534280688,40.741937365615]},"properties":{"id":"eoy-927cf548dcfa","name":"MANGIA","legalName":"MANGIA 23RD STREET LLC","street":"22 WEST 23 STREET","neighborhood":"NEW YORK","borough":"Manhattan","zip":"10010","type":"sidewalk","status":"Issued","licenseIssued":"2026-03-27","licenseExpires":"2030-03-27","nta":"MN0501","bbl":"1008240051","sid":["row-hs9c.5nvi.zkps"]}},{"type":"Feature","id":"eoy-929da808b882","geometry":{"type":"Point","coordinates":[-73.984079971299,40.749800394372]},"properties":{"id":"eoy-929da808b882","name":"IT TRATTORIA","legalName":"IT 390 5TH AVENUE, LLC","street":"390 5 AVENUE","neighborhood":"NEW YORK","borough":"Manhattan","zip":"10018","type":"sidewalk","status":"Issued","licenseIssued":"2026-08-07","licenseExpires":"2030-08-07","nta":"MN0502","bbl":"1008370048","sid":["row-2y4q_zj4z-8eya"]}},{"type":"Feature","id":"eoy-92bb1b2b0610","geometry":{"type":"Point","coordinates":[-73.96925981563,40.689459153052]},"properties":{"id":"eoy-92bb1b2b0610","name":"THE GREAT GEORGIANA","legalName":"REGULAR WOW LLC","street":"248 DEKALB AVENUE","neighborhood":"BROOKLYN","borough":"Brooklyn","zip":"11205","type":"sidewalk","status":"Issued","licenseIssued":"2026-07-24","licenseExpires":"2030-07-24","nta":"BK0204","bbl":"3021050034","sid":["row-e9e2_dr3c.njwp"]}},{"type":"Feature","id":"eoy-9301c5c101f9","geometry":{"type":"Point","coordinates":[-73.95580762231,40.784953325549]},"properties":{"id":"eoy-9301c5c101f9","name":"ISLAND","legalName":"SHIRT RESTAURANT CORP./ISLAND","street":"1305 MADISON AVENUE","neighborhood":"NEW YORK","borough":"Manhattan","zip":"10128","type":"both","status":"Issued","licenseIssued":"2026-05-08","licenseExpires":"2030-05-08","nta":"MN0802","bbl":"1015040055","sid":["row-ganc_3vqz-e7wq","row-z8w8_cnwa~83cr"]}},{"type":"Feature","id":"eoy-93399d3a621f","geometry":{"type":"Point","coordinates":[-73.96250223916,40.766362738198]},"properties":{"id":"eoy-93399d3a621f","name":"BEDFORD FALLS","legalName":"CHESSA LLC","street":"206 EAST 67 STREET","neighborhood":"NEW YORK","borough":"Manhattan","zip":"10065","type":"sidewalk","status":"Issued","licenseIssued":"2026-08-21","licenseExpires":"2030-08-21","nta":"MN0801","bbl":"1014210044","sid":["row-pq39_38w6~3xnp"]}},{"type":"Feature","id":"eoy-933c736c132b","geometry":{"type":"Point","coordinates":[-73.987636037808,40.744226221827]},"properties":{"id":"eoy-933c736c132b","name":"ILILI RESTAURANT","legalName":"IHI-NY LLC","street":"236 5 AVENUE","neighborhood":"NEW YORK","borough":"Manhattan","zip":"10001","type":"sidewalk","status":"Issued","licenseIssued":"2025-07-18","licenseExpires":"2029-07-18","nta":"MN0501","bbl":"1008290036","sid":["row-59pa_8zgq~68nh"]}},{"type":"Feature","id":"eoy-934085d1fbdf","geometry":{"type":"Point","coordinates":[-73.975188764417,40.764354274867]},"properties":{"id":"eoy-934085d1fbdf","name":"a.CAFE/ a. LOUNGE","legalName":"CAFE AKA CP, LLC.","street":"42 WEST 58 STREET","neighborhood":"NEW YORK","borough":"Manhattan","zip":"10019","type":"both","status":"Issued","licenseIssued":"2025-05-23","licenseExpires":"2029-05-23","nta":"MN0502","bbl":"1012730060","sid":["row-j4vj~6a46~wuts","row-zhk7.6jqx.espt"]}},{"type":"Feature","id":"eoy-9341cab9ac4c","geometry":{"type":"Point","coordinates":[-73.959214058177,40.718424333253]},"properties":{"id":"eoy-9341cab9ac4c","name":"GRAN TORINO CAFE","legalName":"BERRY STREET ASSOCIATES LLC","street":"131 BERRY STREET","neighborhood":"BROOKLYN","borough":"Brooklyn","zip":"11249","type":"sidewalk","status":"Issued","licenseIssued":"2026-03-13","licenseExpires":"2030-03-13","nta":"BK0102","bbl":"3023270005","sid":["row-37yg~yu4d.yng4"]}},{"type":"Feature","id":"eoy-9368d1d16cb8","geometry":{"type":"Point","coordinates":[-73.994103832497,40.736195559538]},"properties":{"id":"eoy-9368d1d16cb8","name":"CHAMPION PIZZA","legalName":"TEMIANI LLC","street":"2 WEST 14 STREET","neighborhood":"NEW YORK","borough":"Manhattan","zip":"10011","type":"sidewalk","status":"Issued","licenseIssued":"2026-07-21","licenseExpires":"2030-07-21","nta":"MN0202","bbl":"1005770039","sid":["row-zvm7_dfn9~t7cc"]}},{"type":"Feature","id":"eoy-9372cd3aab79","geometry":{"type":"Point","coordinates":[-73.975955854498,40.689716017003]},"properties":{"id":"eoy-9372cd3aab79","name":"PETIT PAULETTE","legalName":"BANDE A PART LLC","street":"136 DEKALB AVENUE","neighborhood":"BROOKLYN","borough":"Brooklyn","zip":"11217","type":"roadway","status":"Issued","licenseIssued":"2025-09-05","licenseExpires":"2029-09-05","nta":"BK0203","bbl":"3020990041","sid":["row-hgfq_fvib_wghg"]}},{"type":"Feature","id":"eoy-9398d557746c","geometry":{"type":"Point","coordinates":[-73.994343271163,40.721146021224]},"properties":{"id":"eoy-9398d557746c","name":"ALDEN'S COFFEE","legalName":"SPRING STREET BOOTH INC.","street":"8 SPRING STREET","neighborhood":"NEW YORK","borough":"Manhattan","zip":"10012","type":"roadway","status":"Issued","licenseIssued":"2026-08-21","licenseExpires":"2030-08-21","nta":"MN0201","bbl":"1004780020","sid":["row-2q94_v3yj_fupu"]}},{"type":"Feature","id":"eoy-939967f12a98","geometry":{"type":"Point","coordinates":[-73.998037554562,40.717995150669]},"properties":{"id":"eoy-939967f12a98","name":"CASA BELLA","legalName":"IL COMMENDATORE REST INC.","street":"127 MULBERRY STREET","neighborhood":"NEW YORK","borough":"Manhattan","zip":"10013","type":"both","status":"Issued","licenseIssued":"2026-04-17","licenseExpires":"2030-04-17","nta":"MN0201","bbl":"1002060016","sid":["row-3rsh~ctr7-nh52","row-zm8c.qes6~xi2k"]}},{"type":"Feature","id":"eoy-93d6419aae7b","geometry":{"type":"Point","coordinates":[-73.973602694851,40.685957903678]},"properties":{"id":"eoy-93d6419aae7b","name":"DIE STANMKNEIPE (DSK)","legalName":"HL KOELN CORP.","street":"710 FULTON STREET","neighborhood":"BROOKLYN","borough":"Brooklyn","zip":"11217","type":"sidewalk","status":"Issued","licenseIssued":"2026-08-27","licenseExpires":"2030-08-27","nta":"BK0203","bbl":"3021150010","sid":["row-dzj4-bwjj_m6dk"]}},{"type":"Feature","id":"eoy-93e832391743","geometry":{"type":"Point","coordinates":[-73.999354175399,40.727604594791]},"properties":{"id":"eoy-93e832391743","name":"LORD'S","legalName":"DAMSELLE LLC","street":"506 LAGUARDIA PLACE","neighborhood":"NEW YORK","borough":"Manhattan","zip":"10012","type":"sidewalk","status":"Issued","licenseIssued":"2026-09-25","licenseExpires":"2030-09-25","nta":"MN0202","bbl":"1005250050","sid":["row-wsf4-h4bd.8732"]}},{"type":"Feature","id":"eoy-9455aacd406d","geometry":{"type":"Point","coordinates":[-73.953441757894,40.744664837651]},"properties":{"id":"eoy-9455aacd406d","name":"SAFIR MEDITERRANEAN","legalName":"SILK ROAD AUTHENTIC TURKISH CUISINE LLC","street":"47-31 VERNON BOULEVARD","neighborhood":"LONG ISLAND CITY","borough":"Queens","zip":"11101","type":"sidewalk","status":"Issued","licenseIssued":"2026-08-28","licenseExpires":"2030-08-28","nta":"QN0201","bbl":"4000450048","sid":["row-2wtp-a7ne-cp93"]}},{"type":"Feature","id":"eoy-94902d82f7c8","geometry":{"type":"Point","coordinates":[-73.952097278735,40.777398275502]},"properties":{"id":"eoy-94902d82f7c8","name":"LA TIRAMISU","legalName":"SKY285LLC","street":"1643 2 AVENUE","neighborhood":"NEW YORK","borough":"Manhattan","zip":"10028","type":"sidewalk","status":"Issued","licenseIssued":"2026-07-21","licenseExpires":"2030-07-21","nta":"MN0803","bbl":"1015310022","sid":["row-5g4b.2rsu_5jkg"]}},{"type":"Feature","id":"eoy-94961435cee5","geometry":{"type":"Point","coordinates":[-73.841504707675,40.719035707616]},"properties":{"id":"eoy-94961435cee5","name":"LA BOULANGERIE","legalName":"LA BOULANGERIE DE FRANCOIS CORP","street":"109-01 72 ROAD","neighborhood":"FOREST HILLS","borough":"Queens","zip":"11375","type":"sidewalk","status":"Issued","licenseIssued":"2026-03-06","licenseExpires":"2030-03-06","nta":"QN0602","bbl":"4032580023","sid":["row-jgyw-3xtm~bx8t"]}},{"type":"Feature","id":"eoy-94eb5f6579cc","geometry":{"type":"Point","coordinates":[-74.005986336556,40.735734434497]},"properties":{"id":"eoy-94eb5f6579cc","name":"WHITE HORSE TAVERN","legalName":"WHITE HORSE HOSPITALITY, LLC","street":"567 HUDSON STREET","neighborhood":"NEW YORK","borough":"Manhattan","zip":"10014","type":"both","status":"Issued","licenseIssued":"2025-08-29","licenseExpires":"2029-08-29","nta":"MN0203","bbl":"1006330052","sid":["row-yk7y.ptrk.wbqx","row-yvz9_57nx~cb4v"]}},{"type":"Feature","id":"eoy-94fc6a3e359e","geometry":{"type":"Point","coordinates":[-73.986673629017,40.702516637482]},"properties":{"id":"eoy-94fc6a3e359e","name":"PEDRO'S","legalName":"PEDRO'S BAR & RESTAURANT, INC","street":"73 JAY STREET","neighborhood":"BROOKLYN","borough":"Brooklyn","zip":"11201","type":"sidewalk","status":"Issued","licenseIssued":"2026-02-13","licenseExpires":"2030-02-13","nta":"BK0202","bbl":"3000410001","sid":["row-hsv6~94jr.4u7i"]}},{"type":"Feature","id":"eoy-950bdd6200df","geometry":{"type":"Point","coordinates":[-73.96308201326,40.717061493746]},"properties":{"id":"eoy-950bdd6200df","name":"JACK'S WIFE FREDA","legalName":"JANKYBOYZ LLC","street":"258 WYTHE AVENUE","neighborhood":"BROOKLYN","borough":"Brooklyn","zip":"11249","type":"both","status":"Issued","licenseIssued":"2025-08-08","licenseExpires":"2029-08-08","nta":"BK0102","bbl":"3023570017","sid":["row-6dyu-ybk4~nj3j","row-k559_p77n-a2g9"]}},{"type":"Feature","id":"eoy-9520875d3f6c","geometry":{"type":"Point","coordinates":[-73.999357776932,40.728268828151]},"properties":{"id":"eoy-9520875d3f6c","name":"WICKED WILLY'S","legalName":"SHIP WRECKED BAR AND GRILL, INC.","street":"149 BLEECKER STREET","neighborhood":"NEW YORK","borough":"Manhattan","zip":"10012","type":"roadway","status":"Issued","licenseIssued":"2026-01-02","licenseExpires":"2030-01-02","nta":"MN0202","bbl":"1005370036","sid":["row-rnit.v3j3_sxws"]}},{"type":"Feature","id":"eoy-9524865ee724","geometry":{"type":"Point","coordinates":[-73.981866195331,40.728352484287]},"properties":{"id":"eoy-9524865ee724","name":"WESTVILLE","legalName":"WESTVILLE RESTAURANT, INC.","street":"173 AVENUE A","neighborhood":"NEW YORK","borough":"Manhattan","zip":"10009","type":"sidewalk","status":"Issued","licenseIssued":"2026-09-11","licenseExpires":"2030-09-11","nta":"MN0303","bbl":"1004380027","sid":["row-dv7h_uphv-y2u6"]}},{"type":"Feature","id":"eoy-954324263ef8","geometry":{"type":"Point","coordinates":[-73.986314085955,40.767100897914]},"properties":{"id":"eoy-954324263ef8","name":"RISE BAR","legalName":"RISE BAR NYC LLC","street":"859 9 AVENUE","neighborhood":"NEW YORK","borough":"Manhattan","zip":"10019","type":"both","status":"Issued","licenseIssued":"2026-03-06","licenseExpires":"2030-03-06","nta":"MN0402","bbl":"1010650036","sid":["row-4s6b.kxuy~wg5z","row-vacc.ea97_itw7"]}},{"type":"Feature","id":"eoy-954e63422ff3","geometry":{"type":"Point","coordinates":[-73.950787805897,40.770914609314]},"properties":{"id":"eoy-954e63422ff3","name":"SALVO'S","legalName":"PIZZA 78 LLC","street":"1477 YORK AVENUE","neighborhood":"NEW YORK","borough":"Manhattan","zip":"10075","type":"sidewalk","status":"Issued","licenseIssued":"2026-07-24","licenseExpires":"2030-07-24","nta":"MN0801","bbl":"1014730022","sid":["row-x7mi.mm4s_r6q5"]}},{"type":"Feature","id":"eoy-956003b8381d","geometry":{"type":"Point","coordinates":[-73.995843921175,40.722979589862]},"properties":{"id":"eoy-956003b8381d","name":"LOCAL 92 SOHO","legalName":"NEW ZOE 21 INC","street":"244 MULBERRY ST","neighborhood":"NEW YORK","borough":"Manhattan","zip":"10012","type":"both","status":"Issued","licenseIssued":"2026-06-26","licenseExpires":"2030-06-26","nta":"MN0201","bbl":"1004940015","sid":["row-2u7q.im7g.uu88","row-h9b8.y2ew~uu4m"]}},{"type":"Feature","id":"eoy-956418b458ff","geometry":{"type":"Point","coordinates":[-73.987480450776,40.765509072025]},"properties":{"id":"eoy-956418b458ff","name":"NORMA","legalName":"SICILIAN SAGE LLC","street":"801 9 AVENUE","neighborhood":"NEW YORK","borough":"Manhattan","zip":"10019","type":"both","status":"Issued","licenseIssued":"2026-03-13","licenseExpires":"2030-03-13","nta":"MN0402","bbl":"1010630029","sid":["row-k6g8_8edu~e4jx","row-z6a5-279j_mzga"]}},{"type":"Feature","id":"eoy-95ca0e270be8","geometry":{"type":"Point","coordinates":[-74.004416484337,40.732759180971]},"properties":{"id":"eoy-95ca0e270be8","name":"BUVETTE","legalName":"JMWILLIAMS, LLC","street":"42 GROVE STREET","neighborhood":"NEW YORK","borough":"Manhattan","zip":"10014","type":"both","status":"Issued","licenseIssued":"2025-07-18","licenseExpires":"2029-07-18","nta":"MN0203","bbl":"1005880018","sid":["row-jjcf-43sy~gzmq","row-muej-42kj.hzpy"]}},{"type":"Feature","id":"eoy-95e65c4097ed","geometry":{"type":"Point","coordinates":[-74.013287080871,40.708732667141]},"properties":{"id":"eoy-95e65c4097ed","name":"GEORGE'S","legalName":"RECTOR STREET FOOD ENTERPRISES LTD","street":"8789 GREENWICH STREET","neighborhood":"NEW YORK","borough":"Manhattan","zip":"10006","type":"sidewalk","status":"Issued","licenseIssued":"2026-09-25","licenseExpires":"2030-09-25","nta":"MN0101","bbl":null,"sid":["row-zxag.wr2e.f45v"]}},{"type":"Feature","id":"eoy-9614b2de8d17","geometry":{"type":"Point","coordinates":[-73.986775746534,40.751162138093]},"properties":{"id":"eoy-9614b2de8d17","name":"SUSHI & CO","legalName":"DAEBAK SHINHWA INC.","street":"980 6 AVENUE","neighborhood":"NEW YORK","borough":"Manhattan","zip":"10018","type":"sidewalk","status":"Issued","licenseIssued":"2026-04-03","licenseExpires":"2030-04-03","nta":"MN0502","bbl":"1008380001","sid":["row-rygd~met4.ffxb"]}},{"type":"Feature","id":"eoy-96182eafbe8f","geometry":{"type":"Point","coordinates":[-74.022402828775,40.645078033368]},"properties":{"id":"eoy-96182eafbe8f","name":"CAFE 58 PIZZERIA & GRILL","legalName":"AB CAFE 58 LLC","street":"169 58 STREET","neighborhood":"BROOKLYN","borough":"Brooklyn","zip":"11220","type":"roadway","status":"Issued","licenseIssued":"2026-03-13","licenseExpires":"2030-03-13","nta":"BK0702","bbl":"3008440047","sid":["row-2b4g_qg6w.p4z7"]}},{"type":"Feature","id":"eoy-962dc3f25bf4","geometry":{"type":"Point","coordinates":[-73.997185481415,40.73493582977]},"properties":{"id":"eoy-962dc3f25bf4","name":"GENE'S RESTURANT","legalName":"PINEIRO REST INC","street":"73 WEST 11 STREET","neighborhood":"NEW YORK","borough":"Manhattan","zip":"10011","type":"sidewalk","status":"Issued","licenseIssued":"2026-09-02","licenseExpires":"2030-09-02","nta":"MN0202","bbl":"1005750086","sid":["row-yd4w.tbga-yxdq"]}},{"type":"Feature","id":"eoy-963f3f96a85b","geometry":{"type":"Point","coordinates":[-73.995381239429,40.73584703304]},"properties":{"id":"eoy-963f3f96a85b","name":"DA ANDREA","legalName":"ANDREAS WV, LLC","street":"35 WEST 13 STREET","neighborhood":"NEW YORK","borough":"Manhattan","zip":"10011","type":"both","status":"Issued","licenseIssued":"2026-03-13","licenseExpires":"2030-03-13","nta":"MN0202","bbl":"1005770019","sid":["row-pee5_vrgc.ynbp","row-tqkm.jdsv.x9dr"]}},{"type":"Feature","id":"eoy-964512b6cc2b","geometry":{"type":"Point","coordinates":[-73.999458800383,40.728318234456]},"properties":{"id":"eoy-964512b6cc2b","name":"THE RED LION","legalName":"151 BLEECKER LLC","street":"151 BLEECKER STREET","neighborhood":"NEW YORK","borough":"Manhattan","zip":"10012","type":"both","status":"Issued","licenseIssued":"2026-08-21","licenseExpires":"2030-08-21","nta":"MN0202","bbl":"1005370037","sid":["row-m4h9-ihj8.mj8a","row-wusj-7nxg_375t"]}},{"type":"Feature","id":"eoy-96491829340d","geometry":{"type":"Point","coordinates":[-73.958016708262,40.769251414038]},"properties":{"id":"eoy-96491829340d","name":"MISSION CEVICHE","legalName":"MISSION CEVICHE UES INC","street":"1400 2 AVENUE","neighborhood":"NEW YORK","borough":"Manhattan","zip":"10021","type":"sidewalk","status":"Issued","licenseIssued":"2026-03-27","licenseExpires":"2030-03-27","nta":"MN0801","bbl":"1014477501","sid":["row-7d3z~py7a.fpjy"]}},{"type":"Feature","id":"eoy-966704668b8a","geometry":{"type":"Point","coordinates":[-73.992151566806,40.737103959456]},"properties":{"id":"eoy-966704668b8a","name":"BREADS BAKERY","legalName":"BREAD OF UNION SQUARE LLC","street":"18 EAST 16 STREET","neighborhood":"NEW YORK","borough":"Manhattan","zip":"10003","type":"roadway","status":"Issued","licenseIssued":"2026-01-02","licenseExpires":"2030-01-02","nta":"MN0501","bbl":"1008430037","sid":["row-7gtv~3jgm.twxp"]}},{"type":"Feature","id":"eoy-96baa6407e1a","geometry":{"type":"Point","coordinates":[-73.971595398318,40.691872411467]},"properties":{"id":"eoy-96baa6407e1a","name":"RHODORA","legalName":"PLATAMATA LLC","street":"197 ADELPHI STREET","neighborhood":"BROOKLYN","borough":"Brooklyn","zip":"11205","type":"both","status":"Issued","licenseIssued":"2026-08-28","licenseExpires":"2030-08-28","nta":"BK0203","bbl":"3020740001","sid":["row-amqb_3wtz.ivyt","row-u9yw~98au.pt63"]}},{"type":"Feature","id":"eoy-96bdc1980d8e","geometry":{"type":"Point","coordinates":[-73.979032964257,40.77705777194]},"properties":{"id":"eoy-96bdc1980d8e","name":"ELLA SOCIAL","legalName":"CMR REST CORP","street":"249 COLUMBUS AVENUE","neighborhood":"NEW YORK","borough":"Manhattan","zip":"10023","type":"sidewalk","status":"Issued","licenseIssued":"2026-07-24","licenseExpires":"2030-07-24","nta":"MN0701","bbl":"1011240062","sid":["row-cjp4-3nn3-65zd"]}},{"type":"Feature","id":"eoy-970e4a9f2bc9","geometry":{"type":"Point","coordinates":[-73.972804703637,40.785600882202]},"properties":{"id":"eoy-970e4a9f2bc9","name":"COTTA","legalName":"513 COLUMBUS LLC","street":"513 COLUMBUS AVENUE","neighborhood":"NEW YORK","borough":"Manhattan","zip":"10024","type":"both","status":"Issued","licenseIssued":"2025-11-07","licenseExpires":"2029-11-07","nta":"MN0702","bbl":"1011987502","sid":["row-gpac_2gvc.jyvf","row-vyj8.pftz-3tfr"]}},{"type":"Feature","id":"eoy-976239d483a0","geometry":{"type":"Point","coordinates":[-74.000476357965,40.742574540056]},"properties":{"id":"eoy-976239d483a0","name":"SHY SHY","legalName":"169 EIGHTH RESTAURANT CORP","street":"169 8 AVENUE","neighborhood":"NEW YORK","borough":"Manhattan","zip":"10011","type":"sidewalk","status":"Issued","licenseIssued":"2026-06-26","licenseExpires":"2030-06-26","nta":"MN0401","bbl":"1007420038","sid":["row-thrx~p3gq~crps"]}},{"type":"Feature","id":"eoy-97db81615978","geometry":{"type":"Point","coordinates":[-73.995959491426,40.720948466301]},"properties":{"id":"eoy-97db81615978","name":"KOLKATA CHAI CO","legalName":"KOLKATA CHAI CAFE 2 LLC","street":"60 KENMARE STREET","neighborhood":"NEW YORK","borough":"Manhattan","zip":"10012","type":"sidewalk","status":"Issued","licenseIssued":"2026-05-15","licenseExpires":"2030-05-15","nta":"MN0201","bbl":"1004800033","sid":["row-x2sm~wvtg-sx88"]}},{"type":"Feature","id":"eoy-97ea6169f680","geometry":{"type":"Point","coordinates":[-73.999953104394,40.716482800206]},"properties":{"id":"eoy-97ea6169f680","name":"WHISKEY TAVERN","legalName":"79 RESTAURANT CORP.","street":"79 BAXTER STREET","neighborhood":"NEW YORK","borough":"Manhattan","zip":"10013","type":"roadway","status":"Issued","licenseIssued":"2025-03-24","licenseExpires":"2029-03-24","nta":"MN0301","bbl":"1001990001","sid":["row-phhf-rfes_26e4"]}},{"type":"Feature","id":"eoy-980245ed3f71","geometry":{"type":"Point","coordinates":[-73.957311270239,40.777106644198]},"properties":{"id":"eoy-980245ed3f71","name":"GRILL POINT","legalName":"FAMOUS CORNER USA INC","street":"1215 LEXINGTON AVENUE","neighborhood":"NEW YORK","borough":"Manhattan","zip":"10028","type":"roadway","status":"Issued","licenseIssued":"2026-05-08","licenseExpires":"2030-05-08","nta":"MN0802","bbl":"1015110020","sid":["row-iekf.pzs3.3yaa"]}},{"type":"Feature","id":"eoy-981cadc12d30","geometry":{"type":"Point","coordinates":[-73.963020460881,40.769283327591]},"properties":{"id":"eoy-981cadc12d30","name":"BELLA BLU","legalName":"967 LEXINGTON AVENUE CORP.","street":"967 LEXINGTON AVENUE","neighborhood":"NEW YORK","borough":"Manhattan","zip":"10021","type":"roadway","status":"Issued","licenseIssued":"2026-05-29","licenseExpires":"2030-05-29","nta":"MN0802","bbl":"1014050021","sid":["row-r56y-kij8.shzd"]}},{"type":"Feature","id":"eoy-983c7c5541ce","geometry":{"type":"Point","coordinates":[-74.005142655605,40.604852558329]},"properties":{"id":"eoy-983c7c5541ce","name":"JIREH RESTAURANT","legalName":"JEREMIAS ALVARADO","street":"8715 18 AVENUE","neighborhood":"BROOKLYN","borough":"Brooklyn","zip":"11214","type":"sidewalk","status":"Issued","licenseIssued":"2026-09-18","licenseExpires":"2030-09-18","nta":"BK1102","bbl":"3064030023","sid":["row-v4zg~74d6-euzc"]}},{"type":"Feature","id":"eoy-985bada3b43e","geometry":{"type":"Point","coordinates":[-73.887467429515,40.855487781306]},"properties":{"id":"eoy-985bada3b43e","name":"FULL MOON PIZZA","legalName":"600 EAST 187TH STREET LLC","street":"600 EAST 187 STREET","neighborhood":"BRONX","borough":"Bronx","zip":"10458","type":"sidewalk","status":"Issued","licenseIssued":"2026-08-21","licenseExpires":"2030-08-21","nta":"BX0603","bbl":"2030730044","sid":["row-pusr_jigb~t9wq"]}},{"type":"Feature","id":"eoy-985f1ba7e76d","geometry":{"type":"Point","coordinates":[-74.00885271823,40.718513586926]},"properties":{"id":"eoy-985f1ba7e76d","name":"PUFFY'S TAVERN","legalName":"BERKSHIRE-PUFFY'S LLC","street":"81 HUDSON STREET","neighborhood":"NEW YORK","borough":"Manhattan","zip":"10013","type":"sidewalk","status":"Issued","licenseIssued":"2026-04-17","licenseExpires":"2030-04-17","nta":"MN0102","bbl":"1001800008","sid":["row-xd89_2ndc_4zm3"]}},{"type":"Feature","id":"eoy-988484881c14","geometry":{"type":"Point","coordinates":[-73.867612521329,40.899774756233]},"properties":{"id":"eoy-988484881c14","name":"AROMA CAFE","legalName":"DIDI KAFE INCORPORATED","street":"4331 KATONAH AVENUE","neighborhood":"BRONX","borough":"Bronx","zip":"10470","type":"sidewalk","status":"Issued","licenseIssued":"2026-07-02","licenseExpires":"2030-07-02","nta":"BX1203","bbl":"2033790060","sid":["row-i8mx-wi98.hdyj"]}},{"type":"Feature","id":"eoy-988bc32da421","geometry":{"type":"Point","coordinates":[-73.980222772205,40.734338545591]},"properties":{"id":"eoy-988bc32da421","name":"ESS-A-BAGEL","legalName":"ESS-A-BAGEL,TOO, INC","street":"324 1 AVENUE","neighborhood":"NEW YORK","borough":"Manhattan","zip":"10009","type":"sidewalk","status":"Issued","licenseIssued":"2026-07-24","licenseExpires":"2030-07-24","nta":"MN0601","bbl":"1009720001","sid":["row-j6ph-7ijs-frfq"]}},{"type":"Feature","id":"eoy-98a2666059a9","geometry":{"type":"Point","coordinates":[-73.990681082445,40.724472439716]},"properties":{"id":"eoy-98a2666059a9","name":"WIN SON BAKERY","legalName":"KITCHEN NUGGETS LLC","street":"23 2 AVENUE","neighborhood":"NEW YORK","borough":"Manhattan","zip":"10003","type":"sidewalk","status":"Issued","licenseIssued":"2026-04-09","licenseExpires":"2030-04-09","nta":"MN0303","bbl":"1004570033","sid":["row-rwa6-979i_sie2"]}},{"type":"Feature","id":"eoy-98fd78e3e91c","geometry":{"type":"Point","coordinates":[-73.956490218544,40.713235719259]},"properties":{"id":"eoy-98fd78e3e91c","name":"RECETTE","legalName":"MMI 2020 LLC","street":"103 HAVEMEYER STREET","neighborhood":"BROOKLYN","borough":"Brooklyn","zip":"11211","type":"both","status":"Issued","licenseIssued":"2025-04-04","licenseExpires":"2029-04-04","nta":"BK0102","bbl":"3023840003","sid":["row-evkt_q83c.i49i","row-xh2d~9zex~47in"]}},{"type":"Feature","id":"eoy-992c870f0222","geometry":{"type":"Point","coordinates":[-73.943858090664,40.683122821438]},"properties":{"id":"eoy-992c870f0222","name":"LER LERS","legalName":"KHOTR RWY THAII INC","street":"417 TOMPKINS AVENUE","neighborhood":"BROOKLYN","borough":"Brooklyn","zip":"11216","type":"sidewalk","status":"Issued","licenseIssued":"2026-07-24","licenseExpires":"2030-07-24","nta":"BK0301","bbl":"3018400010","sid":["row-qcpb.feva_q7sy"]}},{"type":"Feature","id":"eoy-99353ccd71f3","geometry":{"type":"Point","coordinates":[-73.994161906741,40.73233642364]},"properties":{"id":"eoy-99353ccd71f3","name":"MADMAN BAKERY","legalName":"MARIOLINA LLC","street":"42 UNIVERSITY PLACE","neighborhood":"NEW YORK","borough":"Manhattan","zip":"10003","type":"roadway","status":"Issued","licenseIssued":"2026-04-03","licenseExpires":"2030-04-03","nta":"MN0202","bbl":"1005670019","sid":["row-vwi3.7kcv-ssau"]}},{"type":"Feature","id":"eoy-9937f32baf53","geometry":{"type":"Point","coordinates":[-74.001244864328,40.733928528991]},"properties":{"id":"eoy-9937f32baf53","name":"RADIANT CAFE & WINE BAR","legalName":"VIBRANT NYC LLC","street":"172 WAVERLY PLACE","neighborhood":"NEW YORK","borough":"Manhattan","zip":"10014","type":"sidewalk","status":"Issued","licenseIssued":"2026-08-07","licenseExpires":"2030-08-07","nta":"MN0203","bbl":"1006100027","sid":["row-728p_gyi4_ksnd"]}},{"type":"Feature","id":"eoy-9956a577515a","geometry":{"type":"Point","coordinates":[-73.988292903674,40.723467636191]},"properties":{"id":"eoy-9956a577515a","name":"LIL FRANKIE'S PIZZA","legalName":"JUST AN OVEN CORP","street":"19 1 AVENUE","neighborhood":"NEW YORK","borough":"Manhattan","zip":"10003","type":"both","status":"Issued","licenseIssued":"2026-06-12","licenseExpires":"2030-06-12","nta":"MN0303","bbl":"1004430036","sid":["row-6sgu~kanf-2mc6","row-xkqc~a3en.dpna"]}},{"type":"Feature","id":"eoy-9958e96fafc6","geometry":{"type":"Point","coordinates":[-74.002330640884,40.724744526499]},"properties":{"id":"eoy-9958e96fafc6","name":"BOQUERIA","legalName":"BOQUERIA SOHO LLC","street":"171 SPRING STREET","neighborhood":"NEW YORK","borough":"Manhattan","zip":"10012","type":"roadway","status":"Issued","licenseIssued":"2026-05-08","licenseExpires":"2030-05-08","nta":"MN0201","bbl":"1005020041","sid":["row-qtn6~bdtq-km6b"]}},{"type":"Feature","id":"eoy-99ac6990af2d","geometry":{"type":"Point","coordinates":[-73.964009540077,40.802783341084]},"properties":{"id":"eoy-99ac6990af2d","name":"ELIS WINE BAR","legalName":"TWO GUYS CATERING LLC","street":"1012 AMSTERDAM AVENUE","neighborhood":"NEW YORK","borough":"Manhattan","zip":"10025","type":"sidewalk","status":"Issued","licenseIssued":"2026-08-27","licenseExpires":"2030-08-27","nta":"MN0703","bbl":"1018810035","sid":["row-fqnq.d37a.xvm6"]}},{"type":"Feature","id":"eoy-99c85fe9feb6","geometry":{"type":"Point","coordinates":[-73.959531818288,40.771192500921]},"properties":{"id":"eoy-99c85fe9feb6","name":"JG MELON","legalName":"1291 PUB INC.","street":"1291 3 AVENUE","neighborhood":"NEW YORK","borough":"Manhattan","zip":"10021","type":"both","status":"Issued","licenseIssued":"2026-08-14","licenseExpires":"2030-08-14","nta":"MN0801","bbl":"1014290001","sid":["row-4dfb~bwfv.uzs5","row-wx2d-5whc.gzq6"]}},{"type":"Feature","id":"eoy-99dad2b3be60","geometry":{"type":"Point","coordinates":[-74.001623098743,40.707864213514]},"properties":{"id":"eoy-99dad2b3be60","name":"URBAN COVE SOCIETY & KITCHEN","legalName":"SONO LEGIT NY LLC","street":"33 PECK SLIP","neighborhood":"NEW YORK","borough":"Manhattan","zip":"10038","type":"roadway","status":"Issued","licenseIssued":"2026-03-13","licenseExpires":"2030-03-13","nta":"MN0101","bbl":"1001070038","sid":["row-86ik-uey8~9ews"]}},{"type":"Feature","id":"eoy-99dae8e6c9f1","geometry":{"type":"Point","coordinates":[-74.14373786411,40.626114156596]},"properties":{"id":"eoy-99dae8e6c9f1","name":"LA TUNA RESTAURANT","legalName":"LA TUNA INC.","street":"68 VAN RIPER STREET","neighborhood":"STATEN ISLAND","borough":"Staten Island","zip":"10302","type":"roadway","status":"Issued","licenseIssued":"2026-01-16","licenseExpires":"2030-01-16","nta":"SI0106","bbl":"5011400082","sid":["row-jpd8-3zkq-z6ny"]}},{"type":"Feature","id":"eoy-9a0f802e2209","geometry":{"type":"Point","coordinates":[-73.973951642805,40.789152856795]},"properties":{"id":"eoy-9a0f802e2209","name":"BODRUM","legalName":"TB 584 AMSTERDAM RESTAURANT CORP.","street":"584 AMSTERDAM AVENUE","neighborhood":"NEW YORK","borough":"Manhattan","zip":"10024","type":"both","status":"Issued","licenseIssued":"2026-04-17","licenseExpires":"2030-04-17","nta":"MN0702","bbl":"1012360032","sid":["row-d5fv_2xjk~vrfi","row-vtpc-4aiv.d4u5"]}},{"type":"Feature","id":"eoy-9a2b4b7f6701","geometry":{"type":"Point","coordinates":[-73.889254484113,40.750911834014]},"properties":{"id":"eoy-9a2b4b7f6701","name":"ESPRESSO 77","legalName":"ESPRESSO 77, INC","street":"35-57 77 STREET","neighborhood":"JACKSON HEIGHTS","borough":"Queens","zip":"11372","type":"both","status":"Issued","licenseIssued":"2025-10-03","licenseExpires":"2029-10-03","nta":"QN0301","bbl":"4012770036","sid":["row-qbu7~u4mt-vvkf","row-t3hn-ceur_xpc5"]}},{"type":"Feature","id":"eoy-9a631238b45f","geometry":{"type":"Point","coordinates":[-74.009955010123,40.611656565165]},"properties":{"id":"eoy-9a631238b45f","name":"VIVA MEXICO","legalName":"VIVA MEXICO LLC","street":"1474 86 STREET","neighborhood":"BROOKLYN","borough":"Brooklyn","zip":"11228","type":"sidewalk","status":"Issued","licenseIssued":"2026-07-20","licenseExpires":"2030-07-20","nta":"BK1102","bbl":"3063590036","sid":["row-imwr~f5xh_w4x2"]}},{"type":"Feature","id":"eoy-9a6e1a7501c7","geometry":{"type":"Point","coordinates":[-73.952154062908,40.80880098813]},"properties":{"id":"eoy-9a6e1a7501c7","name":"AWAZE ETHIOPIAN CUISINE","legalName":"AWAZE ETHIOPIAN CUISINE INC.","street":"2288 FREDERICK DOUGLASS BOULEVARD","neighborhood":"NEW YORK","borough":"Manhattan","zip":"10027","type":"sidewalk","status":"Issued","licenseIssued":"2026-08-28","licenseExpires":"2030-08-28","nta":"MN1001","bbl":"1019280061","sid":["row-p98r_pnz2.z5vm"]}},{"type":"Feature","id":"eoy-9a71d951a00d","geometry":{"type":"Point","coordinates":[-73.955788098871,40.776321067808]},"properties":{"id":"eoy-9a71d951a00d","name":"DYLAN MURPHY'S","legalName":"82ND STREET CAFE, INC.","street":"1453 3 AVENUE","neighborhood":"NEW YORK","borough":"Manhattan","zip":"10028","type":"sidewalk","status":"Issued","licenseIssued":"2026-07-02","licenseExpires":"2030-07-02","nta":"MN0803","bbl":"1015280001","sid":["row-88uh_82gd.rg79"]}},{"type":"Feature","id":"eoy-9a7a6cdc6282","geometry":{"type":"Point","coordinates":[-73.966320943832,40.753609028645]},"properties":{"id":"eoy-9a7a6cdc6282","name":"CHEZ LES FRENCHIES CAFE","legalName":"CLF1 LLC","street":"882 1 AVENUE","neighborhood":"NEW YORK","borough":"Manhattan","zip":"10022","type":"sidewalk","status":"Issued","licenseIssued":"2026-08-14","licenseExpires":"2030-08-14","nta":"MN0604","bbl":"1013610049","sid":["row-2daw.8s9c_xc3p"]}},{"type":"Feature","id":"eoy-9a7edfd6cd41","geometry":{"type":"Point","coordinates":[-73.955356370937,40.768660287414]},"properties":{"id":"eoy-9a7edfd6cd41","name":"B & B BAGELS","legalName":"B M BRAND BAGELS LLC","street":"1370 1 AVENUE","neighborhood":"NEW YORK","borough":"Manhattan","zip":"10021","type":"sidewalk","status":"Issued","licenseIssued":"2026-07-20","licenseExpires":"2030-07-20","nta":"MN0801","bbl":"1014680001","sid":["row-bzas-rmbf~46kq"]}},{"type":"Feature","id":"eoy-9a98b9f492ed","geometry":{"type":"Point","coordinates":[-73.957228154481,40.777216403439]},"properties":{"id":"eoy-9a98b9f492ed","name":"L'OSTERIA","legalName":"MHH 1590 LLC","street":"1219 LEXINGTON AVENUE","neighborhood":"NEW YORK","borough":"Manhattan","zip":"10028","type":"roadway","status":"Issued","licenseIssued":"2026-08-21","licenseExpires":"2030-08-21","nta":"MN0802","bbl":"1015110020","sid":["row-kbsj.uf7a.r3m8"]}},{"type":"Feature","id":"eoy-9aca06f13235","geometry":{"type":"Point","coordinates":[-73.954030822739,40.774747632908]},"properties":{"id":"eoy-9aca06f13235","name":"ANITA GELATO","legalName":"ANITA USA INC.","street":"1561 2 AVENUE","neighborhood":"NEW YORK","borough":"Manhattan","zip":"10028","type":"sidewalk","status":"Issued","licenseIssued":"2026-07-20","licenseExpires":"2030-07-20","nta":"MN0803","bbl":"1015270021","sid":["row-b67d-6bgb.nzs2"]}},{"type":"Feature","id":"eoy-9ad4cdbfe5ed","geometry":{"type":"Point","coordinates":[-74.004599533402,40.718744396864]},"properties":{"id":"eoy-9ad4cdbfe5ed","name":"PETRARCA","legalName":"BANCONE LLC","street":"34 WHITE STREET","neighborhood":"NEW YORK","borough":"Manhattan","zip":"10013","type":"sidewalk","status":"Issued","licenseIssued":"2026-04-17","licenseExpires":"2030-04-17","nta":"MN0102","bbl":"1001930017","sid":["row-vk2u~skqw.9f2p"]}},{"type":"Feature","id":"eoy-9adfb87de001","geometry":{"type":"Point","coordinates":[-73.990655158805,40.703595726117]},"properties":{"id":"eoy-9adfb87de001","name":"ZIGGY'S ROMAN CAFE","legalName":"MAIN ST. PIRATE SHIP HOSPITALITY LLC","street":"15 MAIN STREET","neighborhood":"BROOKLYN","borough":"Brooklyn","zip":"11201","type":"sidewalk","status":"Issued","licenseIssued":"2026-06-12","licenseExpires":"2030-06-12","nta":"BK0202","bbl":"3000277501","sid":["row-z9ed_7ic2-qgix"]}},{"type":"Feature","id":"eoy-9af7bbc3689a","geometry":{"type":"Point","coordinates":[-73.986185221784,40.727145388761]},"properties":{"id":"eoy-9af7bbc3689a","name":"VISIT SICILY NYC","legalName":"SICILY STREET FOOD INC","street":"86 EAST 7 STREET","neighborhood":"NEW YORK","borough":"Manhattan","zip":"10003","type":"both","status":"Issued","licenseIssued":"2026-09-02","licenseExpires":"2030-09-02","nta":"MN0303","bbl":"1004480027","sid":["row-5gvw-59n5_jqny","row-5qej_kd8y.qaef"]}},{"type":"Feature","id":"eoy-9b06e7470e84","geometry":{"type":"Point","coordinates":[-73.952643020402,40.77665467344]},"properties":{"id":"eoy-9b06e7470e84","name":"GREEN KITCHEN","legalName":"GREEN 84 LLC","street":"1619 2 AVENUE","neighborhood":"NEW YORK","borough":"Manhattan","zip":"10028","type":"both","status":"Issued","licenseIssued":"2026-05-01","licenseExpires":"2030-05-01","nta":"MN0803","bbl":"1015300021","sid":["row-2wpd.64pj-7ad5","row-ayed.c5gc-pnji"]}},{"type":"Feature","id":"eoy-9b24ba21938e","geometry":{"type":"Point","coordinates":[-73.950352453571,40.657958954751]},"properties":{"id":"eoy-9b24ba21938e","name":"DJON DJON","legalName":"DJONDJON LLC","street":"1206 NOSTRAND AVENUE","neighborhood":"BROOKLYN","borough":"Brooklyn","zip":"11225","type":"sidewalk","status":"Issued","licenseIssued":"2026-09-04","licenseExpires":"2030-09-04","nta":"BK0902","bbl":"3050440052","sid":["row-3xa6-44mt.czbk"]}},{"type":"Feature","id":"eoy-9b257c8c95ab","geometry":{"type":"Point","coordinates":[-73.965679492956,40.800491987865]},"properties":{"id":"eoy-9b257c8c95ab","name":"CALAVERAS CORNER","legalName":"LUKE GUY LLC","street":"936 AMSTERDAM AVENUE","neighborhood":"NEW YORK","borough":"Manhattan","zip":"10025","type":"sidewalk","status":"Issued","licenseIssued":"2026-07-21","licenseExpires":"2030-07-21","nta":"MN0703","bbl":"1018780029","sid":["row-afnj~68iw~hvvp"]}},{"type":"Feature","id":"eoy-9b623f3af501","geometry":{"type":"Point","coordinates":[-73.943890401437,40.683287523776]},"properties":{"id":"eoy-9b623f3af501","name":"PEACHES HOTHOUSE","legalName":"HOT FISH LLC","street":"415 TOMPKINS AVENUE","neighborhood":"BROOKLYN","borough":"Brooklyn","zip":"11216","type":"sidewalk","status":"Issued","licenseIssued":"2026-06-12","licenseExpires":"2030-06-12","nta":"BK0301","bbl":"3018350001","sid":["row-gkc8_89pp.pu7z"]}},{"type":"Feature","id":"eoy-9b81b8e117a1","geometry":{"type":"Point","coordinates":[-73.98618975195,40.75739816357]},"properties":{"id":"eoy-9b81b8e117a1","name":"CARMINE'S","legalName":"LITTLE FISH CORP.","street":"200 WEST 44 STREET","neighborhood":"NEW YORK","borough":"Manhattan","zip":"10036","type":"roadway","status":"Issued","licenseIssued":"2025-05-23","licenseExpires":"2029-05-23","nta":"MN0502","bbl":"1010150029","sid":["row-msj2.ynef_qvue"]}},{"type":"Feature","id":"eoy-9b9d743125a5","geometry":{"type":"Point","coordinates":[-73.989744063259,40.717961771669]},"properties":{"id":"eoy-9b9d743125a5","name":"THE TEN BELLS","legalName":"FLORA & JASPER INC.","street":"247 BROOME STREET","neighborhood":"NEW YORK","borough":"Manhattan","zip":"10002","type":"roadway","status":"Issued","licenseIssued":"2026-08-28","licenseExpires":"2030-08-28","nta":"MN0302","bbl":"1004080013","sid":["row-k7d7.e73k~vw8b"]}},{"type":"Feature","id":"eoy-9ba3d239f0de","geometry":{"type":"Point","coordinates":[-73.982977704029,40.727397476077]},"properties":{"id":"eoy-9ba3d239f0de","name":"VILLAGE CREPERIE","legalName":"VICTORY'S FLAVOR CORP","street":"445 EAST 9 STREET","neighborhood":"NEW YORK","borough":"Manhattan","zip":"10009","type":"sidewalk","status":"Issued","licenseIssued":"2026-09-18","licenseExpires":"2030-09-18","nta":"MN0303","bbl":"1004370133","sid":["row-rw23_9pzk_dgb4"]}},{"type":"Feature","id":"eoy-9be2406513f3","geometry":{"type":"Point","coordinates":[-73.965156044334,40.683103826457]},"properties":{"id":"eoy-9be2406513f3","name":"SISTERS","legalName":"WAITERS 0 AND 82 LLC","street":"900 FULTON STREET","neighborhood":"BROOKLYN","borough":"Brooklyn","zip":"11238","type":"sidewalk","status":"Issued","licenseIssued":"2026-07-24","licenseExpires":"2030-07-24","nta":"BK0204","bbl":"3020120032","sid":["row-rrau.zngi_mzs8"]}},{"type":"Feature","id":"eoy-9bff3928d855","geometry":{"type":"Point","coordinates":[-73.959443917614,40.767336087009]},"properties":{"id":"eoy-9bff3928d855","name":"GREEN KITCHEN","legalName":"GREEN 70 LLC","street":"1325 2 AVENUE","neighborhood":"NEW YORK","borough":"Manhattan","zip":"10021","type":"sidewalk","status":"Issued","licenseIssued":"2026-05-15","licenseExpires":"2030-05-15","nta":"MN0801","bbl":"1014247501","sid":["row-sw69~p2ci~wt5k"]}},{"type":"Feature","id":"eoy-9c005dfbc030","geometry":{"type":"Point","coordinates":[-74.002915384049,40.731098646119]},"properties":{"id":"eoy-9c005dfbc030","name":"TACOMBI","legalName":"LA CORNELIA LLC","street":"255 BLEECKER STREET","neighborhood":"NEW YORK","borough":"Manhattan","zip":"10014","type":"roadway","status":"Issued","licenseIssued":"2026-09-18","licenseExpires":"2030-09-18","nta":"MN0203","bbl":"1005890010","sid":["row-6q8k-32ia-k44y"]}},{"type":"Feature","id":"eoy-9c08c9b91628","geometry":{"type":"Point","coordinates":[-73.986385555555,40.665116304937]},"properties":{"id":"eoy-9c08c9b91628","name":"PICCOLI TRATTORIA","legalName":"PICCOLION6TH CORP","street":"522 6 AVENUE","neighborhood":"BROOKLYN","borough":"Brooklyn","zip":"11215","type":"sidewalk","status":"Issued","licenseIssued":"2026-06-05","licenseExpires":"2030-06-05","nta":"BK0602","bbl":"3010350048","sid":["row-k7ex_q2ny~t4tc"]}},{"type":"Feature","id":"eoy-9c53f3715f57","geometry":{"type":"Point","coordinates":[-74.009746738044,40.71421246245]},"properties":{"id":"eoy-9c53f3715f57","name":"MONK MCGINNS","legalName":"MURRAY 57 LLC","street":"57 MURRAY STREET","neighborhood":"NEW YORK","borough":"Manhattan","zip":"10007","type":"roadway","status":"Issued","licenseIssued":"2025-09-05","licenseExpires":"2029-09-05","nta":"MN0102","bbl":"1001330013","sid":["row-n8hk~qbhr-c3n3"]}},{"type":"Feature","id":"eoy-9c5ee4a1ed75","geometry":{"type":"Point","coordinates":[-73.935297381789,40.76944122228]},"properties":{"id":"eoy-9c5ee4a1ed75","name":"CHATEAU LE WOOF CAFE","legalName":"CHÂTEAU LE WOOF INC","street":"31-01 VERNON BOULEVARD","neighborhood":"ASTORIA","borough":"Queens","zip":"11106","type":"roadway","status":"Issued","licenseIssued":"2026-03-13","licenseExpires":"2030-03-13","nta":"QN0102","bbl":"4005030005","sid":["row-vri6-fsnt.yi8q"]}},{"type":"Feature","id":"eoy-9c76c9f530bb","geometry":{"type":"Point","coordinates":[-74.003942865789,40.716946598271]},"properties":{"id":"eoy-9c76c9f530bb","name":"THINK COFFEE","legalName":"THINK TRIBECA LLC","street":"350 BROADWAY","neighborhood":"NEW YORK","borough":"Manhattan","zip":"10013","type":"sidewalk","status":"Issued","licenseIssued":"2026-07-20","licenseExpires":"2030-07-20","nta":"MN0102","bbl":"1001717503","sid":["row-m3r4~m38p~d22z"]}},{"type":"Feature","id":"eoy-9c824635c5a4","geometry":{"type":"Point","coordinates":[-73.950138024189,40.583479132328]},"properties":{"id":"eoy-9c824635c5a4","name":"SOUP N BURGER","legalName":"SOUP N BURGER CORP","street":"1825 EMMONS AVENUE","neighborhood":"BROOKLYN","borough":"Brooklyn","zip":"11235","type":"sidewalk","status":"Issued","licenseIssued":"2026-03-13","licenseExpires":"2030-03-13","nta":"BK1503","bbl":"3087737501","sid":["row-ds9q~v7im-jqtp"]}},{"type":"Feature","id":"eoy-9c8fb9ec4fb7","geometry":{"type":"Point","coordinates":[-73.96087521911,40.68802936764]},"properties":{"id":"eoy-9c8fb9ec4fb7","name":"PEACHES GRAND","legalName":"HOT CHICKEN LLC","street":"4143 CLIFTON PLACE","neighborhood":"BROOKLYN","borough":"Brooklyn","zip":"11238","type":"sidewalk","status":"Issued","licenseIssued":"2026-05-22","licenseExpires":"2030-05-22","nta":"BK0204","bbl":null,"sid":["row-yabk_kduu_enqp"]}},{"type":"Feature","id":"eoy-9ca8194c0090","geometry":{"type":"Point","coordinates":[-73.984834628743,40.73251123469]},"properties":{"id":"eoy-9ca8194c0090","name":"THE LAURELS","legalName":"THE LONGFORD LADS LLC","street":"231 2 AVENUE","neighborhood":"NEW YORK","borough":"Manhattan","zip":"10003","type":"sidewalk","status":"Issued","licenseIssued":"2026-08-14","licenseExpires":"2030-08-14","nta":"MN0602","bbl":"1008960023","sid":["row-395b~ab5g~9iim"]}},{"type":"Feature","id":"eoy-9cbb99e106e7","geometry":{"type":"Point","coordinates":[-73.985462691098,40.747931395517]},"properties":{"id":"eoy-9cbb99e106e7","name":"LEGENDS NYC","legalName":"GREENSTICK CORP","street":"6 WEST 33 STREET","neighborhood":"NEW YORK","borough":"Manhattan","zip":"10001","type":"both","status":"Issued","licenseIssued":"2025-10-03","licenseExpires":"2029-10-03","nta":"MN0501","bbl":"1008340049","sid":["row-e69y_269p~46mh","row-y42c_rm6p.emzk"]}},{"type":"Feature","id":"eoy-9cc99e0968ce","geometry":{"type":"Point","coordinates":[-73.984872108572,40.742211235007]},"properties":{"id":"eoy-9cc99e0968ce","name":"HOTEL GIRAFFE - THE GRAND LOBBY","legalName":"EAST 26 STREET & PARK AVENUE REALTY LLC","street":"365 PARK AVENUE SOUTH","neighborhood":"NEW YORK","borough":"Manhattan","zip":"10016","type":"sidewalk","status":"Issued","licenseIssued":"2026-07-21","licenseExpires":"2030-07-21","nta":"MN0602","bbl":"1008820001","sid":["row-44pu.7j92~ivzg"]}},{"type":"Feature","id":"eoy-9cd43c65fbfd","geometry":{"type":"Point","coordinates":[-73.977098190359,40.681388605396]},"properties":{"id":"eoy-9cd43c65fbfd","name":"5IVE SPICE","legalName":"BEYOND PHO CORP","street":"52 5 AVENUE","neighborhood":"BROOKLYN","borough":"Brooklyn","zip":"11217","type":"sidewalk","status":"Issued","licenseIssued":"2026-06-25","licenseExpires":"2030-06-25","nta":"BK0602","bbl":"3009320040","sid":["row-tycw.fua8.mbg6"]}},{"type":"Feature","id":"eoy-9ce0a7f8632c","geometry":{"type":"Point","coordinates":[-73.991649229603,40.714456857017]},"properties":{"id":"eoy-9ce0a7f8632c","name":"BACARO","legalName":"BACARO NYC, INC.","street":"136 DIVISION STREET","neighborhood":"NEW YORK","borough":"Manhattan","zip":"10002","type":"roadway","status":"Issued","licenseIssued":"2026-03-27","licenseExpires":"2030-03-27","nta":"MN0301","bbl":"1002940028","sid":["row-bzxh.xnaj-bchm"]}},{"type":"Feature","id":"eoy-9ce5d05608b9","geometry":{"type":"Point","coordinates":[-74.001252125823,40.736308239553]},"properties":{"id":"eoy-9ce5d05608b9","name":"VIN SUR VINGT","legalName":"GVI WEST VILLAGE LLC","street":"192 7 AVENUE SOUTH","neighborhood":"NEW YORK","borough":"Manhattan","zip":"10014","type":"sidewalk","status":"Issued","licenseIssued":"2026-05-22","licenseExpires":"2030-05-22","nta":"MN0203","bbl":"1006130053","sid":["row-dxmw_px8h~hhes"]}},{"type":"Feature","id":"eoy-9ceebd41c5ea","geometry":{"type":"Point","coordinates":[-74.006729192073,40.731049080016]},"properties":{"id":"eoy-9ceebd41c5ea","name":"HUDSON CLEARWATER","legalName":"VILLAGE RESTAURANT GROUP, LLC","street":"447 HUDSON STREET","neighborhood":"NEW YORK","borough":"Manhattan","zip":"10014","type":"sidewalk","status":"Issued","licenseIssued":"2026-07-21","licenseExpires":"2030-07-21","nta":"MN0203","bbl":"1006030072","sid":["row-gh2f~uadf-udqs"]}},{"type":"Feature","id":"eoy-9d1d2f6d45d3","geometry":{"type":"Point","coordinates":[-73.986422426224,40.766919756833]},"properties":{"id":"eoy-9d1d2f6d45d3","name":"KASHKAVAL GARDEN","legalName":"KASHKAVAL KITCHEN LLC","street":"852 9 AVENUE","neighborhood":"NEW YORK","borough":"Manhattan","zip":"10019","type":"sidewalk","status":"Issued","licenseIssued":"2026-04-24","licenseExpires":"2030-04-24","nta":"MN0402","bbl":"1010460004","sid":["row-nhyc_jdud.ti87"]}},{"type":"Feature","id":"eoy-9d2c5b63651a","geometry":{"type":"Point","coordinates":[-73.917240974008,40.764952922795]},"properties":{"id":"eoy-9d2c5b63651a","name":"MIMOZA","legalName":"36-05 30TH AVE REST CORP","street":"36-05 30 AVENUE","neighborhood":"ASTORIA","borough":"Queens","zip":"11103","type":"sidewalk","status":"Issued","licenseIssued":"2026-05-22","licenseExpires":"2030-05-22","nta":"QN0103","bbl":"4006300146","sid":["row-vj33~cd6m~umbr"]}},{"type":"Feature","id":"eoy-9d81b1f85aa1","geometry":{"type":"Point","coordinates":[-73.992707612722,40.7340024126]},"properties":{"id":"eoy-9d81b1f85aa1","name":"SWEETGREEN","legalName":"SWEETGREEN NEW YORK LLC","street":"101 UNIVERSITY PLACE","neighborhood":"NEW YORK","borough":"Manhattan","zip":"10003","type":"roadway","status":"Issued","licenseIssued":"2026-02-06","licenseExpires":"2030-02-06","nta":"MN0202","bbl":"1005640001","sid":["row-bbk6.jz9m_g6b2"]}},{"type":"Feature","id":"eoy-9dbcae3f4668","geometry":{"type":"Point","coordinates":[-73.953581500572,40.782218673136]},"properties":{"id":"eoy-9dbcae3f4668","name":"CORRADO BREAD & PASTRY","legalName":"LE BON NY CORP","street":"1361 LEXINGTON AVENUE","neighborhood":"NEW YORK","borough":"Manhattan","zip":"10128","type":"sidewalk","status":"Issued","licenseIssued":"2025-11-14","licenseExpires":"2029-11-14","nta":"MN0802","bbl":"1015190020","sid":["row-5jhz.87mn_bctp"]}},{"type":"Feature","id":"eoy-9dd3a7376382","geometry":{"type":"Point","coordinates":[-73.976325444157,40.785867903175]},"properties":{"id":"eoy-9dd3a7376382","name":"MARINARA","legalName":"PIZZA 84 LLC","street":"483 AMSTERDAM AVENUE","neighborhood":"NEW YORK","borough":"Manhattan","zip":"10024","type":"sidewalk","status":"Issued","licenseIssued":"2026-07-24","licenseExpires":"2030-07-24","nta":"MN0702","bbl":"1012140002","sid":["row-xbe6_z7uq-wjjf"]}},{"type":"Feature","id":"eoy-9de006435846","geometry":{"type":"Point","coordinates":[-73.997175306248,40.7196639515]},"properties":{"id":"eoy-9de006435846","name":"GELSO & GRAND","legalName":"161 MULBERRY RESTAURANT LLC","street":"161 MULBERRY STREET","neighborhood":"NEW YORK","borough":"Manhattan","zip":"10013","type":"both","status":"Issued","licenseIssued":"2026-05-08","licenseExpires":"2030-05-08","nta":"MN0201","bbl":"1004710022","sid":["row-4xui_qgw7-ggwt","row-cxhf_dev4.3cw8"]}},{"type":"Feature","id":"eoy-9de138aa80a8","geometry":{"type":"Point","coordinates":[-73.971763134761,40.679015929338]},"properties":{"id":"eoy-9de138aa80a8","name":"GERTRUDE'S","legalName":"RAD SPOT, LLC","street":"605 CARLTON AVENUE","neighborhood":"BROOKLYN","borough":"Brooklyn","zip":"11238","type":"sidewalk","status":"Issued","licenseIssued":"2026-06-25","licenseExpires":"2030-06-25","nta":"BK0801","bbl":"3011510008","sid":["row-2xes_m4fs~rbnt"]}},{"type":"Feature","id":"eoy-9e0582a2510e","geometry":{"type":"Point","coordinates":[-73.958877379272,40.743634883932]},"properties":{"id":"eoy-9e0582a2510e","name":"OSTERIA BROOKLYN @ LIC","legalName":"OSTERIA BROOKLYN LEASING CORP.","street":"1-50 50 AVENUE","neighborhood":"LONG ISLAND CITY","borough":"Queens","zip":"11101","type":"both","status":"Issued","licenseIssued":"2026-06-19","licenseExpires":"2030-06-19","nta":"QN0201","bbl":"4000067502","sid":["row-b2b3-nvai~9675","row-ijqb~r4v7_wz4g"]}},{"type":"Feature","id":"eoy-9e0ca26a79b9","geometry":{"type":"Point","coordinates":[-74.005174303498,40.733900971404]},"properties":{"id":"eoy-9e0ca26a79b9","name":"L'ARTUSI","legalName":"228 W 10TH ST LLC","street":"228 WEST 10 STREET","neighborhood":"NEW YORK","borough":"Manhattan","zip":"10014","type":"roadway","status":"Issued","licenseIssued":"2026-02-13","licenseExpires":"2030-02-13","nta":"MN0203","bbl":"1006190021","sid":["row-rsrj.r9km-iu73"]}},{"type":"Feature","id":"eoy-9e0e93d4b7c5","geometry":{"type":"Point","coordinates":[-73.981271428422,40.675238321002]},"properties":{"id":"eoy-9e0e93d4b7c5","name":"AL DI LA TRATTORIA","legalName":"JELA, LLC","street":"248 5 AVENUE","neighborhood":"BROOKLYN","borough":"Brooklyn","zip":"11215","type":"roadway","status":"Issued","licenseIssued":"2025-08-22","licenseExpires":"2029-08-22","nta":"BK0602","bbl":"3009580050","sid":["row-tjrn~gnsr-4x6q"]}},{"type":"Feature","id":"eoy-9e0fe12d200a","geometry":{"type":"Point","coordinates":[-73.923113808715,40.706301376735]},"properties":{"id":"eoy-9e0fe12d200a","name":"JUKE BAR","legalName":"CAVAN HOSPITALITY INC","street":"400 TROUTMAN STREET","neighborhood":"BROOKLYN","borough":"Brooklyn","zip":"11237","type":"both","status":"Issued","licenseIssued":"2026-04-17","licenseExpires":"2030-04-17","nta":"BK0401","bbl":"3031880034","sid":["row-4tyc~md4k_rveu","row-m7p2.tyz6_x3iz"]}},{"type":"Feature","id":"eoy-9e367c64993f","geometry":{"type":"Point","coordinates":[-74.000609815285,40.735254255334]},"properties":{"id":"eoy-9e367c64993f","name":"4 CHARLES PRIME RIB","legalName":"4 CHARLES STREET RESTAURANT LLC","street":"4 CHARLES STREET","neighborhood":"NEW YORK","borough":"Manhattan","zip":"10014","type":"roadway","status":"Issued","licenseIssued":"2025-10-17","licenseExpires":"2029-10-17","nta":"MN0203","bbl":"1006110056","sid":["row-9ppu~tvdb_a6vk"]}},{"type":"Feature","id":"eoy-9e685addd7a8","geometry":{"type":"Point","coordinates":[-73.91370824491,40.774938493062]},"properties":{"id":"eoy-9e685addd7a8","name":"THE BONNIE","legalName":"GARAGE ASTORIA LLC","street":"29-12 23 AVENUE","neighborhood":"ASTORIA","borough":"Queens","zip":"11105","type":"sidewalk","status":"Issued","licenseIssued":"2026-04-24","licenseExpires":"2030-04-24","nta":"QN0101","bbl":"4008420068","sid":["row-4fib-3wg7-znx4"]}},{"type":"Feature","id":"eoy-9e94ad75470e","geometry":{"type":"Point","coordinates":[-73.949325891048,40.713853095143]},"properties":{"id":"eoy-9e94ad75470e","name":"BAGELSMITH","legalName":"AFP BAGELS INC","street":"566 LORIMER STREET","neighborhood":"BROOKLYN","borough":"Brooklyn","zip":"11211","type":"sidewalk","status":"Issued","licenseIssued":"2026-05-29","licenseExpires":"2030-05-29","nta":"BK0104","bbl":"3027620003","sid":["row-2htv.at95_rfb6"]}},{"type":"Feature","id":"eoy-9e9961e30bc1","geometry":{"type":"Point","coordinates":[-73.975950427165,40.75450075314]},"properties":{"id":"eoy-9e9961e30bc1","name":"VANDERBILT BAR & GRILL","legalName":"JV US HF VANDERBILT 2 LLC","street":"230 PARK AVENUE","neighborhood":"NEW YORK","borough":"Manhattan","zip":"10169","type":"roadway","status":"Issued","licenseIssued":"2025-05-09","licenseExpires":"2029-05-09","nta":"MN0604","bbl":"1013000001","sid":["row-xwfm-99ik-jufd"]}},{"type":"Feature","id":"eoy-9eaab7432edd","geometry":{"type":"Point","coordinates":[-73.97575098882,40.786650037575]},"properties":{"id":"eoy-9eaab7432edd","name":"VELVET COWBOY","legalName":"NEW YORK BEER CO, LLC","street":"509 AMSTERDAM AVENUE","neighborhood":"NEW YORK","borough":"Manhattan","zip":"10024","type":"both","status":"Issued","licenseIssued":"2026-03-27","licenseExpires":"2030-03-27","nta":"MN0702","bbl":"1012150064","sid":["row-pepa-429y.57es","row-ui2q_niqb-79pg"]}},{"type":"Feature","id":"eoy-9eb994897167","geometry":{"type":"Point","coordinates":[-73.962517298111,40.75887778776]},"properties":{"id":"eoy-9eb994897167","name":"AU ZA'ATAR","legalName":"1063 FIRST AVE RESTAURANT CORP","street":"1063 1 AVENUE","neighborhood":"NEW YORK","borough":"Manhattan","zip":"10022","type":"both","status":"Issued","licenseIssued":"2026-08-05","licenseExpires":"2030-08-05","nta":"MN0604","bbl":"1013500030","sid":["row-9rgk~ixg9~44fa","row-bnmb_tpqp.k38w"]}},{"type":"Feature","id":"eoy-9ee50331032f","geometry":{"type":"Point","coordinates":[-74.00060981985,40.735751057655]},"properties":{"id":"eoy-9ee50331032f","name":"FIDDLESTICKS","legalName":"FIDDLESTICKS LLC","street":"54 GREENWICH AVENUE","neighborhood":"NEW YORK","borough":"Manhattan","zip":"10011","type":"sidewalk","status":"Issued","licenseIssued":"2026-05-15","licenseExpires":"2030-05-15","nta":"MN0203","bbl":"1006060022","sid":["row-ijfi_j589_w3vm"]}},{"type":"Feature","id":"eoy-9f0caa671a00","geometry":{"type":"Point","coordinates":[-74.003932983749,40.732816838629]},"properties":{"id":"eoy-9f0caa671a00","name":"I SODI","legalName":"I SODI LLC","street":"314 BLEECKER STREET","neighborhood":"NEW YORK","borough":"Manhattan","zip":"10014","type":"sidewalk","status":"Issued","licenseIssued":"2026-06-25","licenseExpires":"2030-06-25","nta":"MN0203","bbl":"1005887501","sid":["row-4y7y-p6ty.zzny"]}},{"type":"Feature","id":"eoy-9f5be8c3748b","geometry":{"type":"Point","coordinates":[-73.980465470201,40.780187044094]},"properties":{"id":"eoy-9f5be8c3748b","name":"SALA THAI","legalName":"RUAYDEE INC","street":"307 AMSTERDAM AVENUE","neighborhood":"NEW YORK","borough":"Manhattan","zip":"10023","type":"sidewalk","status":"Issued","licenseIssued":"2026-03-27","licenseExpires":"2030-03-27","nta":"MN0702","bbl":"1011460003","sid":["row-mnka_2uqs.tuak"]}},{"type":"Feature","id":"eoy-9f614f977b34","geometry":{"type":"Point","coordinates":[-74.003073830174,40.724352007366]},"properties":{"id":"eoy-9f614f977b34","name":"CORK WINE BAR","legalName":"WINES AND VINTAGES, INC","street":"69 THOMPSON STREET","neighborhood":"NEW YORK","borough":"Manhattan","zip":"10012","type":"both","status":"Issued","licenseIssued":"2026-07-24","licenseExpires":"2030-07-24","nta":"MN0201","bbl":"1004890032","sid":["row-5rri.epuu.vvfa","row-m9yc-fceg-689c"]}},{"type":"Feature","id":"eoy-9f6a33aa07bd","geometry":{"type":"Point","coordinates":[-73.948050337189,40.804273117728]},"properties":{"id":"eoy-9f6a33aa07bd","name":"IL CAFFE LATTE","legalName":"IL CAFE LATTE INC","street":"189 LENOX AVENUE","neighborhood":"NEW YORK","borough":"Manhattan","zip":"10026","type":"sidewalk","status":"Issued","licenseIssued":"2026-03-27","licenseExpires":"2030-03-27","nta":"MN1001","bbl":"1019040032","sid":["row-5q2n.ufrs_zwav"]}},{"type":"Feature","id":"eoy-9f8cf09a196c","geometry":{"type":"Point","coordinates":[-73.956329013525,40.722504740691]},"properties":{"id":"eoy-9f8cf09a196c","name":"X-GOLF BROOKLYN","legalName":"X-GOLF BROOKLYN, LLC","street":"105 NORTH 13 STREET","neighborhood":"BROOKLYN","borough":"Brooklyn","zip":"11249","type":"both","status":"Issued","licenseIssued":"2026-07-31","licenseExpires":"2030-07-31","nta":"BK0102","bbl":"3022790034","sid":["row-8gk2-kg7r.t24q","row-e3ma_g5s3-i2pw"]}},{"type":"Feature","id":"eoy-9f8d98418727","geometry":{"type":"Point","coordinates":[-73.994903045468,40.760385178919]},"properties":{"id":"eoy-9f8d98418727","name":"MR. BIGGS BAR AND GRILL","legalName":"MR. BIGGS BAR & GRILL, INC.","street":"596 10 AVENUE","neighborhood":"NEW YORK","borough":"Manhattan","zip":"10036","type":"sidewalk","status":"Issued","licenseIssued":"2026-04-24","licenseExpires":"2030-04-24","nta":"MN0402","bbl":"1010530001","sid":["row-y97y_huns-t9jr"]}},{"type":"Feature","id":"eoy-9f8e291ec62c","geometry":{"type":"Point","coordinates":[-73.888691351973,40.854251098232]},"properties":{"id":"eoy-9f8e291ec62c","name":"PARISIENNE CAFE","legalName":"PARISIENNE CAFE INC.","street":"2339 ARTHUR AVENUE","neighborhood":"BRONX","borough":"Bronx","zip":"10458","type":"sidewalk","status":"Issued","licenseIssued":"2026-05-15","licenseExpires":"2030-05-15","nta":"BX0603","bbl":"2030650063","sid":["row-gpyw_3ei5~4bfn"]}},{"type":"Feature","id":"eoy-9fca78f4b91a","geometry":{"type":"Point","coordinates":[-73.979379736665,40.776574757989]},"properties":{"id":"eoy-9fca78f4b91a","name":"BIN 71","legalName":"71 WINE BAR CAFE OPERATING CORP.","street":"237 COLUMBUS AVENUE","neighborhood":"NEW YORK","borough":"Manhattan","zip":"10023","type":"sidewalk","status":"Issued","licenseIssued":"2026-09-18","licenseExpires":"2030-09-18","nta":"MN0701","bbl":"1011230061","sid":["row-cezy~2ype_4evq"]}},{"type":"Feature","id":"eoy-9fe7f667fb03","geometry":{"type":"Point","coordinates":[-73.96791136194,40.801112946301]},"properties":{"id":"eoy-9fe7f667fb03","name":"SMOKE JAZZ & SUPPER CLUB","legalName":"SMK ENTERTAINMENT GROUP INC","street":"2751 BROADWAY","neighborhood":"NEW YORK","borough":"Manhattan","zip":"10025","type":"sidewalk","status":"Issued","licenseIssued":"2026-06-05","licenseExpires":"2030-06-05","nta":"MN0703","bbl":"1018770063","sid":["row-g633~xeue_v2ta"]}},{"type":"Feature","id":"eoy-a0029df2f491","geometry":{"type":"Point","coordinates":[-73.990056458411,40.751741613774]},"properties":{"id":"eoy-a0029df2f491","name":"ANDREW'S NYC DINER","legalName":"ANDREWS 35 ST COFFEE SHOP INC.","street":"463 7 AVENUE","neighborhood":"NEW YORK","borough":"Manhattan","zip":"10018","type":"sidewalk","status":"Issued","licenseIssued":"2026-05-29","licenseExpires":"2030-05-29","nta":"MN0502","bbl":"1008110001","sid":["row-d5u8-5csb_h2ew"]}},{"type":"Feature","id":"eoy-a006fa4535e5","geometry":{"type":"Point","coordinates":[-73.946243338247,40.792058152472]},"properties":{"id":"eoy-a006fa4535e5","name":"GOOD EATS BAKESHOP","legalName":"GOOD EATS BAKESHOP CORP.","street":"1685 LEXINGTON AVENUE","neighborhood":"NEW YORK","borough":"Manhattan","zip":"10029","type":"sidewalk","status":"Issued","licenseIssued":"2026-09-11","licenseExpires":"2030-09-11","nta":"MN1101","bbl":"1016330053","sid":["row-fc52_bp7q_qute"]}},{"type":"Feature","id":"eoy-a00fb8d26620","geometry":{"type":"Point","coordinates":[-73.920514174696,40.862261938631]},"properties":{"id":"eoy-a00fb8d26620","name":"LA CATRINA MEXICAN BISTRO","legalName":"MEXICAN BISTRO CORP","street":"3803 10 AVENUE","neighborhood":"NEW YORK","borough":"Manhattan","zip":"10034","type":"sidewalk","status":"Issued","licenseIssued":"2026-06-19","licenseExpires":"2030-06-19","nta":"MN1203","bbl":"1022000005","sid":["row-i8d6_bi56-8nkx"]}},{"type":"Feature","id":"eoy-a016485675bf","geometry":{"type":"Point","coordinates":[-73.95117371115,40.825414508934]},"properties":{"id":"eoy-a016485675bf","name":"THE INN BY FUMO","legalName":"3508 BROADWAY RESTAURANT GROUP LLC","street":"3508 BROADWAY","neighborhood":"NEW YORK","borough":"Manhattan","zip":"10031","type":"sidewalk","status":"Issued","licenseIssued":"2026-05-22","licenseExpires":"2030-05-22","nta":"MN0903","bbl":"1020750001","sid":["row-r55z_6ydw-h37p"]}},{"type":"Feature","id":"eoy-a01cf439d738","geometry":{"type":"Point","coordinates":[-73.965208282135,40.71416368276]},"properties":{"id":"eoy-a01cf439d738","name":"SUNDAY IN BROOKLYN","legalName":"SUNDAY IN BROOKLYN LLC","street":"348 WYTHE AVENUE","neighborhood":"BROOKLYN","borough":"Brooklyn","zip":"11249","type":"both","status":"Issued","licenseIssued":"2025-01-31","licenseExpires":"2029-01-31","nta":"BK0102","bbl":"3024150026","sid":["row-n58g~3qc8.zptv","row-xfj8.cbzp-v74x"]}},{"type":"Feature","id":"eoy-a035398506ec","geometry":{"type":"Point","coordinates":[-73.951085568312,40.744103925746]},"properties":{"id":"eoy-a035398506ec","name":"JORA","legalName":"ROMA CREW INC","street":"4746 11TH ST","neighborhood":"LONG ISLAND CITY","borough":"Queens","zip":"11101","type":"both","status":"Issued","licenseIssued":"2026-02-13","licenseExpires":"2030-02-13","nta":"QN0201","bbl":"4000450022","sid":["row-632b_sumk~7c84","row-fqsf-g7mx-q5ew"]}},{"type":"Feature","id":"eoy-a0650a45c76a","geometry":{"type":"Point","coordinates":[-73.961069799916,40.765072225292]},"properties":{"id":"eoy-a0650a45c76a","name":"MEDITERRANEO","legalName":"MA.VI.DO. REST INC.","street":"1260 2 AVENUE","neighborhood":"NEW YORK","borough":"Manhattan","zip":"10065","type":"sidewalk","status":"Issued","licenseIssued":"2026-07-24","licenseExpires":"2030-07-24","nta":"MN0801","bbl":"1014417501","sid":["row-8gm5~772k.gyci"]}},{"type":"Feature","id":"eoy-a06f55d88ff0","geometry":{"type":"Point","coordinates":[-73.888037810481,40.853808561184]},"properties":{"id":"eoy-a06f55d88ff0","name":"CKA KA QELLU","legalName":"TRADITA CORP","street":"2321 HUGHES AVENUE","neighborhood":"BRONX","borough":"Bronx","zip":"10458","type":"both","status":"Issued","licenseIssued":"2026-02-13","licenseExpires":"2030-02-13","nta":"BX0603","bbl":"2030730028","sid":["row-euwk-r8kv.a3jm","row-mwtf~fda7-qtwj"]}},{"type":"Feature","id":"eoy-a075cbfb68c5","geometry":{"type":"Point","coordinates":[-73.999115825955,40.744435486542]},"properties":{"id":"eoy-a075cbfb68c5","name":"FELLINI COFFEE CHELSEA","legalName":"FELLINI CHELSEA CORP.","street":"231 8 AVENUE","neighborhood":"NEW YORK","borough":"Manhattan","zip":"10011","type":"roadway","status":"Issued","licenseIssued":"2026-05-08","licenseExpires":"2030-05-08","nta":"MN0401","bbl":"1007450040","sid":["row-gs3z~nnqm_u7cx"]}},{"type":"Feature","id":"eoy-a07e42d6360c","geometry":{"type":"Point","coordinates":[-73.986229533523,40.687458762634]},"properties":{"id":"eoy-a07e42d6360c","name":"SOMEDAY","legalName":"364 ATLANTIC REST LLC","street":"364 ATLANTIC AVENUE","neighborhood":"BROOKLYN","borough":"Brooklyn","zip":"11217","type":"both","status":"Issued","licenseIssued":"2025-04-22","licenseExpires":"2029-04-22","nta":"BK0202","bbl":"3001830016","sid":["row-7eib.stnm~gmrb","row-bg8r~ryyn-5xek"]}},{"type":"Feature","id":"eoy-a08832bfd12d","geometry":{"type":"Point","coordinates":[-73.911153285388,40.768576941927]},"properties":{"id":"eoy-a08832bfd12d","name":"SABRY'S SEAFOOD","legalName":"NOOR EL HADA CORP.","street":"24-25 STEINWAY STREET","neighborhood":"ASTORIA","borough":"Queens","zip":"11103","type":"sidewalk","status":"Issued","licenseIssued":"2026-08-07","licenseExpires":"2030-08-07","nta":"QN0104","bbl":"4006860007","sid":["row-m98x.fg3t_z2rj"]}},{"type":"Feature","id":"eoy-a0aaeb1f9a7f","geometry":{"type":"Point","coordinates":[-73.979614656424,40.752330357313]},"properties":{"id":"eoy-a0aaeb1f9a7f","name":"PERA MEDITERRANEAN BRASSERIE","legalName":"BK RESTAURANT PARTNERS, LLC","street":"303 MADISON AVENUE","neighborhood":"NEW YORK","borough":"Manhattan","zip":"10017","type":"sidewalk","status":"Issued","licenseIssued":"2026-05-29","licenseExpires":"2030-05-29","nta":"MN0502","bbl":"1012760042","sid":["row-tn6x_jrdj.7mxw"]}},{"type":"Feature","id":"eoy-a0fafaf038f8","geometry":{"type":"Point","coordinates":[-73.997182538075,40.719268705133]},"properties":{"id":"eoy-a0fafaf038f8","name":"BABY JOHN'S PIZZERIA","legalName":"JO-RACH INC","street":"191 GRAND STREET","neighborhood":"NEW YORK","borough":"Manhattan","zip":"10013","type":"both","status":"Issued","licenseIssued":"2026-06-12","licenseExpires":"2030-06-12","nta":"MN0201","bbl":"1002370012","sid":["row-4qbr~fbts-49r8","row-qy63~3yy5_kvw3"]}},{"type":"Feature","id":"eoy-a113322848bb","geometry":{"type":"Point","coordinates":[-74.00686146073,40.7191230618]},"properties":{"id":"eoy-a113322848bb","name":"LITTLE RASCAL BAR","legalName":"MY KISMET LLC","street":"130 FRANKLIN STREET","neighborhood":"NEW YORK","borough":"Manhattan","zip":"10013","type":"roadway","status":"Issued","licenseIssued":"2026-04-03","licenseExpires":"2030-04-03","nta":"MN0102","bbl":"1001897501","sid":["row-k9ix_upg8.z8t8"]}},{"type":"Feature","id":"eoy-a130f07dc120","geometry":{"type":"Point","coordinates":[-73.987372522452,40.744585756978]},"properties":{"id":"eoy-a130f07dc120","name":"BONDI SUSHI","legalName":"BONDI - 246 5TH AVENUE LLC","street":"246 5 AVENUE","neighborhood":"NEW YORK","borough":"Manhattan","zip":"10001","type":"sidewalk","status":"Issued","licenseIssued":"2026-08-07","licenseExpires":"2030-08-07","nta":"MN0501","bbl":"1008290042","sid":["row-25j3-2z4j~encv"]}},{"type":"Feature","id":"eoy-a13a2d468a81","geometry":{"type":"Point","coordinates":[-73.981378854767,40.780730657065]},"properties":{"id":"eoy-a13a2d468a81","name":"VIAND CAFE","legalName":"KDK, LLC","street":"2130 BROADWAY","neighborhood":"NEW YORK","borough":"Manhattan","zip":"10023","type":"both","status":"Issued","licenseIssued":"2026-04-03","licenseExpires":"2030-04-03","nta":"MN0702","bbl":"1011660035","sid":["row-2r8z~ttcr_ibft","row-rcam_fv8g.3tsz"]}},{"type":"Feature","id":"eoy-a13afa0f9b00","geometry":{"type":"Point","coordinates":[-73.995947537239,40.739483866377]},"properties":{"id":"eoy-a13afa0f9b00","name":"DA UMBERTO","legalName":"DA UMBERTO RESTAURANT, INC.","street":"107 WEST 17 STREET","neighborhood":"NEW YORK","borough":"Manhattan","zip":"10011","type":"roadway","status":"Issued","licenseIssued":"2026-04-24","licenseExpires":"2030-04-24","nta":"MN0401","bbl":"1007930031","sid":["row-ujpt-y7n6.5njs"]}},{"type":"Feature","id":"eoy-a14474373443","geometry":{"type":"Point","coordinates":[-73.927101326206,40.688051240119]},"properties":{"id":"eoy-a14474373443","name":"MARIAN'S","legalName":"108 GIGS LLC","street":"108 PATCHEN AVENUE","neighborhood":"BROOKLYN","borough":"Brooklyn","zip":"11221","type":"sidewalk","status":"Issued","licenseIssued":"2025-11-21","licenseExpires":"2029-11-21","nta":"BK0302","bbl":"3016420039","sid":["row-5t32.8b6g~qgv2"]}},{"type":"Feature","id":"eoy-a14c3ef7e473","geometry":{"type":"Point","coordinates":[-73.989635303786,40.767614515401]},"properties":{"id":"eoy-a14c3ef7e473","name":"GARDENIA TERRACE","legalName":"CATERED BY PERGOLA LLC","street":"826 10TH AVE","neighborhood":"NEW YORK","borough":"Manhattan","zip":"10019","type":"sidewalk","status":"Issued","licenseIssued":"2026-03-06","licenseExpires":"2030-03-06","nta":"MN0402","bbl":"1010640061","sid":["row-crhv.3w38.7icz"]}},{"type":"Feature","id":"eoy-a14d5135357b","geometry":{"type":"Point","coordinates":[-73.870173055804,40.684207620456]},"properties":{"id":"eoy-a14d5135357b","name":"ANTOJITOS ECUATORIANOS","legalName":"OBRESTA CORP","street":"3398 FULTON STREET","neighborhood":"BROOKLYN","borough":"Brooklyn","zip":"11208","type":"sidewalk","status":"Issued","licenseIssued":"2026-04-03","licenseExpires":"2030-04-03","nta":"BK0501","bbl":"3041490020","sid":["row-nd5z-9hvk-vx7r"]}},{"type":"Feature","id":"eoy-a189c1d18145","geometry":{"type":"Point","coordinates":[-73.99856477583,40.69322086016]},"properties":{"id":"eoy-a189c1d18145","name":"NAKO","legalName":"NAKO LLC","street":"18 COLUMBIA PLACE","neighborhood":"BROOKLYN","borough":"Brooklyn","zip":"11201","type":"sidewalk","status":"Issued","licenseIssued":"2026-09-18","licenseExpires":"2030-09-18","nta":"BK0201","bbl":"3002580017","sid":["row-ubif.bhe7~vjei"]}},{"type":"Feature","id":"eoy-a1f7f2ab0975","geometry":{"type":"Point","coordinates":[-73.950781731316,40.71097446593]},"properties":{"id":"eoy-a1f7f2ab0975","name":"LOS TACOS MCONDO","legalName":"ONYSGRAND CORP","street":"502 GRAND STREET","neighborhood":"BROOKLYN","borough":"Brooklyn","zip":"11211","type":"sidewalk","status":"Issued","licenseIssued":"2026-07-21","licenseExpires":"2030-07-21","nta":"BK0102","bbl":"3027850005","sid":["row-8r3v_7ygv~agzk"]}},{"type":"Feature","id":"eoy-a23e0f1c7f39","geometry":{"type":"Point","coordinates":[-73.974724878768,40.788060618602]},"properties":{"id":"eoy-a23e0f1c7f39","name":"THE GRANOLA BAR","legalName":"THE GRANOLA BAR AT 86, LLC","street":"551 AMSTERDAM AVENUE","neighborhood":"NEW YORK","borough":"Manhattan","zip":"10024","type":"sidewalk","status":"Issued","licenseIssued":"2025-05-02","licenseExpires":"2029-05-02","nta":"MN0702","bbl":"1012170064","sid":["row-6z5g_ct4j_zxfv"]}},{"type":"Feature","id":"eoy-a24200660c2b","geometry":{"type":"Point","coordinates":[-73.94588676926,40.777595882887]},"properties":{"id":"eoy-a24200660c2b","name":"EFFYS CAFE","legalName":"1688 YORK CAFE CORPORATION","street":"1688 YORK AVENUE","neighborhood":"NEW YORK","borough":"Manhattan","zip":"10128","type":"roadway","status":"Issued","licenseIssued":"2026-04-24","licenseExpires":"2030-04-24","nta":"MN0803","bbl":"1015850051","sid":["row-tiwq-mwdg_hztp"]}},{"type":"Feature","id":"eoy-a2447fc722cd","geometry":{"type":"Point","coordinates":[-73.958513785716,40.719104784575]},"properties":{"id":"eoy-a2447fc722cd","name":"LITTLE RUBY'S","legalName":"RUBY'S WILLIAMSBURG LLC","street":"98 BERRY STREET","neighborhood":"BROOKLYN","borough":"Brooklyn","zip":"11249","type":"both","status":"Issued","licenseIssued":"2026-03-06","licenseExpires":"2030-03-06","nta":"BK0102","bbl":"3023180017","sid":["row-b8px~ufpi-k2rn","row-jthp~xhm6-i8tx"]}},{"type":"Feature","id":"eoy-a27b537fc305","geometry":{"type":"Point","coordinates":[-73.922965535093,40.706641628872]},"properties":{"id":"eoy-a27b537fc305","name":"SEA WOLF","legalName":"BROOKLYN ACQUISITION HOLDING LLC","street":"19 WYCKOFF AVENUE","neighborhood":"BROOKLYN","borough":"Brooklyn","zip":"11237","type":"roadway","status":"Issued","licenseIssued":"2025-10-03","licenseExpires":"2029-10-03","nta":"BK0401","bbl":"3031770001","sid":["row-fr7d_v2ux~d8tp"]}},{"type":"Feature","id":"eoy-a3022d697202","geometry":{"type":"Point","coordinates":[-73.926759481996,40.762623602345]},"properties":{"id":"eoy-a3022d697202","name":"ALIADA","legalName":"NKLG CAFE CORP","street":"29-19 BROADWAY","neighborhood":"ASTORIA","borough":"Queens","zip":"11106","type":"both","status":"Issued","licenseIssued":"2026-08-07","licenseExpires":"2030-08-07","nta":"QN0103","bbl":"4005880001","sid":["row-4hid-yr2q~kkv9","row-j5im.ckcu_twhg"]}},{"type":"Feature","id":"eoy-a3547b98691a","geometry":{"type":"Point","coordinates":[-73.982665164748,40.763669458261]},"properties":{"id":"eoy-a3547b98691a","name":"ANGELO'S PIZZA","legalName":"ANGELO'S PIZZA 1697 INC.","street":"1697 BROADWAY","neighborhood":"NEW YORK","borough":"Manhattan","zip":"10019","type":"roadway","status":"Issued","licenseIssued":"2025-10-24","licenseExpires":"2029-10-24","nta":"MN0502","bbl":"1010250043","sid":["row-pty5~gbbv_hwjt"]}},{"type":"Feature","id":"eoy-a359a58a842f","geometry":{"type":"Point","coordinates":[-73.995050340779,40.721434254484]},"properties":{"id":"eoy-a359a58a842f","name":"WAYAN","legalName":"MARI MAKAN LLC","street":"20 SPRING STREET","neighborhood":"NEW YORK","borough":"Manhattan","zip":"10012","type":"roadway","status":"Issued","licenseIssued":"2026-03-27","licenseExpires":"2030-03-27","nta":"MN0201","bbl":"1004790018","sid":["row-fidy~47fn~j5f5"]}},{"type":"Feature","id":"eoy-a36f94dc9d78","geometry":{"type":"Point","coordinates":[-73.987090372775,40.72940992601]},"properties":{"id":"eoy-a36f94dc9d78","name":"THE COPPER STILL","legalName":"MSB RESTAURANTS LLC","street":"151 2 AVENUE","neighborhood":"NEW YORK","borough":"Manhattan","zip":"10003","type":"sidewalk","status":"Issued","licenseIssued":"2026-04-24","licenseExpires":"2030-04-24","nta":"MN0303","bbl":"1004650050","sid":["row-7ubg~s43a-qht7"]}},{"type":"Feature","id":"eoy-a3a19f5ea145","geometry":{"type":"Point","coordinates":[-73.994138128762,40.715582366372]},"properties":{"id":"eoy-a3a19f5ea145","name":"TIME AGAIN","legalName":"TIME CAFE LLC","street":"105 CANAL STREET","neighborhood":"NEW YORK","borough":"Manhattan","zip":"10002","type":"sidewalk","status":"Issued","licenseIssued":"2026-02-13","licenseExpires":"2030-02-13","nta":"MN0301","bbl":"1003010001","sid":["row-b2gv~c87i~6bnc"]}},{"type":"Feature","id":"eoy-a3ca8e440259","geometry":{"type":"Point","coordinates":[-73.986137126427,40.7328544951]},"properties":{"id":"eoy-a3ca8e440259","name":"SAPERAVI","legalName":"MEALZ POINT CORP","street":"245 EAST 14 STREET","neighborhood":"NEW YORK","borough":"Manhattan","zip":"10003","type":"sidewalk","status":"Issued","licenseIssued":"2026-07-20","licenseExpires":"2030-07-20","nta":"MN0602","bbl":"1008960023","sid":["row-e856~spkq_9eiq"]}},{"type":"Feature","id":"eoy-a42141389a9a","geometry":{"type":"Point","coordinates":[-73.97176047665,40.608936177698]},"properties":{"id":"eoy-a42141389a9a","name":"VERY JUICE","legalName":"VERY JUICE INC","street":"422 AVENUE P","neighborhood":"BROOKLYN","borough":"Brooklyn","zip":"11223","type":"sidewalk","status":"Issued","licenseIssued":"2026-08-07","licenseExpires":"2030-08-07","nta":"BK1501","bbl":"3066340001","sid":["row-6pkr-wsnv-mmmz"]}},{"type":"Feature","id":"eoy-a42269c832cf","geometry":{"type":"Point","coordinates":[-73.940178695727,40.825186985315]},"properties":{"id":"eoy-a42269c832cf","name":"TULCIMEXICO RESTAURANT","legalName":"TULCIMEXICO RESTAURANT INC.","street":"2798 8 AVENUE","neighborhood":"NEW YORK","borough":"Manhattan","zip":"10039","type":"sidewalk","status":"Issued","licenseIssued":"2026-09-02","licenseExpires":"2030-09-02","nta":"MN1002","bbl":"1020340063","sid":["row-e8wc-ut77_iqa5"]}},{"type":"Feature","id":"eoy-a43c56b31c6c","geometry":{"type":"Point","coordinates":[-74.002370765062,40.737019115751]},"properties":{"id":"eoy-a43c56b31c6c","name":"THE WAVERLY INN","legalName":"WAVERLY RESTAURANT LLC","street":"16 BANK STREET","neighborhood":"NEW YORK","borough":"Manhattan","zip":"10014","type":"roadway","status":"Issued","licenseIssued":"2026-03-27","licenseExpires":"2030-03-27","nta":"MN0203","bbl":"1006140024","sid":["row-egzh-fm9c.kqsi"]}},{"type":"Feature","id":"eoy-a484e69277a1","geometry":{"type":"Point","coordinates":[-73.974870813753,40.765078821657]},"properties":{"id":"eoy-a484e69277a1","name":"GABRIEL'S BAR & RESTAURANT","legalName":"GABWAL RESTAURANT INC","street":"40 CENTRAL PARK SOUTH","neighborhood":"NEW YORK","borough":"Manhattan","zip":"10019","type":"sidewalk","status":"Issued","licenseIssued":"2026-02-27","licenseExpires":"2030-02-27","nta":"MN0502","bbl":"1012740006","sid":["row-udzs~yqvc.mipe"]}},{"type":"Feature","id":"eoy-a491021cd0f5","geometry":{"type":"Point","coordinates":[-73.843847042584,40.862759743326]},"properties":{"id":"eoy-a491021cd0f5","name":"RED BEAR LOUNGE","legalName":"RED BEAR LOUNGE INC","street":"1480 MACE AVENUE","neighborhood":"BRONX","borough":"Bronx","zip":"10469","type":"sidewalk","status":"Issued","licenseIssued":"2026-07-20","licenseExpires":"2030-07-20","nta":"BX1103","bbl":"2044770037","sid":["row-r55z-q6we_idcn"]}},{"type":"Feature","id":"eoy-a4ad46b01765","geometry":{"type":"Point","coordinates":[-73.989647208522,40.73759507351]},"properties":{"id":"eoy-a4ad46b01765","name":"OLD TOWN BAR","legalName":"OLD TOWN BAR & RESTAURANT CORP.","street":"45 EAST 18 STREET","neighborhood":"NEW YORK","borough":"Manhattan","zip":"10003","type":"both","status":"Issued","licenseIssued":"2026-01-02","licenseExpires":"2030-01-02","nta":"MN0501","bbl":"1008470034","sid":["row-546t_kqv8~it7a","row-75zp.rj3t.drc8"]}},{"type":"Feature","id":"eoy-a4ad9b9e6c12","geometry":{"type":"Point","coordinates":[-73.994682435308,40.720533954323]},"properties":{"id":"eoy-a4ad9b9e6c12","name":"THE BUTCHER'S DAUGHTER","legalName":"JUICERIE LLC","street":"19 KENMARE STREET","neighborhood":"NEW YORK","borough":"Manhattan","zip":"10012","type":"sidewalk","status":"Issued","licenseIssued":"2026-05-29","licenseExpires":"2030-05-29","nta":"MN0201","bbl":"1004780012","sid":["row-v56q_zm2f.8t4m"]}},{"type":"Feature","id":"eoy-a4ddeb8fbbfd","geometry":{"type":"Point","coordinates":[-73.972822755829,40.785609120733]},"properties":{"id":"eoy-a4ddeb8fbbfd","name":"JOE COFFEE COMPANY","legalName":"JAGR THREE LLC","street":"514 COLUMBUS AVENUE","neighborhood":"NEW YORK","borough":"Manhattan","zip":"10024","type":"sidewalk","status":"Issued","licenseIssued":"2026-07-24","licenseExpires":"2030-07-24","nta":"MN0702","bbl":"1012150033","sid":["row-93ds~86vs_ccpe"]}},{"type":"Feature","id":"eoy-a4f83a2916f8","geometry":{"type":"Point","coordinates":[-73.976393096169,40.687105827917]},"properties":{"id":"eoy-a4f83a2916f8","name":"SUKH","legalName":"PERMSUP INC","street":"723 FULTON STREET","neighborhood":"BROOKLYN","borough":"Brooklyn","zip":"11217","type":"sidewalk","status":"Issued","licenseIssued":"2026-05-29","licenseExpires":"2030-05-29","nta":"BK0203","bbl":"3020980093","sid":["row-kkmf_2uun~whpu"]}},{"type":"Feature","id":"eoy-a505cd8fe012","geometry":{"type":"Point","coordinates":[-73.9818183993,40.744782634132]},"properties":{"id":"eoy-a505cd8fe012","name":"CKA KA QELLUE","legalName":"TRADITA JONE INC","street":"118 EAST 31 STREET","neighborhood":"NEW YORK","borough":"Manhattan","zip":"10016","type":"both","status":"Issued","licenseIssued":"2026-05-22","licenseExpires":"2030-05-22","nta":"MN0603","bbl":"1008860077","sid":["row-hxxy-qvuw-iunn","row-r953_i57r.gs2b"]}},{"type":"Feature","id":"eoy-a5263ee299e8","geometry":{"type":"Point","coordinates":[-73.967854034738,40.710747217125]},"properties":{"id":"eoy-a5263ee299e8","name":"DEUX CHATS","legalName":"LE BIRD LLC","street":"27 BROADWAY","neighborhood":"BROOKLYN","borough":"Brooklyn","zip":"11249","type":"roadway","status":"Issued","licenseIssued":"2026-04-10","licenseExpires":"2030-04-10","nta":"BK0102","bbl":"3024680027","sid":["row-878g_pijz.krqn"]}},{"type":"Feature","id":"eoy-a5317be39fec","geometry":{"type":"Point","coordinates":[-73.955843931775,40.719564908765]},"properties":{"id":"eoy-a5317be39fec","name":"MUGS ALE HOUSE / RICK & PETE'S","legalName":"ETA 125 CORP.","street":"125 BEDFORD AVENUE","neighborhood":"BROOKLYN","borough":"Brooklyn","zip":"11211","type":"both","status":"Issued","licenseIssued":"2026-08-07","licenseExpires":"2030-08-07","nta":"BK0102","bbl":"3022980001","sid":["row-eqt8~4ar4_6uvq","row-uhj2~ryj5~p6h2"]}},{"type":"Feature","id":"eoy-a544274b4e67","geometry":{"type":"Point","coordinates":[-73.963073406871,40.674160694967]},"properties":{"id":"eoy-a544274b4e67","name":"SHANE'S","legalName":"DEWILL RESTAURANT MANAGEMENT INC","street":"794 WASHINGTON AVENUE","neighborhood":"BROOKLYN","borough":"Brooklyn","zip":"11238","type":"sidewalk","status":"Issued","licenseIssued":"2026-07-24","licenseExpires":"2030-07-24","nta":"BK0801","bbl":"3011730050","sid":["row-rg3c_s4dn.6hhz"]}},{"type":"Feature","id":"eoy-a55a1065c2e0","geometry":{"type":"Point","coordinates":[-73.97186354944,40.765402005167]},"properties":{"id":"eoy-a55a1065c2e0","name":"PERRINE","legalName":"IHMS LLC","street":"2 EAST 61 STREET","neighborhood":"NEW YORK","borough":"Manhattan","zip":"10065","type":"both","status":"Issued","licenseIssued":"2026-05-01","licenseExpires":"2030-05-01","nta":"MN0802","bbl":"1013750067","sid":["row-3p58~8nji.pdq3","row-izs7-juas~98aq"]}},{"type":"Feature","id":"eoy-a58457d86551","geometry":{"type":"Point","coordinates":[-73.988415675015,40.76419717623]},"properties":{"id":"eoy-a58457d86551","name":"ARRIBA ARRIBA","legalName":"ARRIBA ARRIBA MEXICAN RESTAURANT INC.","street":"762 9 AVENUE","neighborhood":"NEW YORK","borough":"Manhattan","zip":"10019","type":"sidewalk","status":"Issued","licenseIssued":"2026-07-02","licenseExpires":"2030-07-02","nta":"MN0402","bbl":"1010420001","sid":["row-4utt-v9i5-aai2"]}},{"type":"Feature","id":"eoy-a59154fb9a3b","geometry":{"type":"Point","coordinates":[-73.965982728057,40.716326792879]},"properties":{"id":"eoy-a59154fb9a3b","name":"TWO HANDS","legalName":"TWO HANDS WILLIAMSBURG LLC","street":"262 KENT AVE","neighborhood":"BROOKLYN","borough":"Brooklyn","zip":"11249","type":"sidewalk","status":"Issued","licenseIssued":"2026-07-24","licenseExpires":"2030-07-24","nta":"BK0102","bbl":null,"sid":["row-r2yh_umai.8tik"]}},{"type":"Feature","id":"eoy-a5dcb43ae1f0","geometry":{"type":"Point","coordinates":[-73.924360228878,40.761477481586]},"properties":{"id":"eoy-a5dcb43ae1f0","name":"OMONIA CAFE","legalName":"OMONIA CAFE, INC.","street":"32-20 BROADWAY","neighborhood":"ASTORIA","borough":"Queens","zip":"11106","type":"roadway","status":"Issued","licenseIssued":"2025-08-15","licenseExpires":"2029-08-15","nta":"QN0103","bbl":"4006120040","sid":["row-iepu~7z94~88jq"]}},{"type":"Feature","id":"eoy-a607548f860f","geometry":{"type":"Point","coordinates":[-73.976026969165,40.652532539402]},"properties":{"id":"eoy-a607548f860f","name":"THE ADIRONDACK","legalName":"Cedar Drive LLC","street":"1241 PROSPECT AVENUE","neighborhood":"BROOKLYN","borough":"Brooklyn","zip":"11218","type":"sidewalk","status":"Issued","licenseIssued":"2026-04-17","licenseExpires":"2030-04-17","nta":"BK0701","bbl":"3052770017","sid":["row-uxh6-bevy_wt5u"]}},{"type":"Feature","id":"eoy-a6076d3329f0","geometry":{"type":"Point","coordinates":[-73.962591805711,40.799590746045]},"properties":{"id":"eoy-a6076d3329f0","name":"THE CALAVERAS","legalName":"THE CALAVERAS GROUP LLC","street":"949 COLUMBUS AVENUE","neighborhood":"NEW YORK","borough":"Manhattan","zip":"10025","type":"roadway","status":"Issued","licenseIssued":"2026-03-27","licenseExpires":"2030-03-27","nta":"MN0703","bbl":"1018420064","sid":["row-etrs_56sf.qzr3"]}},{"type":"Feature","id":"eoy-a617cf1b952c","geometry":{"type":"Point","coordinates":[-73.966955373482,40.798743957382]},"properties":{"id":"eoy-a617cf1b952c","name":"ARCO CAFE","legalName":"NUORO LLC","street":"886 AMSTERDAM AVENUE","neighborhood":"NEW YORK","borough":"Manhattan","zip":"10025","type":"sidewalk","status":"Issued","licenseIssued":"2025-05-02","licenseExpires":"2029-05-02","nta":"MN0703","bbl":"1018750029","sid":["row-wtw7.kn5j~qfzn"]}},{"type":"Feature","id":"eoy-a61d37a17a81","geometry":{"type":"Point","coordinates":[-73.957982334723,40.732320642569]},"properties":{"id":"eoy-a61d37a17a81","name":"THE MOONLIGHT MILE","legalName":"HTL GREENPOINT LLC","street":"200 FRANKLIN STREET","neighborhood":"BROOKLYN","borough":"Brooklyn","zip":"11222","type":"sidewalk","status":"Issued","licenseIssued":"2026-04-03","licenseExpires":"2030-04-03","nta":"BK0101","bbl":"3025320001","sid":["row-vbez.pgbi.hgc9"]}},{"type":"Feature","id":"eoy-a624a8c490b4","geometry":{"type":"Point","coordinates":[-74.002695082161,40.726053772095]},"properties":{"id":"eoy-a624a8c490b4","name":"BLUE RIBBON SUSHI","legalName":"FLEXIBLE FISH CORP","street":"119 SULLIVAN STREET","neighborhood":"NEW YORK","borough":"Manhattan","zip":"10012","type":"roadway","status":"Issued","licenseIssued":"2025-07-03","licenseExpires":"2029-07-03","nta":"MN0201","bbl":"1005030012","sid":["row-ns6v~g4av-hbye"]}},{"type":"Feature","id":"eoy-a633b50babce","geometry":{"type":"Point","coordinates":[-74.022394182472,40.630110738122]},"properties":{"id":"eoy-a633b50babce","name":"GINO'S RESTAURANT & PIZZERIA","legalName":"BARTOLI'S PIZZERIA & RESTAURANT INC","street":"7414 5 AVENUE","neighborhood":"BROOKLYN","borough":"Brooklyn","zip":"11209","type":"sidewalk","status":"Issued","licenseIssued":"2025-02-07","licenseExpires":"2029-02-07","nta":"BK1001","bbl":"3059300043","sid":["row-adeg-tqc7-czgr"]}},{"type":"Feature","id":"eoy-a64021114918","geometry":{"type":"Point","coordinates":[-73.961275050781,40.660817737012]},"properties":{"id":"eoy-a64021114918","name":"I X CAFE","legalName":"ESTHER HADASSA, CORP.","street":"43 LINCOLN ROAD","neighborhood":"BROOKLYN","borough":"Brooklyn","zip":"11225","type":"sidewalk","status":"Issued","licenseIssued":"2026-08-07","licenseExpires":"2030-08-07","nta":"BK0902","bbl":"3050240067","sid":["row-zb58_rk5z~pkxg"]}},{"type":"Feature","id":"eoy-a64aad0f9c28","geometry":{"type":"Point","coordinates":[-73.994055451454,40.712335300602]},"properties":{"id":"eoy-a64aad0f9c28","name":"GOLDEN DINER","legalName":"123 MADISON LLC","street":"123 MADISON STREET","neighborhood":"NEW YORK","borough":"Manhattan","zip":"10002","type":"roadway","status":"Issued","licenseIssued":"2025-10-24","licenseExpires":"2029-10-24","nta":"MN0301","bbl":"1002750027","sid":["row-tp7i-4dgm~x46k"]}},{"type":"Feature","id":"eoy-a675895ea8ed","geometry":{"type":"Point","coordinates":[-73.997459657418,40.736481138391]},"properties":{"id":"eoy-a675895ea8ed","name":"BAR SIX","legalName":"ZESTFUL MANAGEMENT CORP","street":"502 6 AVENUE","neighborhood":"NEW YORK","borough":"Manhattan","zip":"10011","type":"sidewalk","status":"Issued","licenseIssued":"2026-06-19","licenseExpires":"2030-06-19","nta":"MN0202","bbl":"1005760009","sid":["row-n4xs~jtfc~zhcg"]}},{"type":"Feature","id":"eoy-a69a6148cbd1","geometry":{"type":"Point","coordinates":[-73.968705593608,40.679503705375]},"properties":{"id":"eoy-a69a6148cbd1","name":"THE NUAA TABLE","legalName":"LOVE REPUBLIC INC","street":"638 BERGEN STREET","neighborhood":"BROOKLYN","borough":"Brooklyn","zip":"11238","type":"sidewalk","status":"Issued","licenseIssued":"2026-08-21","licenseExpires":"2030-08-21","nta":"BK0801","bbl":"3011440051","sid":["row-zzha.wsuw-77mn"]}},{"type":"Feature","id":"eoy-a6a9ac25e635","geometry":{"type":"Point","coordinates":[-73.981560566776,40.724567402907]},"properties":{"id":"eoy-a6a9ac25e635","name":"HORUS CAFE","legalName":"EL SAYED 1 CORP.","street":"93 AVENUE B","neighborhood":"NEW YORK","borough":"Manhattan","zip":"10009","type":"sidewalk","status":"Issued","licenseIssued":"2026-03-13","licenseExpires":"2030-03-13","nta":"MN0303","bbl":"1003890001","sid":["row-ysi8_ym4i~s8b9"]}},{"type":"Feature","id":"eoy-a6b2dbedc566","geometry":{"type":"Point","coordinates":[-73.914947401064,40.746199039818]},"properties":{"id":"eoy-a6b2dbedc566","name":"AUBERGINE CAFE","legalName":"AUBERGINE CAFFE, INC","street":"49-22 SKILLMAN AVENUE","neighborhood":"WOODSIDE","borough":"Queens","zip":"11377","type":"sidewalk","status":"Issued","licenseIssued":"2026-08-28","licenseExpires":"2030-08-28","nta":"QN0202","bbl":"4001340029","sid":["row-y8hk~9bqk-uaw3"]}},{"type":"Feature","id":"eoy-a6c0989d745d","geometry":{"type":"Point","coordinates":[-73.916087354242,40.760851415095]},"properties":{"id":"eoy-a6c0989d745d","name":"DIWINE","legalName":"IFETA CORP","street":"41-15 31 AVENUE","neighborhood":"ASTORIA","borough":"Queens","zip":"11103","type":"sidewalk","status":"Issued","licenseIssued":"2026-09-25","licenseExpires":"2030-09-25","nta":"QN0104","bbl":"4006820102","sid":["row-i7er~xqyr-8y5p"]}},{"type":"Feature","id":"eoy-a6dd0a142916","geometry":{"type":"Point","coordinates":[-73.930971995715,40.703827847931]},"properties":{"id":"eoy-a6dd0a142916","name":"TABARE RESTAURANT","legalName":"RABID INC","street":"1006 FLUSHING AVENUE","neighborhood":"BROOKLYN","borough":"Brooklyn","zip":"11237","type":"sidewalk","status":"Issued","licenseIssued":"2026-03-13","licenseExpires":"2030-03-13","nta":"BK0401","bbl":"3031490003","sid":["row-rqj8-s53b_sd9d"]}},{"type":"Feature","id":"eoy-a6dfc4c9969b","geometry":{"type":"Point","coordinates":[-73.985462810643,40.714434281522]},"properties":{"id":"eoy-a6dfc4c9969b","name":"ERNESTO'S","legalName":"259 E BROADWAY LLC","street":"259 EAST BROADWAY","neighborhood":"NEW YORK","borough":"Manhattan","zip":"10002","type":"sidewalk","status":"Issued","licenseIssued":"2026-04-03","licenseExpires":"2030-04-03","nta":"MN0301","bbl":"1002860021","sid":["row-5apa_2qe5-sveg"]}},{"type":"Feature","id":"eoy-a7231d1e49d7","geometry":{"type":"Point","coordinates":[-73.98974862543,40.66505078047]},"properties":{"id":"eoy-a7231d1e49d7","name":"BLACK HORSE PUB","legalName":"568 FIFTH BROOKLYN LLC","street":"568 5 AVENUE","neighborhood":"BROOKLYN","borough":"Brooklyn","zip":"11215","type":"sidewalk","status":"Issued","licenseIssued":"2026-05-29","licenseExpires":"2030-05-29","nta":"BK0701","bbl":"3010470047","sid":["row-5vjf.zgfg_npkm"]}},{"type":"Feature","id":"eoy-a7378fad4ba7","geometry":{"type":"Point","coordinates":[-73.977969257703,40.783609299236]},"properties":{"id":"eoy-a7378fad4ba7","name":"SARAVANA BHAVAN","legalName":"FLAGSHIP S B AMSTERDAM NY, LLC","street":"413 AMSTERDAM AVENUE","neighborhood":"NEW YORK","borough":"Manhattan","zip":"10024","type":"sidewalk","status":"Issued","licenseIssued":"2026-07-31","licenseExpires":"2030-07-31","nta":"MN0702","bbl":"1012107502","sid":["row-nynp-7khg-epz2"]}},{"type":"Feature","id":"eoy-a77425b9a0a6","geometry":{"type":"Point","coordinates":[-73.77170763811,40.764942349667]},"properties":{"id":"eoy-a77425b9a0a6","name":"TAVERNA KYCLADES","legalName":"TK BELL LLC","street":"39-28 BELL BOULEVARD","neighborhood":"BAYSIDE","borough":"Queens","zip":"11361","type":"sidewalk","status":"Issued","licenseIssued":"2026-07-20","licenseExpires":"2030-07-20","nta":"QN1102","bbl":"4062370020","sid":["row-ncbr-5rk4~s5q9"]}},{"type":"Feature","id":"eoy-a77645cfaa9d","geometry":{"type":"Point","coordinates":[-73.934963074152,40.683266337551]},"properties":{"id":"eoy-a77645cfaa9d","name":"SELUNE","legalName":"LBGG HALSEY LLC","street":"478 HALSEY STREET","neighborhood":"BROOKLYN","borough":"Brooklyn","zip":"11233","type":"sidewalk","status":"Issued","licenseIssued":"2026-08-14","licenseExpires":"2030-08-14","nta":"BK0302","bbl":"3016650010","sid":["row-xzhs-amqs-gbsa"]}},{"type":"Feature","id":"eoy-a77a7848b8bf","geometry":{"type":"Point","coordinates":[-74.024211907194,40.625655584695]},"properties":{"id":"eoy-a77a7848b8bf","name":"ISTANBUL BAY","legalName":"BUL, INC","street":"8002 5 AVENUE","neighborhood":"BROOKLYN","borough":"Brooklyn","zip":"11209","type":"sidewalk","status":"Issued","licenseIssued":"2026-05-15","licenseExpires":"2030-05-15","nta":"BK1001","bbl":"3059890043","sid":["row-yydt~582q.rkcd"]}},{"type":"Feature","id":"eoy-a7a04565be50","geometry":{"type":"Point","coordinates":[-73.98668487807,40.73635138988]},"properties":{"id":"eoy-a7a04565be50","name":"PETE'S TAVERN","legalName":"66 IRVING LLC","street":"129 EAST 18 STREET","neighborhood":"NEW YORK","borough":"Manhattan","zip":"10003","type":"both","status":"Issued","licenseIssued":"2025-03-24","licenseExpires":"2029-03-24","nta":"MN0602","bbl":"1008740023","sid":["row-se7n~7wne.eynf","row-syzv-nivw_mdzs"]}},{"type":"Feature","id":"eoy-a7a2d30c2065","geometry":{"type":"Point","coordinates":[-73.961277127961,40.719105750868]},"properties":{"id":"eoy-a7a2d30c2065","name":"NEM'S JAPANDI BISTRO / KOI BA","legalName":"BALANCE BROOKLYN LLC.","street":"80 NORTH 6 STREET","neighborhood":"BROOKLYN","borough":"Brooklyn","zip":"11249","type":"both","status":"Issued","licenseIssued":"2026-06-05","licenseExpires":"2030-06-05","nta":"BK0102","bbl":"3023330019","sid":["row-5bd7.wpp4-gjmu","row-a24c-4649.9exd"]}},{"type":"Feature","id":"eoy-a7facf708ca6","geometry":{"type":"Point","coordinates":[-73.958564256526,40.713379215412]},"properties":{"id":"eoy-a7facf708ca6","name":"CLEM'S","legalName":"GRAND ENDEAVORS INC.","street":"264 GRAND STREET","neighborhood":"BROOKLYN","borough":"Brooklyn","zip":"11211","type":"sidewalk","status":"Issued","licenseIssued":"2025-05-16","licenseExpires":"2029-05-16","nta":"BK0102","bbl":"3023940022","sid":["row-t8p2-pr2b_8mnv"]}},{"type":"Feature","id":"eoy-a8099a629e86","geometry":{"type":"Point","coordinates":[-73.992695230087,40.748157154357]},"properties":{"id":"eoy-a8099a629e86","name":"BAGEL PUB","legalName":"BAGEL PUB 350 7TH AVENUE CORP.","street":"350 7 AVENUE","neighborhood":"NEW YORK","borough":"Manhattan","zip":"10001","type":"sidewalk","status":"Issued","licenseIssued":"2026-09-11","licenseExpires":"2030-09-11","nta":"MN0501","bbl":"1007790039","sid":["row-guhi.eudg_cbwt"]}},{"type":"Feature","id":"eoy-a82dedabfd5f","geometry":{"type":"Point","coordinates":[-73.976641186014,40.75063901798]},"properties":{"id":"eoy-a82dedabfd5f","name":"LE PAIN QUOTIDIEN","legalName":"MPQ 370 LEXINGTON, LLC","street":"370 LEXINGTON AVENUE","neighborhood":"NEW YORK","borough":"Manhattan","zip":"10017","type":"sidewalk","status":"Issued","licenseIssued":"2026-06-12","licenseExpires":"2030-06-12","nta":"MN0603","bbl":"1012950058","sid":["row-ay9g_zuxr.5wmi"]}},{"type":"Feature","id":"eoy-a88d4d7a3c4c","geometry":{"type":"Point","coordinates":[-73.96236681198,40.775996787348]},"properties":{"id":"eoy-a88d4d7a3c4c","name":"TOKUGAWA","legalName":"SERAFINA 79TH CORNER LLC","street":"1022 MADISON AVENUE","neighborhood":"NEW YORK","borough":"Manhattan","zip":"10075","type":"sidewalk","status":"Issued","licenseIssued":"2026-07-24","licenseExpires":"2030-07-24","nta":"MN0802","bbl":"1013930056","sid":["row-5f68~bcrv_n8qz"]}},{"type":"Feature","id":"eoy-a8cd74dca058","geometry":{"type":"Point","coordinates":[-73.883091774199,40.749859965734]},"properties":{"id":"eoy-a8cd74dca058","name":"LAS MARGARITAS","legalName":"POLLOS A LA BRASA MAMA MIA, INC","street":"83-22 37 AVENUE","neighborhood":"JACKSON HEIGHTS","borough":"Queens","zip":"11372","type":"sidewalk","status":"Issued","licenseIssued":"2026-07-31","licenseExpires":"2030-07-31","nta":"QN0301","bbl":"4014710006","sid":["row-jtg4-u7pp.gm3i"]}},{"type":"Feature","id":"eoy-a8f5db40115f","geometry":{"type":"Point","coordinates":[-73.973402183715,40.754480977458]},"properties":{"id":"eoy-a8f5db40115f","name":"SNAFU","legalName":"127 EAST RESTAURANT CORP","street":"127 EAST 47 STREET","neighborhood":"NEW YORK","borough":"Manhattan","zip":"10017","type":"both","status":"Issued","licenseIssued":"2026-07-20","licenseExpires":"2030-07-20","nta":"MN0604","bbl":"1013020123","sid":["row-38g5-rk68~fijn","row-v3nc.93az_hiwr"]}},{"type":"Feature","id":"eoy-a9070448f912","geometry":{"type":"Point","coordinates":[-74.001169182175,40.739162794682]},"properties":{"id":"eoy-a9070448f912","name":"GRACE'S","legalName":"THE GREEN BROOKLYN LLC","street":"252 WEST 14 STREET","neighborhood":"NEW YORK","borough":"Manhattan","zip":"10011","type":"sidewalk","status":"Issued","licenseIssued":"2026-07-03","licenseExpires":"2030-07-03","nta":"MN0203","bbl":"1006180007","sid":["row-azzy~ymfh-cs2d"]}},{"type":"Feature","id":"eoy-a92d595e5d2a","geometry":{"type":"Point","coordinates":[-73.960630667574,40.71423356663]},"properties":{"id":"eoy-a92d595e5d2a","name":"BIRDS OF A FEATHER","legalName":"DINGXIANG INC.","street":"191 GRAND STREET","neighborhood":"BROOKLYN","borough":"Brooklyn","zip":"11211","type":"roadway","status":"Issued","licenseIssued":"2026-05-08","licenseExpires":"2030-05-08","nta":"BK0102","bbl":"3023810008","sid":["row-4f2n.zndy-q9zx"]}},{"type":"Feature","id":"eoy-a9387e5d72ca","geometry":{"type":"Point","coordinates":[-73.975528041654,40.764513543649]},"properties":{"id":"eoy-a9387e5d72ca","name":"QUALITY MEATS","legalName":"THE MANHATTAN OCEAN CLUB ASSOCIATES, L.L.C.","street":"57 WEST 58 STREET","neighborhood":"NEW YORK","borough":"Manhattan","zip":"10019","type":"both","status":"Issued","licenseIssued":"2026-03-27","licenseExpires":"2030-03-27","nta":"MN0502","bbl":"1012747502","sid":["row-itr8_xxkz-bw3i","row-x8uu-ut8y_96um"]}},{"type":"Feature","id":"eoy-a95ba840b620","geometry":{"type":"Point","coordinates":[-74.002796879278,40.74448760634]},"properties":{"id":"eoy-a95ba840b620","name":"BOCCA DI BACCO","legalName":"SPEAK INTEGRATED CORP.","street":"167 9 AVENUE","neighborhood":"NEW YORK","borough":"Manhattan","zip":"10011","type":"roadway","status":"Issued","licenseIssued":"2026-07-29","licenseExpires":"2030-07-29","nta":"MN0401","bbl":"1007170043","sid":["row-dy8a~n8j7.savd"]}},{"type":"Feature","id":"eoy-a99d9c9e1cce","geometry":{"type":"Point","coordinates":[-73.957928788503,40.811111579854]},"properties":{"id":"eoy-a99d9c9e1cce","name":"MAX SOHA","legalName":"1274 AMSTERDAM TRATTORIA INC","street":"1274 AMSTERDAM AVENUE","neighborhood":"NEW YORK","borough":"Manhattan","zip":"10027","type":"sidewalk","status":"Issued","licenseIssued":"2026-05-29","licenseExpires":"2030-05-29","nta":"MN0901","bbl":"1019770036","sid":["row-6ywy-8wnr~a34k"]}},{"type":"Feature","id":"eoy-aa5001665d3c","geometry":{"type":"Point","coordinates":[-73.999173759804,40.729023637544]},"properties":{"id":"eoy-aa5001665d3c","name":"DEBUTEA","legalName":"DEBUTEA.INC","street":"217 THOMPSON STREET","neighborhood":"NEW YORK","borough":"Manhattan","zip":"10012","type":"roadway","status":"Issued","licenseIssued":"2025-07-03","licenseExpires":"2029-07-03","nta":"MN0202","bbl":"1005390028","sid":["row-teej-ep99_bb6r"]}},{"type":"Feature","id":"eoy-aa507a93a97f","geometry":{"type":"Point","coordinates":[-74.002187005563,40.745289090113]},"properties":{"id":"eoy-aa507a93a97f","name":"QANOON","legalName":"QANOON CORP","street":"180 9 AVENUE","neighborhood":"NEW YORK","borough":"Manhattan","zip":"10011","type":"sidewalk","status":"Issued","licenseIssued":"2026-05-22","licenseExpires":"2030-05-22","nta":"MN0401","bbl":"1007450001","sid":["row-zdyb.qaj2_ii7s"]}},{"type":"Feature","id":"eoy-aa59cd3d82c0","geometry":{"type":"Point","coordinates":[-73.974475419522,40.760645950373]},"properties":{"id":"eoy-aa59cd3d82c0","name":"PAPILLON","legalName":"22 EAST 54TH STREET RESTAURANT CORP.","street":"22 EAST 54 STREET","neighborhood":"NEW YORK","borough":"Manhattan","zip":"10022","type":"sidewalk","status":"Issued","licenseIssued":"2026-07-24","licenseExpires":"2030-07-24","nta":"MN0502","bbl":"1012890059","sid":["row-9w9f.9dk5-q9ze"]}},{"type":"Feature","id":"eoy-aa7015b4737b","geometry":{"type":"Point","coordinates":[-73.989656900571,40.744868696154]},"properties":{"id":"eoy-aa7015b4737b","name":"OSCAR WILDE'S","legalName":"CAMELOT CASTLE LLC","street":"45 WEST 27 STREET","neighborhood":"NEW YORK","borough":"Manhattan","zip":"10001","type":"both","status":"Issued","licenseIssued":"2026-04-17","licenseExpires":"2030-04-17","nta":"MN0501","bbl":"1008290011","sid":["row-rxvf.6ws3.euyq","row-spyu.d4qz-6pap"]}},{"type":"Feature","id":"eoy-aa759b20e5a5","geometry":{"type":"Point","coordinates":[-73.999635561457,40.733928535167]},"properties":{"id":"eoy-aa759b20e5a5","name":"OLIO E PIU","legalName":"OLIO RESTAURANTS LLC","street":"3 GREENWICH AVENUE","neighborhood":"NEW YORK","borough":"Manhattan","zip":"10014","type":"both","status":"Issued","licenseIssued":"2026-02-27","licenseExpires":"2030-02-27","nta":"MN0203","bbl":"1005930013","sid":["row-cdgq.y9rq_4sif","row-v6zj~p2qn_9a7q"]}},{"type":"Feature","id":"eoy-aa8771c7d11d","geometry":{"type":"Point","coordinates":[-73.983666510565,40.757990700134]},"properties":{"id":"eoy-aa8771c7d11d","name":"HAVANA CENTRAL","legalName":"HAVANA CENTRAL NY 2, LLC","street":"151 WEST 46 STREET","neighborhood":"NEW YORK","borough":"Manhattan","zip":"10036","type":"roadway","status":"Issued","licenseIssued":"2026-02-13","licenseExpires":"2030-02-13","nta":"MN0502","bbl":"1009990009","sid":["row-3ejn~zz9b~hb93"]}},{"type":"Feature","id":"eoy-aa883101b949","geometry":{"type":"Point","coordinates":[-73.983823107782,40.767119787144]},"properties":{"id":"eoy-aa883101b949","name":"CENTRAL PARK TAVERN","legalName":"PMACS 12 LLC","street":"327 WEST 57 STREET","neighborhood":"NEW YORK","borough":"Manhattan","zip":"10019","type":"sidewalk","status":"Issued","licenseIssued":"2026-08-14","licenseExpires":"2030-08-14","nta":"MN0402","bbl":"1010480017","sid":["row-nsj8_47be.4w2g"]}},{"type":"Feature","id":"eoy-aac96edce563","geometry":{"type":"Point","coordinates":[-73.987989473665,40.725570096056]},"properties":{"id":"eoy-aac96edce563","name":"MONOMONO","legalName":"MONOMONO, INC.","street":"116 EAST 4 STREET","neighborhood":"NEW YORK","borough":"Manhattan","zip":"10003","type":"sidewalk","status":"Issued","licenseIssued":"2026-05-29","licenseExpires":"2030-05-29","nta":"MN0303","bbl":"1004450022","sid":["row-wxan_xgzn-44uq"]}},{"type":"Feature","id":"eoy-aadfc56d3d31","geometry":{"type":"Point","coordinates":[-74.005499444447,40.73865488759]},"properties":{"id":"eoy-aadfc56d3d31","name":"HUDSON BAR & BOOKS","legalName":"RAJMAR HOLDINGS INC","street":"636 HUDSON STREET","neighborhood":"NEW YORK","borough":"Manhattan","zip":"10014","type":"sidewalk","status":"Issued","licenseIssued":"2026-08-14","licenseExpires":"2030-08-14","nta":"MN0203","bbl":"1006260027","sid":["row-puxr-348r-m7de"]}},{"type":"Feature","id":"eoy-ab35d1a3cdc7","geometry":{"type":"Point","coordinates":[-73.833217126245,40.835816181281]},"properties":{"id":"eoy-ab35d1a3cdc7","name":"MAMAJUANA CAFE","legalName":"BABALU LLC","street":"3233 EAST TREMONT AVENUE","neighborhood":"BRONX","borough":"Bronx","zip":"10461","type":"sidewalk","status":"Issued","licenseIssued":"2026-08-21","licenseExpires":"2030-08-21","nta":"BX1002","bbl":"2053310007","sid":["row-mrmt_pg7p.iwcr"]}},{"type":"Feature","id":"eoy-ab4defe64b05","geometry":{"type":"Point","coordinates":[-73.964402931569,40.756284590616]},"properties":{"id":"eoy-ab4defe64b05","name":"THE GREATS OF CRAFT","legalName":"OPERATION CRAFT I, LLC","street":"983 1 AVENUE","neighborhood":"NEW YORK","borough":"Manhattan","zip":"10022","type":"both","status":"Issued","licenseIssued":"2026-02-13","licenseExpires":"2030-02-13","nta":"MN0604","bbl":"1013467503","sid":["row-5b7d~raxm-59fc","row-y2jb~qmaw.fvsu"]}},{"type":"Feature","id":"eoy-ab5097676aa8","geometry":{"type":"Point","coordinates":[-73.99317373378,40.762773028647]},"properties":{"id":"eoy-ab5097676aa8","name":"ANEJO","legalName":"ANEJO, LLC","street":"668 10 AVENUE","neighborhood":"NEW YORK","borough":"Manhattan","zip":"10036","type":"sidewalk","status":"Issued","licenseIssued":"2026-03-06","licenseExpires":"2030-03-06","nta":"MN0402","bbl":"1010560061","sid":["row-syfa~pqm5.z3fh"]}},{"type":"Feature","id":"eoy-ab52d6ad7d75","geometry":{"type":"Point","coordinates":[-73.983545261413,40.722920844715]},"properties":{"id":"eoy-ab52d6ad7d75","name":"BOOK CLUB BAR","legalName":"BOOK CLUB BAR, LLC","street":"197 EAST 3 STREET","neighborhood":"NEW YORK","borough":"Manhattan","zip":"10009","type":"roadway","status":"Issued","licenseIssued":"2025-08-08","licenseExpires":"2029-08-08","nta":"MN0303","bbl":"1003990039","sid":["row-6qs4~rzm3.4kip"]}},{"type":"Feature","id":"eoy-ab5790664d56","geometry":{"type":"Point","coordinates":[-73.992885275269,40.726020645904]},"properties":{"id":"eoy-ab5790664d56","name":"IL BUCO","legalName":"IL BUCO CORP","street":"47 BOND STREET","neighborhood":"NEW YORK","borough":"Manhattan","zip":"10012","type":"both","status":"Issued","licenseIssued":"2025-08-15","licenseExpires":"2029-08-15","nta":"MN0202","bbl":"1005297506","sid":["row-5nvr_xen2.kutb","row-ittm_zkdb_v5bq"]}},{"type":"Feature","id":"eoy-ab7215427742","geometry":{"type":"Point","coordinates":[-73.984709885422,40.663148087755]},"properties":{"id":"eoy-ab7215427742","name":"AMERICAN CHEEZ","legalName":"Perrine O'Neil LLC","street":"444 7 AVENUE","neighborhood":"BROOKLYN","borough":"Brooklyn","zip":"11215","type":"roadway","status":"Issued","licenseIssued":"2025-05-02","licenseExpires":"2029-05-02","nta":"BK0701","bbl":"3010490044","sid":["row-czur.avxk~pnek"]}},{"type":"Feature","id":"eoy-ab77614d0330","geometry":{"type":"Point","coordinates":[-73.983548676751,40.738255849112]},"properties":{"id":"eoy-ab77614d0330","name":"DINER 24","legalName":"DINER24NYC LLC","street":"283 3 AVENUE","neighborhood":"NEW YORK","borough":"Manhattan","zip":"10010","type":"sidewalk","status":"Issued","licenseIssued":"2026-05-22","licenseExpires":"2030-05-22","nta":"MN0602","bbl":"1009030001","sid":["row-djmy_6657-gqk4"]}},{"type":"Feature","id":"eoy-ab9a3309e57d","geometry":{"type":"Point","coordinates":[-73.998957112115,40.739560786584]},"properties":{"id":"eoy-ab9a3309e57d","name":"WESTVILLE","legalName":"HURRICANE STRAUSS INC","street":"88 7 AVENUE","neighborhood":"NEW YORK","borough":"Manhattan","zip":"10011","type":"both","status":"Issued","licenseIssued":"2026-07-21","licenseExpires":"2030-07-21","nta":"MN0401","bbl":"1007650035","sid":["row-irvh~u8ad-zeye","row-uu5j-dk96.587f"]}},{"type":"Feature","id":"eoy-aba81bd62827","geometry":{"type":"Point","coordinates":[-73.993498533043,40.69000381061]},"properties":{"id":"eoy-aba81bd62827","name":"BOUTROS","legalName":"BOUTROS, LLC","street":"185 ATLANTIC AVENUE","neighborhood":"BROOKLYN","borough":"Brooklyn","zip":"11201","type":"sidewalk","status":"Issued","licenseIssued":"2026-05-29","licenseExpires":"2030-05-29","nta":"BK0201","bbl":"3002760010","sid":["row-y388_y4bu_deur"]}},{"type":"Feature","id":"eoy-abbd71b7d2c2","geometry":{"type":"Point","coordinates":[-73.917467116137,40.705045835565]},"properties":{"id":"eoy-abbd71b7d2c2","name":"GORDOS CANTINA","legalName":"GORDOS 140 ST. NICHOLAS, LLC","street":"140 SAINT NICHOLAS AVENUE","neighborhood":"BROOKLYN","borough":"Brooklyn","zip":"11237","type":"sidewalk","status":"Issued","licenseIssued":"2025-08-29","licenseExpires":"2029-08-29","nta":"BK0401","bbl":"3032490033","sid":["row-yei4-22vz-fjv7"]}},{"type":"Feature","id":"eoy-abf73d818906","geometry":{"type":"Point","coordinates":[-73.957819171422,40.671109434523]},"properties":{"id":"eoy-abf73d818906","name":"AITA TRATTORIA","legalName":"REGINE RESTAURANTS, LLC","street":"798A FRANKLIN AVENUE","neighborhood":"BROOKLYN","borough":"Brooklyn","zip":"11238","type":"sidewalk","status":"Issued","licenseIssued":"2026-08-14","licenseExpires":"2030-08-14","nta":"BK0802","bbl":"3011810052","sid":["row-v6db.gkyy_m6hk"]}},{"type":"Feature","id":"eoy-abf98294ad4e","geometry":{"type":"Point","coordinates":[-73.962865454507,40.775316250548]},"properties":{"id":"eoy-abf98294ad4e","name":"SANT AMBROEUS","legalName":"1000 MADISON, LLC","street":"1000 MADISON AVENUE","neighborhood":"NEW YORK","borough":"Manhattan","zip":"10075","type":"roadway","status":"Issued","licenseIssued":"2026-03-27","licenseExpires":"2030-03-27","nta":"MN0802","bbl":"1013920056","sid":["row-c456_eqmi.9nv5"]}},{"type":"Feature","id":"eoy-ac1a52341ef0","geometry":{"type":"Point","coordinates":[-73.818009072229,40.82036762553]},"properties":{"id":"eoy-ac1a52341ef0","name":"LAVIEMEX","legalName":"LAVIEMEX CORP","street":"4001 EAST TREMONT AVENUE","neighborhood":"BRONX","borough":"Bronx","zip":"10465","type":"sidewalk","status":"Issued","licenseIssued":"2026-07-24","licenseExpires":"2030-07-24","nta":"BX1002","bbl":"2054450035","sid":["row-ykcu~evff-vd87"]}},{"type":"Feature","id":"eoy-ac62f2661bfb","geometry":{"type":"Point","coordinates":[-73.982123853828,40.776410532869]},"properties":{"id":"eoy-ac62f2661bfb","name":"CAFE FRED","legalName":"THE STRAND AT LINCOLN CENTER LLC","street":"2020 BROADWAY","neighborhood":"NEW YORK","borough":"Manhattan","zip":"10023","type":"sidewalk","status":"Issued","licenseIssued":"2026-07-20","licenseExpires":"2030-07-20","nta":"MN0701","bbl":"1011410013","sid":["row-yfg7_ihap~jbuu"]}},{"type":"Feature","id":"eoy-ac6a000cafb3","geometry":{"type":"Point","coordinates":[-73.98456883816,40.727271441933]},"properties":{"id":"eoy-ac6a000cafb3","name":"ROMEO'S","legalName":"118 RESTAURANT LLC","street":"118 SAINT MARKS PLACE","neighborhood":"NEW YORK","borough":"Manhattan","zip":"10009","type":"both","status":"Issued","licenseIssued":"2026-06-25","licenseExpires":"2030-06-25","nta":"MN0303","bbl":"1004350023","sid":["row-5pzx.mjzk_3zbt","row-c9r6-ayy6_286c"]}},{"type":"Feature","id":"eoy-ac8a390c519b","geometry":{"type":"Point","coordinates":[-73.997214053699,40.741954190854]},"properties":{"id":"eoy-ac8a390c519b","name":"THE SLEEPING CAT","legalName":"SH OPERATIONS LLC","street":"160 7 AVENUE","neighborhood":"NEW YORK","borough":"Manhattan","zip":"10011","type":"sidewalk","status":"Issued","licenseIssued":"2025-07-03","licenseExpires":"2029-07-03","nta":"MN0401","bbl":"1007697503","sid":["row-i6pd_58uz.eptc"]}},{"type":"Feature","id":"eoy-ac98aad4a2a6","geometry":{"type":"Point","coordinates":[-73.977707233684,40.778910231132]},"properties":{"id":"eoy-ac98aad4a2a6","name":"LENWICH","legalName":"LENWICH 74TH LLC","street":"302 COLUMBUS AVENUE","neighborhood":"NEW YORK","borough":"Manhattan","zip":"10023","type":"sidewalk","status":"Issued","licenseIssued":"2026-07-24","licenseExpires":"2030-07-24","nta":"MN0702","bbl":"1011460030","sid":["row-tu8m.4cct-c9pi"]}},{"type":"Feature","id":"eoy-ac9f7494573b","geometry":{"type":"Point","coordinates":[-73.976365022602,40.674800994811]},"properties":{"id":"eoy-ac9f7494573b","name":"SCOTTADITO","legalName":"MADMCW CORP","street":"788 UNION STREET","neighborhood":"BROOKLYN","borough":"Brooklyn","zip":"11215","type":"sidewalk","status":"Issued","licenseIssued":"2026-02-06","licenseExpires":"2030-02-06","nta":"BK0602","bbl":"3009570023","sid":["row-wydm~v2xm.7pgs"]}},{"type":"Feature","id":"eoy-acd4b86acc56","geometry":{"type":"Point","coordinates":[-73.973333769445,40.789998098276]},"properties":{"id":"eoy-acd4b86acc56","name":"MIDO","legalName":"SAIGON CAFE 89 INC.","street":"612 AMSTERDAM AVENUE","neighborhood":"NEW YORK","borough":"Manhattan","zip":"10024","type":"sidewalk","status":"Issued","licenseIssued":"2026-07-31","licenseExpires":"2030-07-31","nta":"MN0702","bbl":"1012370033","sid":["row-cd8a-fhm9~ub23"]}},{"type":"Feature","id":"eoy-ad3ad4307747","geometry":{"type":"Point","coordinates":[-73.993871940439,40.74651585585]},"properties":{"id":"eoy-ad3ad4307747","name":"PLAYA BOWLS FIT/ ROSA'S PIZZA","legalName":"CALDERONE HOSPITALITY LLC","street":"299 7 AVENUE","neighborhood":"NEW YORK","borough":"Manhattan","zip":"10001","type":"sidewalk","status":"Issued","licenseIssued":"2026-09-11","licenseExpires":"2030-09-11","nta":"MN0501","bbl":"1008020077","sid":["row-mtz7-ux52_7hjw"]}},{"type":"Feature","id":"eoy-ad3bca2d271f","geometry":{"type":"Point","coordinates":[-73.979804120768,40.722761050489]},"properties":{"id":"eoy-ad3bca2d271f","name":"CASA ADELA","legalName":"CASA ADELA RESTAURANT CORP","street":"66 AVENUE C","neighborhood":"NEW YORK","borough":"Manhattan","zip":"10009","type":"sidewalk","status":"Issued","licenseIssued":"2026-08-14","licenseExpires":"2030-08-14","nta":"MN0303","bbl":"1003740006","sid":["row-ukib~gryd~pdg4"]}},{"type":"Feature","id":"eoy-ad43d017a25f","geometry":{"type":"Point","coordinates":[-74.00360407666,40.722556914422]},"properties":{"id":"eoy-ad43d017a25f","name":"FLIPPERS","legalName":"FLIPPERS NYC LLC","street":"337 WEST BROADWAY","neighborhood":"NEW YORK","borough":"Manhattan","zip":"10013","type":"sidewalk","status":"Issued","licenseIssued":"2026-08-14","licenseExpires":"2030-08-14","nta":"MN0201","bbl":"1004750001","sid":["row-4wdd.ebp9-sba5"]}},{"type":"Feature","id":"eoy-ad488031f9f0","geometry":{"type":"Point","coordinates":[-74.005620374623,40.71786053611]},"properties":{"id":"eoy-ad488031f9f0","name":"TWO HANDS TRIBECA","legalName":"TWO HANDS TRIBECA LLC","street":"251 CHURCH STREET","neighborhood":"NEW YORK","borough":"Manhattan","zip":"10013","type":"both","status":"Issued","licenseIssued":"2026-07-20","licenseExpires":"2030-07-20","nta":"MN0102","bbl":"1001740011","sid":["row-5sa3_h8dp_kyyj","row-ayxt~unws-2y55"]}},{"type":"Feature","id":"eoy-ad562adacd4d","geometry":{"type":"Point","coordinates":[-73.979947215012,40.774554719081]},"properties":{"id":"eoy-ad562adacd4d","name":"LA BOITE EN BOIS","legalName":"PARME RESTAURANT CORPORATION","street":"75 WEST 68 STREET","neighborhood":"NEW YORK","borough":"Manhattan","zip":"10023","type":"roadway","status":"Issued","licenseIssued":"2026-07-21","licenseExpires":"2030-07-21","nta":"MN0701","bbl":"1011210002","sid":["row-ejy8-rqxp-njut"]}},{"type":"Feature","id":"eoy-ad6d26284a02","geometry":{"type":"Point","coordinates":[-73.983375722003,40.722830242956]},"properties":{"id":"eoy-ad6d26284a02","name":"VIRGINIAS","legalName":"OYSTER CITY, LLC","street":"200 EAST 3 STREET","neighborhood":"NEW YORK","borough":"Manhattan","zip":"10009","type":"both","status":"Issued","licenseIssued":"2026-05-08","licenseExpires":"2030-05-08","nta":"MN0303","bbl":"1003980029","sid":["row-j84b.mdyh_sgvi","row-xh4k_srd7.ypss"]}},{"type":"Feature","id":"eoy-ad87dfc0a485","geometry":{"type":"Point","coordinates":[-73.993961246011,40.756616579302]},"properties":{"id":"eoy-ad87dfc0a485","name":"NITTIS","legalName":"THE NITTI GROUP INC","street":"523 9 AVENUE","neighborhood":"NEW YORK","borough":"Manhattan","zip":"10018","type":"sidewalk","status":"Issued","licenseIssued":"2026-05-22","licenseExpires":"2030-05-22","nta":"MN0402","bbl":"1007370031","sid":["row-zzj3_nwxn.dfw6"]}},{"type":"Feature","id":"eoy-ada204ebddaa","geometry":{"type":"Point","coordinates":[-73.858812153935,40.692519099934]},"properties":{"id":"eoy-ada204ebddaa","name":"POP'S RESTAURANT","legalName":"8522 JAMAICA AVENUE CORP","street":"85-22 JAMAICA AVENUE","neighborhood":"WOODHAVEN","borough":"Queens","zip":"11421","type":"sidewalk","status":"Issued","licenseIssued":"2025-08-08","licenseExpires":"2029-08-08","nta":"QN0905","bbl":"4089220010","sid":["row-2ckk-esti-8apy"]}},{"type":"Feature","id":"eoy-adb53a4d7a79","geometry":{"type":"Point","coordinates":[-73.977990534622,40.686842647439]},"properties":{"id":"eoy-adb53a4d7a79","name":"TACOMBI","legalName":"LA LAFAYETTE LLC","street":"25 LAFAYETTE AVENUE","neighborhood":"BROOKLYN","borough":"Brooklyn","zip":"11217","type":"both","status":"Issued","licenseIssued":"2026-07-24","licenseExpires":"2030-07-24","nta":"BK0203","bbl":"3021080021","sid":["row-6c2v-b559.r2c2","row-nd4u.bybn.qztu"]}},{"type":"Feature","id":"eoy-adc96602a086","geometry":{"type":"Point","coordinates":[-73.995573454398,40.721310761339]},"properties":{"id":"eoy-adc96602a086","name":"EPISTROPHY","legalName":"CAFFE VETRO, INC","street":"200 MOTT STREET","neighborhood":"NEW YORK","borough":"Manhattan","zip":"10012","type":"both","status":"Issued","licenseIssued":"2026-06-12","licenseExpires":"2030-06-12","nta":"MN0201","bbl":"1004790011","sid":["row-p89c-n2is-qshr","row-vpr2-vt3e.ymnv"]}},{"type":"Feature","id":"eoy-addf7675ba93","geometry":{"type":"Point","coordinates":[-73.953784948013,40.780445644457]},"properties":{"id":"eoy-addf7675ba93","name":"BIRCH COFFEE","legalName":"OUTSTANDING GROUNDS LLC","street":"171 EAST 88 STREET","neighborhood":"NEW YORK","borough":"Manhattan","zip":"10128","type":"roadway","status":"Issued","licenseIssued":"2026-03-27","licenseExpires":"2030-03-27","nta":"MN0802","bbl":"1015170033","sid":["row-stkd~6t26.9scm"]}},{"type":"Feature","id":"eoy-ae2dfba342a4","geometry":{"type":"Point","coordinates":[-73.977677859274,40.72671312035]},"properties":{"id":"eoy-ae2dfba342a4","name":"FIASCHETTERIA PISTOIA","legalName":"FIASCHETTERIA LTD","street":"647 EAST 11 STREET","neighborhood":"NEW YORK","borough":"Manhattan","zip":"10009","type":"roadway","status":"Issued","licenseIssued":"2025-05-16","licenseExpires":"2029-05-16","nta":"MN0303","bbl":"1003940044","sid":["row-r2wr~8nv6~u6wq"]}},{"type":"Feature","id":"eoy-ae33304ad82f","geometry":{"type":"Point","coordinates":[-73.982324104277,40.729505357362]},"properties":{"id":"eoy-ae33304ad82f","name":"SMØR BAKERY","legalName":"437 EAST 12TH LLC","street":"437 EAST 12 STREET","neighborhood":"NEW YORK","borough":"Manhattan","zip":"10009","type":"sidewalk","status":"Issued","licenseIssued":"2026-07-31","licenseExpires":"2030-07-31","nta":"MN0303","bbl":"1004400040","sid":["row-m8pb.j4nz-q6i7"]}},{"type":"Feature","id":"eoy-ae56041d639b","geometry":{"type":"Point","coordinates":[-74.001334972856,40.729004419392]},"properties":{"id":"eoy-ae56041d639b","name":"MERMAID OYSTER BAR","legalName":"ONE MELON LLC","street":"89 MACDOUGAL STREET","neighborhood":"NEW YORK","borough":"Manhattan","zip":"10012","type":"both","status":"Issued","licenseIssued":"2026-07-21","licenseExpires":"2030-07-21","nta":"MN0202","bbl":"1005260025","sid":["row-2sx2-49x5-c6c3","row-eh49~wgzz-qwna"]}},{"type":"Feature","id":"eoy-ae66568b5020","geometry":{"type":"Point","coordinates":[-73.983361472813,40.722105622377]},"properties":{"id":"eoy-ae66568b5020","name":"CANTINA CUBANA","legalName":"CANTINA CUBANA LLC","street":"17 AVENUE B","neighborhood":"NEW YORK","borough":"Manhattan","zip":"10009","type":"sidewalk","status":"Issued","licenseIssued":"2026-02-20","licenseExpires":"2030-02-20","nta":"MN0303","bbl":"1003850001","sid":["row-ffhx_um92.r6h6"]}},{"type":"Feature","id":"eoy-ae950bed027c","geometry":{"type":"Point","coordinates":[-73.96904175459,40.693123366886]},"properties":{"id":"eoy-ae950bed027c","name":"PUTNAM'S PUB","legalName":"419 MYRTLE REST CORP","street":"419 MYRTLE AVENUE","neighborhood":"BROOKLYN","borough":"Brooklyn","zip":"11205","type":"sidewalk","status":"Issued","licenseIssued":"2026-07-24","licenseExpires":"2030-07-24","nta":"BK0204","bbl":"3018870093","sid":["row-xzbn~ytkn_bhqw"]}},{"type":"Feature","id":"eoy-aeec63316a34","geometry":{"type":"Point","coordinates":[-73.997986949754,40.721316318628]},"properties":{"id":"eoy-aeec63316a34","name":"EATALY SOHO","legalName":"EATALY LAFAYETTE LLC","street":"200 LAFAYETTE STREET","neighborhood":"NEW YORK","borough":"Manhattan","zip":"10012","type":"sidewalk","status":"Issued","licenseIssued":"2026-07-21","licenseExpires":"2030-07-21","nta":"MN0201","bbl":"1004827504","sid":["row-bi2c~8nv4~qg3g"]}},{"type":"Feature","id":"eoy-af387f362d47","geometry":{"type":"Point","coordinates":[-73.99747784272,40.732715322026]},"properties":{"id":"eoy-af387f362d47","name":"8TH STREET WINECELLAR","legalName":"8TH ST WINECELLAR NYC CORP","street":"28 WEST 8 STREET","neighborhood":"NEW YORK","borough":"Manhattan","zip":"10011","type":"sidewalk","status":"Issued","licenseIssued":"2026-07-20","licenseExpires":"2030-07-20","nta":"MN0202","bbl":"1005510020","sid":["row-uw3w.3tdr_aust"]}},{"type":"Feature","id":"eoy-af546220646b","geometry":{"type":"Point","coordinates":[-73.993635048799,40.732945733413]},"properties":{"id":"eoy-af546220646b","name":"PAPA D'AMOUR","legalName":"CREATIVE BAKERY STUDIO LLC","street":"64 UNIVERSITY PLACE","neighborhood":"NEW YORK","borough":"Manhattan","zip":"10003","type":"sidewalk","status":"Issued","licenseIssued":"2026-07-31","licenseExpires":"2030-07-31","nta":"MN0202","bbl":"1005687501","sid":["row-hmwq~r3rb-wrtk"]}},{"type":"Feature","id":"eoy-af6590c4439d","geometry":{"type":"Point","coordinates":[-73.981528103445,40.763441465992]},"properties":{"id":"eoy-af6590c4439d","name":"P.McDAID'S IRISH PUB","legalName":"PDS IRISH PUB LLC","street":"837 7 AVENUE","neighborhood":"NEW YORK","borough":"Manhattan","zip":"10019","type":"sidewalk","status":"Issued","licenseIssued":"2026-07-20","licenseExpires":"2030-07-20","nta":"MN0502","bbl":"1010060063","sid":["row-pw3z.s534-8fxf"]}},{"type":"Feature","id":"eoy-af6fe0c64e1b","geometry":{"type":"Point","coordinates":[-73.944125974198,40.814731502355]},"properties":{"id":"eoy-af6fe0c64e1b","name":"OUAGA SPORTS BAR","legalName":"YATENGA LLC","street":"2280 ADAM CLAYTON POWELL JR BOULEVARD","neighborhood":"NEW YORK","borough":"Manhattan","zip":"10030","type":"sidewalk","status":"Issued","licenseIssued":"2026-08-14","licenseExpires":"2030-08-14","nta":"MN1002","bbl":"1019400029","sid":["row-wfbi_t3d7~vvxw"]}},{"type":"Feature","id":"eoy-af860756f496","geometry":{"type":"Point","coordinates":[-73.956500047359,40.802846615914]},"properties":{"id":"eoy-af860756f496","name":"TAQUERIA ALLENDE","legalName":"ALLENDE HOSPITALITY GROUP LLC","street":"2100 FREDERICK DOUGLASS BOULEVARD","neighborhood":"NEW YORK","borough":"Manhattan","zip":"10026","type":"sidewalk","status":"Issued","licenseIssued":"2026-07-20","licenseExpires":"2030-07-20","nta":"MN1001","bbl":"1018297501","sid":["row-ywgw~p7e3_hbcr"]}},{"type":"Feature","id":"eoy-afce4458c818","geometry":{"type":"Point","coordinates":[-73.999996391345,40.740406178389]},"properties":{"id":"eoy-afce4458c818","name":"THE GREY DOG","legalName":"GREY DOG CHELSEA INC","street":"242 WEST 16 STREET","neighborhood":"NEW YORK","borough":"Manhattan","zip":"10011","type":"roadway","status":"Issued","licenseIssued":"2025-10-03","licenseExpires":"2029-10-03","nta":"MN0401","bbl":"1007650065","sid":["row-egen-q3fr.qfhe"]}},{"type":"Feature","id":"eoy-afd163ea1109","geometry":{"type":"Point","coordinates":[-73.949202482845,40.724280415005]},"properties":{"id":"eoy-afd163ea1109","name":"GREENPOINT FISH & LOBSTER CO.","legalName":"GFLC MARKET LLC","street":"114 NASSAU AVENUE","neighborhood":"BROOKLYN","borough":"Brooklyn","zip":"11222","type":"both","status":"Issued","licenseIssued":"2025-07-18","licenseExpires":"2029-07-18","nta":"BK0101","bbl":"3026810009","sid":["row-9wqc-huav-5apc","row-gkhv-un4d_yxf8"]}},{"type":"Feature","id":"eoy-afd3aa6f6bbf","geometry":{"type":"Point","coordinates":[-73.999635561457,40.733928535167]},"properties":{"id":"eoy-afd3aa6f6bbf","name":"TUE THAI FOOD","legalName":"THAI SMILE RESTAURANT INC","street":"3 GREENWICH AVENUE","neighborhood":"NEW YORK","borough":"Manhattan","zip":"10014","type":"both","status":"Issued","licenseIssued":"2026-05-08","licenseExpires":"2030-05-08","nta":"MN0203","bbl":"1005930013","sid":["row-abzp~k8mr~gk5t","row-vw64_vvmi.w6ex"]}},{"type":"Feature","id":"eoy-afe982054bcb","geometry":{"type":"Point","coordinates":[-74.00537671185,40.738141622621]},"properties":{"id":"eoy-afe982054bcb","name":"MOLE","legalName":"CERELI, INC","street":"57 JANE STREET","neighborhood":"NEW YORK","borough":"Manhattan","zip":"10014","type":"sidewalk","status":"Issued","licenseIssued":"2026-09-25","licenseExpires":"2030-09-25","nta":"MN0203","bbl":"1006260021","sid":["row-38k9.k8ke~rmps"]}},{"type":"Feature","id":"eoy-afea3b864fc8","geometry":{"type":"Point","coordinates":[-73.924461250134,40.761524209031]},"properties":{"id":"eoy-afea3b864fc8","name":"LAS CATRINAS","legalName":"NEWTOWN BAR LLC","street":"32-02 BROADWAY","neighborhood":"ASTORIA","borough":"Queens","zip":"11106","type":"both","status":"Issued","licenseIssued":"2026-04-03","licenseExpires":"2030-04-03","nta":"QN0103","bbl":"4006120033","sid":["row-bywy.csj4.jwyk","row-jsed.24zn~b2u4"]}},{"type":"Feature","id":"eoy-b0173307ef6a","geometry":{"type":"Point","coordinates":[-73.859885050248,40.729226264696]},"properties":{"id":"eoy-b0173307ef6a","name":"THE DINERBAR","legalName":"JJS DINER CORP","street":"97-45 QUEENS BOULEVARD","neighborhood":"REGO PARK","borough":"Queens","zip":"11374","type":"sidewalk","status":"Issued","licenseIssued":"2026-07-20","licenseExpires":"2030-07-20","nta":"QN0601","bbl":"4020910001","sid":["row-vnku.gn93_2iaz"]}},{"type":"Feature","id":"eoy-b02461cb3d83","geometry":{"type":"Point","coordinates":[-73.980817004063,40.675861310029]},"properties":{"id":"eoy-b02461cb3d83","name":"MEZCAL'S","legalName":"MEZCALS OF 5 AVE REST. CORP","street":"223 5 AVENUE","neighborhood":"BROOKLYN","borough":"Brooklyn","zip":"11215","type":"sidewalk","status":"Issued","licenseIssued":"2026-01-09","licenseExpires":"2030-01-09","nta":"BK0602","bbl":"3009560001","sid":["row-i4kh.nym3~ez4q"]}},{"type":"Feature","id":"eoy-b027810e0a1d","geometry":{"type":"Point","coordinates":[-73.960826611745,40.761191054722]},"properties":{"id":"eoy-b027810e0a1d","name":"SEA SALT","legalName":"MILAN FOODS CORP.","street":"1123 1 AVENUE","neighborhood":"NEW YORK","borough":"Manhattan","zip":"10065","type":"sidewalk","status":"Issued","licenseIssued":"2026-02-06","licenseExpires":"2030-02-06","nta":"MN0801","bbl":"1014360026","sid":["row-n8m9~zfzs-wer5"]}},{"type":"Feature","id":"eoy-b0350de6763b","geometry":{"type":"Point","coordinates":[-73.958568457037,40.729770968613]},"properties":{"id":"eoy-b0350de6763b","name":"ME AND PAUL'S","legalName":"PIEINTHESKYBROOKLYN LLC","street":"60 GREENPOINT AVENUE","neighborhood":"BROOKLYN","borough":"Brooklyn","zip":"11222","type":"roadway","status":"Issued","licenseIssued":"2025-10-31","licenseExpires":"2029-10-31","nta":"BK0101","bbl":"3025620012","sid":["row-uf98.c2h5-x3ai"]}},{"type":"Feature","id":"eoy-b0444eb33178","geometry":{"type":"Point","coordinates":[-74.004394705519,40.730804909105]},"properties":{"id":"eoy-b0444eb33178","name":"KEG & LANTERN","legalName":"KILLOWEN WESTSIDE LLC","street":"29 7 AVENUE SOUTH","neighborhood":"NEW YORK","borough":"Manhattan","zip":"10014","type":"sidewalk","status":"Issued","licenseIssued":"2026-09-25","licenseExpires":"2030-09-25","nta":"MN0203","bbl":"1005860045","sid":["row-rjia_fhw2~bvqd"]}},{"type":"Feature","id":"eoy-b045c1eaed44","geometry":{"type":"Point","coordinates":[-73.964562589897,40.802023217984]},"properties":{"id":"eoy-b045c1eaed44","name":"AMITY HALL","legalName":"AMITY HALL UPTOWN INC","street":"982 AMSTERDAM AVENUE","neighborhood":"NEW YORK","borough":"Manhattan","zip":"10025","type":"sidewalk","status":"Issued","licenseIssued":"2026-07-24","licenseExpires":"2030-07-24","nta":"MN0703","bbl":"1018807501","sid":["row-ukyj_8fvi~fzfx"]}},{"type":"Feature","id":"eoy-b05a6c63ad3b","geometry":{"type":"Point","coordinates":[-73.948042578732,40.583686804222]},"properties":{"id":"eoy-b05a6c63ad3b","name":"YIASOU / NEXT DOOR","legalName":"AMGP RESTAURANT CORP.","street":"2003 EMMONS AVENUE","neighborhood":"BROOKLYN","borough":"Brooklyn","zip":"11235","type":"sidewalk","status":"Issued","licenseIssued":"2026-06-12","licenseExpires":"2030-06-12","nta":"BK1503","bbl":"3087780052","sid":["row-cekg.zc5x_jjx9"]}},{"type":"Feature","id":"eoy-b0b40acfefd0","geometry":{"type":"Point","coordinates":[-73.981589615407,40.684867044463]},"properties":{"id":"eoy-b0b40acfefd0","name":"IXV COFFEE","legalName":"IXV COFFEE LLC","street":"497 PACIFIC STREET","neighborhood":"BROOKLYN","borough":"Brooklyn","zip":"11217","type":"roadway","status":"Issued","licenseIssued":"2025-10-24","licenseExpires":"2029-10-24","nta":"BK0202","bbl":"3001857501","sid":["row-3m4g~wjyn~7cr8"]}},{"type":"Feature","id":"eoy-b0cc35edb36d","geometry":{"type":"Point","coordinates":[-74.030900997304,40.616579717885]},"properties":{"id":"eoy-b0cc35edb36d","name":"PASTICCERIA ROCCO","legalName":"ROCCO'S BROOKLYN BAKERY INC.","street":"9402 4 AVENUE","neighborhood":"BROOKLYN","borough":"Brooklyn","zip":"11209","type":"sidewalk","status":"Issued","licenseIssued":"2026-05-15","licenseExpires":"2030-05-15","nta":"BK1001","bbl":"3061140032","sid":["row-qrm4-iwxf_4vzf"]}},{"type":"Feature","id":"eoy-b13ad2e498df","geometry":{"type":"Point","coordinates":[-73.905210360476,40.768964688039]},"properties":{"id":"eoy-b13ad2e498df","name":"MURPHY'S BAR","legalName":"RMSR MANAGEMENT CORP","street":"45-01 23 AVENUE","neighborhood":"ASTORIA","borough":"Queens","zip":"11105","type":"sidewalk","status":"Issued","licenseIssued":"2026-07-21","licenseExpires":"2030-07-21","nta":"QN0101","bbl":"4007690039","sid":["row-54cg-67xu-rua6"]}},{"type":"Feature","id":"eoy-b13f74f4b5c8","geometry":{"type":"Point","coordinates":[-73.972981748819,40.78535389631]},"properties":{"id":"eoy-b13f74f4b5c8","name":"PROHIBITION","legalName":"J & D OPERATORS LLC","street":"503 COLUMBUS AVENUE","neighborhood":"NEW YORK","borough":"Manhattan","zip":"10024","type":"sidewalk","status":"Issued","licenseIssued":"2026-07-31","licenseExpires":"2030-07-31","nta":"MN0702","bbl":"1011980001","sid":["row-6kqx-qw8m~6p5q"]}},{"type":"Feature","id":"eoy-b175fd68b313","geometry":{"type":"Point","coordinates":[-73.989320514772,40.749581420927]},"properties":{"id":"eoy-b175fd68b313","name":"FEILE","legalName":"FAT ANNIE'S, LLC","street":"133 WEST 33 STREET","neighborhood":"NEW YORK","borough":"Manhattan","zip":"10001","type":"roadway","status":"Issued","licenseIssued":"2025-08-08","licenseExpires":"2029-08-08","nta":"MN0501","bbl":"1008097501","sid":["row-vep3.fkc4~7fck"]}},{"type":"Feature","id":"eoy-b18f679a3e30","geometry":{"type":"Point","coordinates":[-73.953224919558,40.775820506565]},"properties":{"id":"eoy-b18f679a3e30","name":"PURA VIDA MIAMI","legalName":"PVM 1598 SECOND AVE LLC","street":"1598 2 AVENUE","neighborhood":"NEW YORK","borough":"Manhattan","zip":"10028","type":"sidewalk","status":"Issued","licenseIssued":"2026-07-31","licenseExpires":"2030-07-31","nta":"MN0803","bbl":"1015450049","sid":["row-zaq5-mwmi.qqbu"]}},{"type":"Feature","id":"eoy-b1c70c3d50b9","geometry":{"type":"Point","coordinates":[-73.842502881222,40.719500949215]},"properties":{"id":"eoy-b1c70c3d50b9","name":"REEF","legalName":"108-02 72ND REST LLC","street":"108-02 72 AVENUE","neighborhood":"FOREST HILLS","borough":"Queens","zip":"11375","type":"both","status":"Issued","licenseIssued":"2026-07-31","licenseExpires":"2030-07-31","nta":"QN0602","bbl":"4032580033","sid":["row-7qc4_qi8n_c39b","row-m5qt~ezg7-rtp7"]}},{"type":"Feature","id":"eoy-b1cab68a2fab","geometry":{"type":"Point","coordinates":[-73.961124830344,40.806696410041]},"properties":{"id":"eoy-b1cab68a2fab","name":"ARTS & CRAFTS BEER PARLOR","legalName":"ACBP SOHA LLC","street":"1135 AMSTERDAM AVENUE","neighborhood":"NEW YORK","borough":"Manhattan","zip":"10025","type":"both","status":"Issued","licenseIssued":"2024-12-19","licenseExpires":"2028-12-19","nta":"MN0901","bbl":"1018670074","sid":["row-gqp5_6ccy.zvjb","row-k85j.rsag-bmyz"]}},{"type":"Feature","id":"eoy-b1dab294e44d","geometry":{"type":"Point","coordinates":[-73.97629777918,40.762232811492]},"properties":{"id":"eoy-b1dab294e44d","name":"WOLFNIGHTS","legalName":"WOLFDEN LLC","street":"40 WEST 55 STREET","neighborhood":"NEW YORK","borough":"Manhattan","zip":"10019","type":"roadway","status":"Issued","licenseIssued":"2026-09-11","licenseExpires":"2030-09-11","nta":"MN0502","bbl":"1012707501","sid":["row-qvip.6w5e-rzjy"]}},{"type":"Feature","id":"eoy-b1dc8fcee6b8","geometry":{"type":"Point","coordinates":[-73.922399358502,40.752857625191]},"properties":{"id":"eoy-b1dc8fcee6b8","name":"LA CHOZA DEL GORDO","legalName":"LA CHOZA DEL GORDO CORP","street":"41-05 NORTHERN BOULEVARD","neighborhood":"LONG ISLAND CITY","borough":"Queens","zip":"11101","type":"sidewalk","status":"Issued","licenseIssued":"2026-07-21","licenseExpires":"2030-07-21","nta":"QN0104","bbl":"4006670001","sid":["row-nnp6~8zfu.p3hh"]}},{"type":"Feature","id":"eoy-b1e1a4d36b0b","geometry":{"type":"Point","coordinates":[-73.988809132558,40.721551840317]},"properties":{"id":"eoy-b1e1a4d36b0b","name":"82 STANTON","legalName":"EPSTEIN'S BAR LLC","street":"82 STANTON STREET","neighborhood":"NEW YORK","borough":"Manhattan","zip":"10002","type":"sidewalk","status":"Issued","licenseIssued":"2026-02-13","licenseExpires":"2030-02-13","nta":"MN0302","bbl":"1004170070","sid":["row-jiyi-kfn5.fkgp"]}},{"type":"Feature","id":"eoy-b2209388d07d","geometry":{"type":"Point","coordinates":[-74.002439077072,40.730245035236]},"properties":{"id":"eoy-b2209388d07d","name":"DIG INN ON BLEECKER","legalName":"DIG INN 232 BLEECKER ST LLC","street":"232 BLEECKER STREET","neighborhood":"NEW YORK","borough":"Manhattan","zip":"10014","type":"sidewalk","status":"Issued","licenseIssued":"2026-09-02","licenseExpires":"2030-09-02","nta":"MN0203","bbl":"1005270072","sid":["row-7fm8-f4nd-5gpe"]}},{"type":"Feature","id":"eoy-b222698e1f37","geometry":{"type":"Point","coordinates":[-74.004442714368,40.7472872115]},"properties":{"id":"eoy-b222698e1f37","name":"EMPIRE DINER","legalName":"210 EMPIRE LLC","street":"210 10 AVENUE","neighborhood":"NEW YORK","borough":"Manhattan","zip":"10011","type":"sidewalk","status":"Issued","licenseIssued":"2026-04-03","licenseExpires":"2030-04-03","nta":"MN0401","bbl":"1007200001","sid":["row-4u9k~22xn~r8eu"]}},{"type":"Feature","id":"eoy-b25d328db828","geometry":{"type":"Point","coordinates":[-73.998018835455,40.740848068134]},"properties":{"id":"eoy-b25d328db828","name":"THE COMMONS CHELSEA","legalName":"THREE TOP CHELSEA LLC.","street":"128 7 AVENUE","neighborhood":"NEW YORK","borough":"Manhattan","zip":"10011","type":"sidewalk","status":"Issued","licenseIssued":"2026-08-07","licenseExpires":"2030-08-07","nta":"MN0401","bbl":"1007670043","sid":["row-ua97_9e9b~xfh9"]}},{"type":"Feature","id":"eoy-b286b39c1199","geometry":{"type":"Point","coordinates":[-73.992062322346,40.75918830286]},"properties":{"id":"eoy-b286b39c1199","name":"GRIND NYC COFFEE SHOP","legalName":"AGIOS MARKOS CORPORATION","street":"602 9 AVENUE","neighborhood":"NEW YORK","borough":"Manhattan","zip":"10036","type":"sidewalk","status":"Issued","licenseIssued":"2025-05-16","licenseExpires":"2029-05-16","nta":"MN0402","bbl":"1010340001","sid":["row-xyuc~xyya_v74m"]}},{"type":"Feature","id":"eoy-b29b97bc8d30","geometry":{"type":"Point","coordinates":[-73.989840796629,40.722323215915]},"properties":{"id":"eoy-b29b97bc8d30","name":"SPAGHETTI INCIDENT","legalName":"MAMAMIA CORP","street":"231 ELDRIDGE STREET","neighborhood":"NEW YORK","borough":"Manhattan","zip":"10002","type":"roadway","status":"Issued","licenseIssued":"2026-01-02","licenseExpires":"2030-01-02","nta":"MN0302","bbl":"1004220064","sid":["row-t7m4_caej.74rc"]}},{"type":"Feature","id":"eoy-b2bc1c8c3798","geometry":{"type":"Point","coordinates":[-73.927687487521,40.62657677588]},"properties":{"id":"eoy-b2bc1c8c3798","name":"TOPAZE RESTAURANT & JERK CHICKEN","legalName":"S & N TOPAZE RESTAURANT INC","street":"1875 UTICA AVENUE","neighborhood":"BROOKLYN","borough":"Brooklyn","zip":"11234","type":"sidewalk","status":"Issued","licenseIssued":"2026-09-11","licenseExpires":"2030-09-11","nta":"BK1801","bbl":"3077980033","sid":["row-mnqx.6gi7-rb6d"]}},{"type":"Feature","id":"eoy-b2c34883f107","geometry":{"type":"Point","coordinates":[-73.999772644166,40.743499525783]},"properties":{"id":"eoy-b2c34883f107","name":"FUMO","legalName":"198 8TH AVENUE RESTAURANT GROUP LLC","street":"198 8 AVENUE","neighborhood":"NEW YORK","borough":"Manhattan","zip":"10011","type":"sidewalk","status":"Issued","licenseIssued":"2026-05-01","licenseExpires":"2030-05-01","nta":"MN0401","bbl":"1007700001","sid":["row-x66q.ewq2.2ggj"]}},{"type":"Feature","id":"eoy-b2e87033f3a1","geometry":{"type":"Point","coordinates":[-73.807138174912,40.792817270555]},"properties":{"id":"eoy-b2e87033f3a1","name":"HEALTH KITCHEN","legalName":"LS HEALTH FOODS INC.","street":"1017A 154 STREET","neighborhood":"WHITESTONE","borough":"Queens","zip":"11357","type":"sidewalk","status":"Issued","licenseIssued":"2026-08-14","licenseExpires":"2030-08-14","nta":"QN0702","bbl":null,"sid":["row-6f8j.bkx8~if93"]}},{"type":"Feature","id":"eoy-b3188851c7d5","geometry":{"type":"Point","coordinates":[-73.963419551946,40.798454686795]},"properties":{"id":"eoy-b3188851c7d5","name":"KOO THAI","legalName":"KOO THAI UWS INC","street":"917 COLUMBUS AVENUE","neighborhood":"NEW YORK","borough":"Manhattan","zip":"10025","type":"sidewalk","status":"Issued","licenseIssued":"2026-09-25","licenseExpires":"2030-09-25","nta":"MN0703","bbl":"1018400064","sid":["row-epdq_ebv6.53sy"]}},{"type":"Feature","id":"eoy-b348ced5564d","geometry":{"type":"Point","coordinates":[-73.953832077826,40.774986346842]},"properties":{"id":"eoy-b348ced5564d","name":"L'INCONTRO BY ROCCO","legalName":"ROCCO PARTNERS LLC","street":"1572 2 AVENUE","neighborhood":"NEW YORK","borough":"Manhattan","zip":"10028","type":"sidewalk","status":"Issued","licenseIssued":"2026-08-28","licenseExpires":"2030-08-28","nta":"MN0803","bbl":"1015440051","sid":["row-bxv9-stxq~nzxd"]}},{"type":"Feature","id":"eoy-b369e98a7342","geometry":{"type":"Point","coordinates":[-73.915889202532,40.746309524626]},"properties":{"id":"eoy-b369e98a7342","name":"SANGER HALL","legalName":"W & C FOOD LLC","street":"48-20 SKILLMAN AVENUE","neighborhood":"SUNNYSIDE","borough":"Queens","zip":"11104","type":"sidewalk","status":"Issued","licenseIssued":"2026-07-24","licenseExpires":"2030-07-24","nta":"QN0202","bbl":"4001350030","sid":["row-mm7s_ix7k_kj5s"]}},{"type":"Feature","id":"eoy-b36d8e02f41a","geometry":{"type":"Point","coordinates":[-73.929303787234,40.681923536304]},"properties":{"id":"eoy-b36d8e02f41a","name":"CHEZ OSKAR","legalName":"373 DECATUR STR INC","street":"373 DECATUR STREET","neighborhood":"BROOKLYN","borough":"Brooklyn","zip":"11233","type":"both","status":"Issued","licenseIssued":"2026-07-24","licenseExpires":"2030-07-24","nta":"BK0302","bbl":"3016760047","sid":["row-by7k-segt~98zy","row-ubvt.q6i2.ukm5"]}},{"type":"Feature","id":"eoy-b3de7671412c","geometry":{"type":"Point","coordinates":[-73.95583864425,40.743784716476]},"properties":{"id":"eoy-b3de7671412c","name":"CASA ENRIQUE","legalName":"CAFE H INC.","street":"5-48 49 AVENUE","neighborhood":"LONG ISLAND CITY","borough":"Queens","zip":"11101","type":"sidewalk","status":"Issued","licenseIssued":"2026-05-15","licenseExpires":"2030-05-15","nta":"QN0201","bbl":"4000320048","sid":["row-ahx5.drvt.7cyg"]}},{"type":"Feature","id":"eoy-b3eeccd0c663","geometry":{"type":"Point","coordinates":[-73.850292379808,40.898304301171]},"properties":{"id":"eoy-b3eeccd0c663","name":"COOLER RUNNINGS JAMAICAN RESTAURANT","legalName":"COOLER RUNNINGS JAMAICAN RESTAURANT, LLC","street":"1802 NEREID AVENUE","neighborhood":"BRONX","borough":"Bronx","zip":"10466","type":"sidewalk","status":"Issued","licenseIssued":"2026-06-19","licenseExpires":"2030-06-19","nta":"BX1203","bbl":"2050520044","sid":["row-ycxu.z2td_ba4m"]}},{"type":"Feature","id":"eoy-b3f974fc07da","geometry":{"type":"Point","coordinates":[-73.996408487991,40.690363504032]},"properties":{"id":"eoy-b3f974fc07da","name":"HENRY PUBLIC","legalName":"HENRO JONES,LLC","street":"329 HENRY STREET","neighborhood":"BROOKLYN","borough":"Brooklyn","zip":"11201","type":"both","status":"Issued","licenseIssued":"2025-08-29","licenseExpires":"2029-08-29","nta":"BK0601","bbl":"3002850003","sid":["row-wkb6.t456_mzx6","row-wqhe~zkbt_27ad"]}},{"type":"Feature","id":"eoy-b455bb6e13c9","geometry":{"type":"Point","coordinates":[-73.983609449249,40.725962055374]},"properties":{"id":"eoy-b455bb6e13c9","name":"MISS LILY'S 7A CAFE","legalName":"SEVEN A CAFE INC.","street":"109 AVENUE A","neighborhood":"NEW YORK","borough":"Manhattan","zip":"10009","type":"both","status":"Issued","licenseIssued":"2026-03-20","licenseExpires":"2030-03-20","nta":"MN0303","bbl":"1004340029","sid":["row-ptdn-zhxn-yqwp","row-xae9-pbd3_79yk"]}},{"type":"Feature","id":"eoy-b46825da57d2","geometry":{"type":"Point","coordinates":[-73.992494691609,40.734276875319]},"properties":{"id":"eoy-b46825da57d2","name":"BAGEL PUB","legalName":"BAGEL PUB 110 UNIVERSITY PLACE CORP","street":"110 UNIVERSITY PLACE","neighborhood":"NEW YORK","borough":"Manhattan","zip":"10003","type":"sidewalk","status":"Issued","licenseIssued":"2026-09-25","licenseExpires":"2030-09-25","nta":"MN0202","bbl":"1005707503","sid":["row-kcrw_6a7v_ca43"]}},{"type":"Feature","id":"eoy-b4ab7fc201bb","geometry":{"type":"Point","coordinates":[-73.838953801674,40.719202329866]},"properties":{"id":"eoy-b4ab7fc201bb","name":"TUSCAN HILLS","legalName":"Neju Inc.","street":"110-60 QUEENS BOULEVARD","neighborhood":"FOREST HILLS","borough":"Queens","zip":"11375","type":"sidewalk","status":"Issued","licenseIssued":"2026-03-27","licenseExpires":"2030-03-27","nta":"QN0602","bbl":"4032927501","sid":["row-93g4_t4gt-inbj"]}},{"type":"Feature","id":"eoy-b4bf36b829f0","geometry":{"type":"Point","coordinates":[-73.985179585669,40.722767360588]},"properties":{"id":"eoy-b4bf36b829f0","name":"SUPPER","legalName":"RAGUBOY CORPORATION","street":"156 EAST 2 STREET","neighborhood":"NEW YORK","borough":"Manhattan","zip":"10009","type":"both","status":"Issued","licenseIssued":"2026-02-13","licenseExpires":"2030-02-13","nta":"MN0303","bbl":"1003980061","sid":["row-96q9.b7nr-66ca","row-nngc~fktq.2w8y"]}},{"type":"Feature","id":"eoy-b5070a534e05","geometry":{"type":"Point","coordinates":[-73.955707662814,40.772415250053]},"properties":{"id":"eoy-b5070a534e05","name":"DOC WATSONS","legalName":"1490 REST, INC.","street":"1490 2 AVENUE","neighborhood":"NEW YORK","borough":"Manhattan","zip":"10075","type":"sidewalk","status":"Issued","licenseIssued":"2026-06-12","licenseExpires":"2030-06-12","nta":"MN0801","bbl":"1014520052","sid":["row-8ncd_cfvu.5yfs"]}},{"type":"Feature","id":"eoy-b50738b815f1","geometry":{"type":"Point","coordinates":[-73.976202152711,40.787297893391]},"properties":{"id":"eoy-b50738b815f1","name":"ELEA","legalName":"217 W85 LLC","street":"217 WEST 85 STREET","neighborhood":"NEW YORK","borough":"Manhattan","zip":"10024","type":"both","status":"Issued","licenseIssued":"2025-12-12","licenseExpires":"2029-12-12","nta":"MN0702","bbl":"1012330016","sid":["row-phnj~vrss-b2qg","row-tx33_nhq5-zeez"]}},{"type":"Feature","id":"eoy-b524db834446","geometry":{"type":"Point","coordinates":[-73.967662348156,40.763646998225]},"properties":{"id":"eoy-b524db834446","name":"IL POSTINO RISTORANTE","legalName":"IL POSTINO, INC.","street":"133 EAST 61 STREET","neighborhood":"NEW YORK","borough":"Manhattan","zip":"10065","type":"sidewalk","status":"Issued","licenseIssued":"2025-12-12","licenseExpires":"2029-12-12","nta":"MN0802","bbl":"1013960014","sid":["row-nqry.9cqa.tkqg"]}},{"type":"Feature","id":"eoy-b5274961c54c","geometry":{"type":"Point","coordinates":[-73.999862895689,40.728515858786]},"properties":{"id":"eoy-b5274961c54c","name":"YESTERDAY'S","legalName":"SOUTH VILLAGE HOSPITALITY GROUP LLC","street":"157 BLEECKER STREET","neighborhood":"NEW YORK","borough":"Manhattan","zip":"10012","type":"both","status":"Issued","licenseIssued":"2026-09-04","licenseExpires":"2030-09-04","nta":"MN0202","bbl":"1005390036","sid":["row-2jqb-mmwp~txdf","row-ppz9-s66i.xukh"]}},{"type":"Feature","id":"eoy-b539bdc0dc0e","geometry":{"type":"Point","coordinates":[-74.001818688643,40.737732764416]},"properties":{"id":"eoy-b539bdc0dc0e","name":"DON ANGIE","legalName":"UNCLE BIAGIO LLC","street":"103 GREENWICH AVENUE","neighborhood":"NEW YORK","borough":"Manhattan","zip":"10014","type":"both","status":"Issued","licenseIssued":"2026-08-21","licenseExpires":"2030-08-21","nta":"MN0203","bbl":"1006150081","sid":["row-7rhi.edaz-y7ap","row-pbc9.wy9y_cfpt"]}},{"type":"Feature","id":"eoy-b559396ffa3e","geometry":{"type":"Point","coordinates":[-73.956883062187,40.774861274698]},"properties":{"id":"eoy-b559396ffa3e","name":"AMBER SUSHI","legalName":"AMBER NEW SUSHI I INC","street":"1406 3 AVENUE","neighborhood":"NEW YORK","borough":"Manhattan","zip":"10075","type":"sidewalk","status":"Issued","licenseIssued":"2026-03-20","licenseExpires":"2030-03-20","nta":"MN0802","bbl":"1015080040","sid":["row-pduq_x7qf-9tig"]}},{"type":"Feature","id":"eoy-b591ff5579fe","geometry":{"type":"Point","coordinates":[-73.950829938097,40.723811769051]},"properties":{"id":"eoy-b591ff5579fe","name":"GOOD BAR","legalName":"NIGHTS & WEEKENDS BK CORP","street":"627 MANHATTAN AVENUE","neighborhood":"BROOKLYN","borough":"Brooklyn","zip":"11222","type":"sidewalk","status":"Issued","licenseIssued":"2026-08-21","licenseExpires":"2030-08-21","nta":"BK0101","bbl":"3026460001","sid":["row-tc3n~z2j3-3599"]}},{"type":"Feature","id":"eoy-b5a5ff0dfe21","geometry":{"type":"Point","coordinates":[-73.863818604788,40.728846734493]},"properties":{"id":"eoy-b5a5ff0dfe21","name":"CHAIKHANA 7:40","legalName":"CHAIKHANA 7:40, CORP.","street":"63-52 BOOTH STREET","neighborhood":"REGO PARK","borough":"Queens","zip":"11374","type":"sidewalk","status":"Issued","licenseIssued":"2026-02-06","licenseExpires":"2030-02-06","nta":"QN0601","bbl":"4030930030","sid":["row-usaa~pwa5.xk8f"]}},{"type":"Feature","id":"eoy-b5b337baf157","geometry":{"type":"Point","coordinates":[-73.913074504463,40.748832608482]},"properties":{"id":"eoy-b5b337baf157","name":"DONATO'S PIZZERIA","legalName":"DONATO'S PIZZERIA RESTAURANT, CORP","street":"50-22 39 AVENUE","neighborhood":"WOODSIDE","borough":"Queens","zip":"11377","type":"sidewalk","status":"Issued","licenseIssued":"2026-03-13","licenseExpires":"2030-03-13","nta":"QN0202","bbl":"4001290037","sid":["row-wr33.7ri5-gujj"]}},{"type":"Feature","id":"eoy-b5b93ad01b44","geometry":{"type":"Point","coordinates":[-74.007070279954,40.715219988793]},"properties":{"id":"eoy-b5b93ad01b44","name":"1803 NYC / BON COURAGE","legalName":"BALCONY CAFE INC","street":"78 READE STREET","neighborhood":"NEW YORK","borough":"Manhattan","zip":"10007","type":"sidewalk","status":"Issued","licenseIssued":"2026-01-07","licenseExpires":"2030-01-07","nta":"MN0102","bbl":"1001500012","sid":["row-kzwx.f4t2.s6n6"]}},{"type":"Feature","id":"eoy-b5c2b235f043","geometry":{"type":"Point","coordinates":[-74.000191226095,40.729092259501]},"properties":{"id":"eoy-b5c2b235f043","name":"SENZA GLUTEN","legalName":"JL SOLO INC","street":"206 SULLIVAN STREET","neighborhood":"NEW YORK","borough":"Manhattan","zip":"10012","type":"sidewalk","status":"Issued","licenseIssued":"2026-05-15","licenseExpires":"2030-05-15","nta":"MN0202","bbl":"1005400036","sid":["row-wmf6~383s_3828"]}},{"type":"Feature","id":"eoy-b5e16c1ba6d4","geometry":{"type":"Point","coordinates":[-73.960094752399,40.729639760993]},"properties":{"id":"eoy-b5e16c1ba6d4","name":"RADIO STAR","legalName":"RADIO GAGA LLC","street":"13 GREENPOINT AVENUE","neighborhood":"BROOKLYN","borough":"Brooklyn","zip":"11222","type":"sidewalk","status":"Issued","licenseIssued":"2026-08-14","licenseExpires":"2030-08-14","nta":"BK0101","bbl":"3025560045","sid":["row-3taj-b2xr_kuak"]}},{"type":"Feature","id":"eoy-b5ee11fee309","geometry":{"type":"Point","coordinates":[-73.961785261348,40.713748133062]},"properties":{"id":"eoy-b5ee11fee309","name":"VANESSA'S DUMPLING HOUSE","legalName":"VANESSA'S DUMPLING HOUSE INC","street":"310 BEDFORD AVENUE","neighborhood":"BROOKLYN","borough":"Brooklyn","zip":"11249","type":"sidewalk","status":"Issued","licenseIssued":"2026-05-08","licenseExpires":"2030-05-08","nta":"BK0102","bbl":"3024057503","sid":["row-a8gm~hu66_zipa"]}},{"type":"Feature","id":"eoy-b5f6720d65d0","geometry":{"type":"Point","coordinates":[-74.01022735674,40.719776065749]},"properties":{"id":"eoy-b5f6720d65d0","name":"LOCANDA VERDE","legalName":"GREENWICH HOTEL RESTAURANT LLC","street":"377 GREENWICH STREET","neighborhood":"NEW YORK","borough":"Manhattan","zip":"10013","type":"sidewalk","status":"Issued","licenseIssued":"2026-05-15","licenseExpires":"2030-05-15","nta":"MN0102","bbl":"1001870016","sid":["row-sv44-tvh6_gzmr"]}},{"type":"Feature","id":"eoy-b61450e8d735","geometry":{"type":"Point","coordinates":[-73.956430992292,40.721036328847]},"properties":{"id":"eoy-b61450e8d735","name":"THE WHISKEY BROOKLYN","legalName":"HARD EIGHT RESTAURANT COMPANY, LLC","street":"44 BERRY STREET","neighborhood":"BROOKLYN","borough":"Brooklyn","zip":"11249","type":"roadway","status":"Issued","licenseIssued":"2024-11-12","licenseExpires":"2028-11-12","nta":"BK0102","bbl":"3022897501","sid":["row-gsbp-u25g-uz4n"]}},{"type":"Feature","id":"eoy-b61c93b29a1c","geometry":{"type":"Point","coordinates":[-73.996824041711,40.747558984945]},"properties":{"id":"eoy-b61c93b29a1c","name":"NEW YORK CITY BAGEL & COFFEE HOUSE","legalName":"NYCBCH V INC","street":"332 8 AVENUE","neighborhood":"NEW YORK","borough":"Manhattan","zip":"10001","type":"sidewalk","status":"Issued","licenseIssued":"2026-07-24","licenseExpires":"2030-07-24","nta":"MN0501","bbl":"1007760004","sid":["row-6hw5_iine~ff6q"]}},{"type":"Feature","id":"eoy-b64065ad084e","geometry":{"type":"Point","coordinates":[-73.988840014972,40.730988349684]},"properties":{"id":"eoy-b64065ad084e","name":"THE SMITH","legalName":"3RD AVENUE HOSPITALITY, LLC","street":"55 3 AVENUE","neighborhood":"NEW YORK","borough":"Manhattan","zip":"10003","type":"roadway","status":"Issued","licenseIssued":"2025-10-10","licenseExpires":"2029-10-10","nta":"MN0303","bbl":"1004667502","sid":["row-r5ba-qgg9~a6hc"]}},{"type":"Feature","id":"eoy-b641125a523a","geometry":{"type":"Point","coordinates":[-73.917161626239,40.76489522562]},"properties":{"id":"eoy-b641125a523a","name":"EMOJI BURGER","legalName":"GREENVALE EMOJI BURGER INC","street":"36-20 30 AVENUE","neighborhood":"ASTORIA","borough":"Queens","zip":"11103","type":"sidewalk","status":"Issued","licenseIssued":"2024-12-19","licenseExpires":"2028-12-19","nta":"QN0103","bbl":"4006510049","sid":["row-5hhy.iwpr_v397"]}},{"type":"Feature","id":"eoy-b671ccef5a2c","geometry":{"type":"Point","coordinates":[-73.981693863648,40.725261850203]},"properties":{"id":"eoy-b671ccef5a2c","name":"C & B","legalName":"COFFEE AND BREAKFAST LLC","street":"178 EAST 7 STREET","neighborhood":"NEW YORK","borough":"Manhattan","zip":"10009","type":"roadway","status":"Issued","licenseIssued":"2025-06-18","licenseExpires":"2029-06-18","nta":"MN0303","bbl":"1004020032","sid":["row-qdm8-mi77-sx87"]}},{"type":"Feature","id":"eoy-b673ce9963f4","geometry":{"type":"Point","coordinates":[-73.98952777961,40.762673942586]},"properties":{"id":"eoy-b673ce9963f4","name":"VERS","legalName":"REVIVAL SURVIVAL LLC","street":"714 9 AVENUE","neighborhood":"NEW YORK","borough":"Manhattan","zip":"10019","type":"sidewalk","status":"Issued","licenseIssued":"2026-08-28","licenseExpires":"2030-08-28","nta":"MN0402","bbl":"1010390062","sid":["row-jb3g~k7pn.ruvn"]}},{"type":"Feature","id":"eoy-b68a66d81858","geometry":{"type":"Point","coordinates":[-73.987166767892,40.744835507503]},"properties":{"id":"eoy-b68a66d81858","name":"JOHN DOE BAR & KITCHEN","legalName":"SENANROSSA LLC","street":"253 5 AVENUE","neighborhood":"NEW YORK","borough":"Manhattan","zip":"10016","type":"both","status":"Issued","licenseIssued":"2026-03-27","licenseExpires":"2030-03-27","nta":"MN0501","bbl":"1008580001","sid":["row-axie_68xc_jxcn","row-mvvm-hzi2.ajg9"]}},{"type":"Feature","id":"eoy-b68ffc6e5576","geometry":{"type":"Point","coordinates":[-73.955621677168,40.744437886259]},"properties":{"id":"eoy-b68ffc6e5576","name":"LITTLE CHEF LITTLE CAFE","legalName":"D & S CAFE INC","street":"5-43 48 AVENUE","neighborhood":"LONG ISLAND CITY","borough":"Queens","zip":"11101","type":"roadway","status":"Issued","licenseIssued":"2026-07-31","licenseExpires":"2030-07-31","nta":"QN0201","bbl":"4000307502","sid":["row-7qcd~5bvc.kuci"]}},{"type":"Feature","id":"eoy-b69192a5c55d","geometry":{"type":"Point","coordinates":[-73.945420979164,40.834658948622]},"properties":{"id":"eoy-b69192a5c55d","name":"SEMICOLON","legalName":"CAFFE BENE HOUSE INC","street":"9 EDWARD M MORGAN PLACE","neighborhood":"NEW YORK","borough":"Manhattan","zip":"10032","type":"sidewalk","status":"Issued","licenseIssued":"2026-05-22","licenseExpires":"2030-05-22","nta":"MN1201","bbl":"1021340180","sid":["row-ezid~ghff-b3f4"]}},{"type":"Feature","id":"eoy-b6d08bfbcb73","geometry":{"type":"Point","coordinates":[-73.914657050504,40.814823175746]},"properties":{"id":"eoy-b6d08bfbcb73","name":"LOS NISPEROS PERUVIAN RESTAURANT","legalName":"LOS NISPEROS PERUVIAN RESTAURANT CORP","street":"500 EAST 149 STREET","neighborhood":"BRONX","borough":"Bronx","zip":"10455","type":"sidewalk","status":"Issued","licenseIssued":"2026-07-24","licenseExpires":"2030-07-24","nta":"BX0101","bbl":"2022750005","sid":["row-fbnz-yg3n-px6z"]}},{"type":"Feature","id":"eoy-b6eff14fe38b","geometry":{"type":"Point","coordinates":[-73.98100876451,40.774349043002]},"properties":{"id":"eoy-b6eff14fe38b","name":"SWEETGREEN","legalName":"SWEETGREEN NEW YORK LLC","street":"159 COLUMBUS AVENUE","neighborhood":"NEW YORK","borough":"Manhattan","zip":"10023","type":"sidewalk","status":"Issued","licenseIssued":"2026-08-03","licenseExpires":"2030-08-03","nta":"MN0701","bbl":"1011207501","sid":["row-aape-ugv7_58hx"]}},{"type":"Feature","id":"eoy-b70315e4bc3b","geometry":{"type":"Point","coordinates":[-73.948363166008,40.77827497793]},"properties":{"id":"eoy-b70315e4bc3b","name":"ROMA PIZZA RESTAURANT","legalName":"SOLO FOOD CORP","street":"1701 1 AVENUE","neighborhood":"NEW YORK","borough":"Manhattan","zip":"10128","type":"sidewalk","status":"Issued","licenseIssued":"2026-09-18","licenseExpires":"2030-09-18","nta":"MN0803","bbl":"115510024","sid":["row-xvm6_v8y5-rf62"]}},{"type":"Feature","id":"eoy-b70e10733425","geometry":{"type":"Point","coordinates":[-73.982273597274,40.729483391443]},"properties":{"id":"eoy-b70e10733425","name":"SMØR","legalName":"TWOBONES CATERING LLC","street":"441 EAST 12 STREET","neighborhood":"NEW YORK","borough":"Manhattan","zip":"10009","type":"sidewalk","status":"Issued","licenseIssued":"2026-08-21","licenseExpires":"2030-08-21","nta":"MN0303","bbl":"1004400038","sid":["row-3fdc_bj4q-8usg"]}},{"type":"Feature","id":"eoy-b71b814303f2","geometry":{"type":"Point","coordinates":[-73.911550389917,40.776712707678]},"properties":{"id":"eoy-b71b814303f2","name":"KX BURGER & BEYOND","legalName":"DITMARS BOULEVARD KX LLC","street":"29-04 DITMARS BOULEVARD","neighborhood":"ASTORIA","borough":"Queens","zip":"11105","type":"sidewalk","status":"Issued","licenseIssued":"2025-05-23","licenseExpires":"2029-05-23","nta":"QN0101","bbl":"4008440033","sid":["row-az8s-f9t7-i8dr"]}},{"type":"Feature","id":"eoy-b739a865074e","geometry":{"type":"Point","coordinates":[-74.01025550853,40.715189555731]},"properties":{"id":"eoy-b739a865074e","name":"WARRENPEACE","legalName":"TRIBECA FB PROJECT LLC","street":"77 WARREN STREET","neighborhood":"NEW YORK","borough":"Manhattan","zip":"10007","type":"sidewalk","status":"Issued","licenseIssued":"2026-07-20","licenseExpires":"2030-07-20","nta":"MN0102","bbl":"1001327506","sid":["row-wgwd_sa7b_9xpc"]}},{"type":"Feature","id":"eoy-b739c2854fce","geometry":{"type":"Point","coordinates":[-73.934205370583,40.698370397051]},"properties":{"id":"eoy-b739c2854fce","name":"REBECCA'S","legalName":"MELROSE HOSPITALITY CORPORATION","street":"610 BUSHWICK AVENUE","neighborhood":"BROOKLYN","borough":"Brooklyn","zip":"11206","type":"sidewalk","status":"Issued","licenseIssued":"2026-09-02","licenseExpires":"2030-09-02","nta":"BK0401","bbl":"3031600032","sid":["row-8dfg_8vfc-rfq3"]}},{"type":"Feature","id":"eoy-b76e52c41b2e","geometry":{"type":"Point","coordinates":[-73.948419171569,40.803762760961]},"properties":{"id":"eoy-b76e52c41b2e","name":"EL ENCANTO DE LOLA 2","legalName":"EL ENCANTO DE LOLA 2 LLC","street":"175 LENOX AVENUE","neighborhood":"NEW YORK","borough":"Manhattan","zip":"10026","type":"sidewalk","status":"Issued","licenseIssued":"2026-07-31","licenseExpires":"2030-07-31","nta":"MN1001","bbl":"1019037501","sid":["row-ybma_b5ef_hb6t"]}},{"type":"Feature","id":"eoy-b77ab1d7c8fa","geometry":{"type":"Point","coordinates":[-73.9456791427,40.793043252418]},"properties":{"id":"eoy-b77ab1d7c8fa","name":"EAST HARLEM BOTTLING CO","legalName":"EAST HARLEM BOTTLING CO LLC","street":"1711 LEXINGTON AVENUE","neighborhood":"NEW YORK","borough":"Manhattan","zip":"10029","type":"both","status":"Issued","licenseIssued":"2026-03-27","licenseExpires":"2030-03-27","nta":"MN1101","bbl":"1016350024","sid":["row-d2r5~3cry.j5ct","row-wzzr.6rf7.gjkh"]}},{"type":"Feature","id":"eoy-b78bfd4a83fa","geometry":{"type":"Point","coordinates":[-73.966750169822,40.674949571456]},"properties":{"id":"eoy-b78bfd4a83fa","name":"RADIO BAKERY","legalName":"RADIO BAKERY 2 LLC","street":"186 UNDERHILL AVENUE","neighborhood":"BROOKLYN","borough":"Brooklyn","zip":"11238","type":"sidewalk","status":"Issued","licenseIssued":"2026-08-21","licenseExpires":"2030-08-21","nta":"BK0801","bbl":"3011710056","sid":["row-ijcg.a2ix-hbqi"]}},{"type":"Feature","id":"eoy-b7a1f9c5057f","geometry":{"type":"Point","coordinates":[-73.9440679,40.7146456]},"properties":{"id":"eoy-b7a1f9c5057f","name":"SAGE","legalName":"GRAHAM RESTAURANT LLC","street":"299301 GRAHAM AVENUE","neighborhood":"BROOKLYN","borough":"Brooklyn","zip":"11211","type":"sidewalk","status":"Issued","licenseIssued":"2026-04-17","licenseExpires":"2030-04-17","nta":"BK0104","bbl":null,"sid":["row-p9vs-7zps-knrk"]}},{"type":"Feature","id":"eoy-b7ceb8c0df56","geometry":{"type":"Point","coordinates":[-73.938793918978,40.826155149546]},"properties":{"id":"eoy-b7ceb8c0df56","name":"LUCILLE'S COFFEE AND COCKTAILS","legalName":"LUCILLE'S COFFEE AND COCKTAILS, LLC","street":"26 MACOMBS PLACE","neighborhood":"NEW YORK","borough":"Manhattan","zip":"10039","type":"sidewalk","status":"Issued","licenseIssued":"2026-07-24","licenseExpires":"2030-07-24","nta":"MN1002","bbl":"1020360001","sid":["row-2wvj-nmna_x7qg"]}},{"type":"Feature","id":"eoy-b7f03201ae4c","geometry":{"type":"Point","coordinates":[-73.951671666086,40.71731526128]},"properties":{"id":"eoy-b7f03201ae4c","name":"GLORY DAYS","legalName":"BREW YORK CITY LLC","street":"544 UNION AVENUE","neighborhood":"BROOKLYN","borough":"Brooklyn","zip":"11211","type":"roadway","status":"Issued","licenseIssued":"2026-09-25","licenseExpires":"2030-09-25","nta":"BK0102","bbl":"3027360001","sid":["row-ngzd-c72s_6ah2"]}},{"type":"Feature","id":"eoy-b802853caaa8","geometry":{"type":"Point","coordinates":[-74.023294057858,40.62785160196]},"properties":{"id":"eoy-b802853caaa8","name":"AL SHAM RESTAURANT","legalName":"AL SHAM RESTAURANT INC.","street":"7701 5 AVENUE","neighborhood":"BROOKLYN","borough":"Brooklyn","zip":"11209","type":"sidewalk","status":"Issued","licenseIssued":"2026-09-04","licenseExpires":"2030-09-04","nta":"BK1001","bbl":"3059620010","sid":["row-hsxr-mxxm.vkq7"]}},{"type":"Feature","id":"eoy-b8285f05c235","geometry":{"type":"Point","coordinates":[-73.928327535618,40.864945932668]},"properties":{"id":"eoy-b8285f05c235","name":"CHEEZY MELTZ","legalName":"CHEEZY MELTZ CORP.","street":"4734 BROADWAY","neighborhood":"NEW YORK","borough":"Manhattan","zip":"10040","type":"sidewalk","status":"Issued","licenseIssued":"2026-07-24","licenseExpires":"2030-07-24","nta":"MN1202","bbl":"1021750039","sid":["row-gcne~dd9u.vjfr"]}},{"type":"Feature","id":"eoy-b884df951ee1","geometry":{"type":"Point","coordinates":[-73.906999289627,40.886092495073]},"properties":{"id":"eoy-b884df951ee1","name":"BOKAGUA","legalName":"BOKAGUA CORP","street":"3541 RIVERDALE AVENUE","neighborhood":"BRONX","borough":"Bronx","zip":"10463","type":"sidewalk","status":"Issued","licenseIssued":"2026-09-04","licenseExpires":"2030-09-04","nta":"BX0803","bbl":"2057910404","sid":["row-quui.rv3q.vhcb"]}},{"type":"Feature","id":"eoy-b8a332454acb","geometry":{"type":"Point","coordinates":[-73.957019376219,40.770656360154]},"properties":{"id":"eoy-b8a332454acb","name":"THEP","legalName":"TUMMA KHAKUEN INC","street":"1439 2 AVENUE","neighborhood":"NEW YORK","borough":"Manhattan","zip":"10021","type":"both","status":"Issued","licenseIssued":"2026-05-08","licenseExpires":"2030-05-08","nta":"MN0801","bbl":"1014290028","sid":["row-5cm2_axn6_z2db","row-n9d8_nsmy.7ga6"]}},{"type":"Feature","id":"eoy-b8cb5ae289ba","geometry":{"type":"Point","coordinates":[-73.961999336886,40.711563367803]},"properties":{"id":"eoy-b8cb5ae289ba","name":"POKITO","legalName":"WOOD FOOT LLC","street":"155 SOUTH 4 STREET","neighborhood":"BROOKLYN","borough":"Brooklyn","zip":"11211","type":"roadway","status":"Issued","licenseIssued":"2026-09-11","licenseExpires":"2030-09-11","nta":"BK0102","bbl":"3024310031","sid":["row-fd9p~j6m6-j7r6"]}},{"type":"Feature","id":"eoy-b8cec672da45","geometry":{"type":"Point","coordinates":[-73.984310423617,40.767325711553]},"properties":{"id":"eoy-b8cec672da45","name":"D.J. REYNOLDS","legalName":"LEITRIM PUB, INC","street":"351 WEST 57 STREET","neighborhood":"NEW YORK","borough":"Manhattan","zip":"10019","type":"sidewalk","status":"Issued","licenseIssued":"2026-08-28","licenseExpires":"2030-08-28","nta":"MN0402","bbl":"1010480008","sid":["row-gy9q.hv64.k8ct"]}},{"type":"Feature","id":"eoy-b90981ff6d3d","geometry":{"type":"Point","coordinates":[-74.003391851101,40.734845236929]},"properties":{"id":"eoy-b90981ff6d3d","name":"EDITH'S SANDWICH COUNTER","legalName":"ESC2 LLC","street":"64 CHARLES STREET","neighborhood":"NEW YORK","borough":"Manhattan","zip":"10014","type":"sidewalk","status":"Issued","licenseIssued":"2026-07-31","licenseExpires":"2030-07-31","nta":"MN0203","bbl":"1006200065","sid":["row-g3w4.9fge-j8kf"]}},{"type":"Feature","id":"eoy-b952fec0a977","geometry":{"type":"Point","coordinates":[-73.974341872062,40.788614973424]},"properties":{"id":"eoy-b952fec0a977","name":"AMELIE WINE BAR","legalName":"LA PETIT AMELIE LLC","street":"566 AMSTERDAM AVENUE","neighborhood":"NEW YORK","borough":"Manhattan","zip":"10024","type":"roadway","status":"Issued","licenseIssued":"2026-06-12","licenseExpires":"2030-06-12","nta":"MN0702","bbl":"1012350032","sid":["row-wd57-g2jx~uc8k"]}},{"type":"Feature","id":"eoy-b972376bd025","geometry":{"type":"Point","coordinates":[-73.983321210016,40.724408475977]},"properties":{"id":"eoy-b972376bd025","name":"LAVAGNA","legalName":"DESMO 916 CORP","street":"545 EAST 5 STREET","neighborhood":"NEW YORK","borough":"Manhattan","zip":"10009","type":"sidewalk","status":"Issued","licenseIssued":"2026-07-21","licenseExpires":"2030-07-21","nta":"MN0303","bbl":"1004010041","sid":["row-afws-vjhv.g26g"]}},{"type":"Feature","id":"eoy-b9ad3cd7c022","geometry":{"type":"Point","coordinates":[-73.95961676863,40.773981202593]},"properties":{"id":"eoy-b9ad3cd7c022","name":"KORONET PIZZA","legalName":"1110 LEXINGTON AVENUE LLC","street":"1110 LEXINGTON AVENUE","neighborhood":"NEW YORK","borough":"Manhattan","zip":"10075","type":"sidewalk","status":"Issued","licenseIssued":"2026-08-28","licenseExpires":"2030-08-28","nta":"MN0802","bbl":"1014120057","sid":["row-znq9.vsgm~kam8"]}},{"type":"Feature","id":"eoy-b9c3159e3835","geometry":{"type":"Point","coordinates":[-73.920370017915,40.759619324838]},"properties":{"id":"eoy-b9c3159e3835","name":"OLIVER'S","legalName":"Oliver's Astoria, LLC","street":"37-19 BROADWAY","neighborhood":"ASTORIA","borough":"Queens","zip":"11103","type":"sidewalk","status":"Issued","licenseIssued":"2026-06-12","licenseExpires":"2030-06-12","nta":"QN0103","bbl":"4006570001","sid":["row-3nza-c8v6.ktxg"]}},{"type":"Feature","id":"eoy-b9c35c7db023","geometry":{"type":"Point","coordinates":[-73.996908308594,40.720536780692]},"properties":{"id":"eoy-b9c35c7db023","name":"THE WOOLY","legalName":"W LLC","street":"390 BROOME STREET","neighborhood":"NEW YORK","borough":"Manhattan","zip":"10013","type":"both","status":"Issued","licenseIssued":"2026-05-29","licenseExpires":"2030-05-29","nta":"MN0201","bbl":"1004810035","sid":["row-fkxu~bmhp-6x47","row-tbz3_bqca.n56y"]}},{"type":"Feature","id":"eoy-b9dd22e075bd","geometry":{"type":"Point","coordinates":[-73.996824284437,40.742486664689]},"properties":{"id":"eoy-b9dd22e075bd","name":"BAR VELOCE","legalName":"FT SEVENTH AVE.LLC","street":"176 7 AVENUE","neighborhood":"NEW YORK","borough":"Manhattan","zip":"10011","type":"sidewalk","status":"Issued","licenseIssued":"2026-03-27","licenseExpires":"2030-03-27","nta":"MN0401","bbl":"1007700039","sid":["row-6xwg_bi7f.f7xw"]}},{"type":"Feature","id":"eoy-b9e76c57ed7d","geometry":{"type":"Point","coordinates":[-74.007273637731,40.727541236371]},"properties":{"id":"eoy-b9e76c57ed7d","name":"CAVA","legalName":"CAVA MEZZE GRILL LLC","street":"350 HUDSON STREET","neighborhood":"NEW YORK","borough":"Manhattan","zip":"10014","type":"sidewalk","status":"Issued","licenseIssued":"2026-07-24","licenseExpires":"2030-07-24","nta":"MN0201","bbl":"1005800039","sid":["row-afxi_4esh_5urn"]}},{"type":"Feature","id":"eoy-b9ee31eb016f","geometry":{"type":"Point","coordinates":[-73.95780212328,40.720655318805]},"properties":{"id":"eoy-b9ee31eb016f","name":"BATHHOUSE","legalName":"UNKNOWN BATHS LLC","street":"103 NORTH 10 STREET","neighborhood":"BROOKLYN","borough":"Brooklyn","zip":"11249","type":"sidewalk","status":"Issued","licenseIssued":"2026-08-14","licenseExpires":"2030-08-14","nta":"BK0102","bbl":"3022967501","sid":["row-remz.9gfz.mk4q"]}},{"type":"Feature","id":"eoy-b9ef13c82c7e","geometry":{"type":"Point","coordinates":[-73.963824169856,40.712211723586]},"properties":{"id":"eoy-b9ef13c82c7e","name":"KEG & LANTERN","legalName":"104 SOUTH 4TH, INC","street":"104 SOUTH 4 STREET","neighborhood":"BROOKLYN","borough":"Brooklyn","zip":"11249","type":"roadway","status":"Issued","licenseIssued":"2025-10-03","licenseExpires":"2029-10-03","nta":"BK0102","bbl":"3024430013","sid":["row-e4gw-d7ug~jjyb"]}},{"type":"Feature","id":"eoy-ba6849863cd0","geometry":{"type":"Point","coordinates":[-73.968978089057,40.790828663519]},"properties":{"id":"eoy-ba6849863cd0","name":"PICKY BARISTA","legalName":"PEAKY BARISTA LLC","street":"667 COLUMBUS AVENUE","neighborhood":"NEW YORK","borough":"Manhattan","zip":"10025","type":"sidewalk","status":"Issued","licenseIssued":"2026-01-16","licenseExpires":"2030-01-16","nta":"MN0702","bbl":"1012060001","sid":["row-dkzt~5xsw-ne85"]}},{"type":"Feature","id":"eoy-ba861f3c9a3c","geometry":{"type":"Point","coordinates":[-73.924714032425,40.866423031683]},"properties":{"id":"eoy-ba861f3c9a3c","name":"ELSA LA REINA DEL CHICHARRON","legalName":"LA SIMPATIA RESTAURANT CORP","street":"4840 BROADWAY","neighborhood":"NEW YORK","borough":"Manhattan","zip":"10034","type":"sidewalk","status":"Issued","licenseIssued":"2026-05-15","licenseExpires":"2030-05-15","nta":"MN1203","bbl":"1022340004","sid":["row-syq6.bjjm~mxzm"]}},{"type":"Feature","id":"eoy-ba8fb334353e","geometry":{"type":"Point","coordinates":[-73.98654627437,40.725866370624]},"properties":{"id":"eoy-ba8fb334353e","name":"EMMY SQUARED PIZZA","legalName":"ESQEV LLC","street":"83 1 AVENUE","neighborhood":"NEW YORK","borough":"Manhattan","zip":"10003","type":"sidewalk","status":"Issued","licenseIssued":"2026-03-13","licenseExpires":"2030-03-13","nta":"MN0303","bbl":"1004477501","sid":["row-4ihf.sasj~sd43"]}},{"type":"Feature","id":"eoy-ba989551b9f3","geometry":{"type":"Point","coordinates":[-73.984496681914,40.727260453139]},"properties":{"id":"eoy-ba989551b9f3","name":"HANOI HOUSE","legalName":"KING ME KONG LLC","street":"119 SAINT MARKS PLACE","neighborhood":"NEW YORK","borough":"Manhattan","zip":"10009","type":"sidewalk","status":"Issued","licenseIssued":"2026-08-28","licenseExpires":"2030-08-28","nta":"MN0303","bbl":"1004360037","sid":["row-6bwt~fppt~479m"]}},{"type":"Feature","id":"eoy-bab4761318e4","geometry":{"type":"Point","coordinates":[-73.988993036474,40.743825624742]},"properties":{"id":"eoy-bab4761318e4","name":"VIN SUR VINGT","legalName":"GVI BROADWAY, LLC","street":"1140 BROADWAY","neighborhood":"NEW YORK","borough":"Manhattan","zip":"10001","type":"sidewalk","status":"Issued","licenseIssued":"2026-09-11","licenseExpires":"2030-09-11","nta":"MN0501","bbl":"1008280033","sid":["row-g8b4~5aes~rigj"]}},{"type":"Feature","id":"eoy-baea30dc67e8","geometry":{"type":"Point","coordinates":[-73.909508736637,40.775272864206]},"properties":{"id":"eoy-baea30dc67e8","name":"BIANCO NERO GELATERIA","legalName":"MDR GELATO ASTORIA LLC","street":"33-20 DITMARS BOULEVARD","neighborhood":"ASTORIA","borough":"Queens","zip":"11105","type":"sidewalk","status":"Issued","licenseIssued":"2026-09-25","licenseExpires":"2030-09-25","nta":"QN0101","bbl":"4008320059","sid":["row-s6ut~mysc.bjfa"]}},{"type":"Feature","id":"eoy-baf6ff42e8e7","geometry":{"type":"Point","coordinates":[-73.966662933843,40.769770265234]},"properties":{"id":"eoy-baf6ff42e8e7","name":"LE CHARLOT","legalName":"THIERRY INC","street":"19 EAST 69 STREET","neighborhood":"NEW YORK","borough":"Manhattan","zip":"10021","type":"sidewalk","status":"Issued","licenseIssued":"2026-07-24","licenseExpires":"2030-07-24","nta":"MN0802","bbl":"1013840023","sid":["row-fjez.rvbq.j26a"]}},{"type":"Feature","id":"eoy-bafd974f1a32","geometry":{"type":"Point","coordinates":[-73.998661590775,40.720490153507]},"properties":{"id":"eoy-bafd974f1a32","name":"BUTLER","legalName":"BUTLER SOHO LLC","street":"177 LAFAYETTE STREET","neighborhood":"NEW YORK","borough":"Manhattan","zip":"10013","type":"sidewalk","status":"Issued","licenseIssued":"2026-07-31","licenseExpires":"2030-07-31","nta":"MN0201","bbl":"1004720028","sid":["row-8n8n-2qji_b48y"]}},{"type":"Feature","id":"eoy-bb03ccf3e9f3","geometry":{"type":"Point","coordinates":[-73.962120479604,40.67625190359]},"properties":{"id":"eoy-bb03ccf3e9f3","name":"NACHO MACHO TACOS","legalName":"CAREM GROUP LLC","street":"417 PROSPECT PLACE","neighborhood":"BROOKLYN","borough":"Brooklyn","zip":"11238","type":"sidewalk","status":"Issued","licenseIssued":"2026-05-22","licenseExpires":"2030-05-22","nta":"BK0802","bbl":"3011550001","sid":["row-2h82~ddcn.r64q"]}},{"type":"Feature","id":"eoy-bb1defa9b507","geometry":{"type":"Point","coordinates":[-73.94912641331,40.828254427273]},"properties":{"id":"eoy-bb1defa9b507","name":"JIN RAMEN","legalName":"JIN RAMEN HAMILTON HEIGHTS CORP","street":"3599 BROADWAY","neighborhood":"NEW YORK","borough":"Manhattan","zip":"10031","type":"sidewalk","status":"Issued","licenseIssued":"2026-07-31","licenseExpires":"2030-07-31","nta":"MN0903","bbl":"1020947503","sid":["row-jxmv.rp6w.8mgb"]}},{"type":"Feature","id":"eoy-bb628b2d4347","geometry":{"type":"Point","coordinates":[-73.979435948644,40.781600412238]},"properties":{"id":"eoy-bb628b2d4347","name":"TESSA","legalName":"BT Restaurant Enterprises LLC","street":"349 AMSTERDAM AVENUE","neighborhood":"NEW YORK","borough":"Manhattan","zip":"10024","type":"sidewalk","status":"Issued","licenseIssued":"2026-07-20","licenseExpires":"2030-07-20","nta":"MN0702","bbl":"1011480064","sid":["row-azyy.nxq6-h6z8"]}},{"type":"Feature","id":"eoy-bb920180aa63","geometry":{"type":"Point","coordinates":[-73.995843921175,40.722979589862]},"properties":{"id":"eoy-bb920180aa63","name":"THE GREY DOG","legalName":"THE GREY DOG MULBERRY INC","street":"244 MULBERRY STREET","neighborhood":"NEW YORK","borough":"Manhattan","zip":"10012","type":"roadway","status":"Issued","licenseIssued":"2025-10-17","licenseExpires":"2029-10-17","nta":"MN0201","bbl":"1004940015","sid":["row-jt3s_k95k~92tz"]}},{"type":"Feature","id":"eoy-bbb9d8bfc679","geometry":{"type":"Point","coordinates":[-73.95219462036,40.717480166571]},"properties":{"id":"eoy-bbb9d8bfc679","name":"LILIA","legalName":"WOODFIRE COLLISION LLC","street":"567 UNION AVENUE","neighborhood":"BROOKLYN","borough":"Brooklyn","zip":"11211","type":"sidewalk","status":"Issued","licenseIssued":"2026-04-03","licenseExpires":"2030-04-03","nta":"BK0102","bbl":"3023000020","sid":["row-be8d-squd-a5xb"]}},{"type":"Feature","id":"eoy-bbec9ae213dd","geometry":{"type":"Point","coordinates":[-73.944329591258,40.714224067187]},"properties":{"id":"eoy-bbec9ae213dd","name":"GRASS ROOTS JUICERY","legalName":"NATURAL CROP INC","street":"336A GRAHAM AVENUE","neighborhood":"BROOKLYN","borough":"Brooklyn","zip":"11211","type":"sidewalk","status":"Issued","licenseIssued":"2026-05-08","licenseExpires":"2030-05-08","nta":"BK0104","bbl":"3027650003","sid":["row-6erm-nvw7~hi9m"]}},{"type":"Feature","id":"eoy-bc315289264d","geometry":{"type":"Point","coordinates":[-73.957519096997,40.773952997869]},"properties":{"id":"eoy-bc315289264d","name":"WATER & WHEAT","legalName":"1379 WATER & WHEAT LLC","street":"1379 3 AVENUE","neighborhood":"NEW YORK","borough":"Manhattan","zip":"10075","type":"roadway","status":"Issued","licenseIssued":"2025-01-31","licenseExpires":"2029-01-31","nta":"MN0801","bbl":"1014337501","sid":["row-xgam~fjmx_7u69"]}},{"type":"Feature","id":"eoy-bc4f9e80295a","geometry":{"type":"Point","coordinates":[-73.995548192983,40.721431530121]},"properties":{"id":"eoy-bc4f9e80295a","name":"FIAT CAFE","legalName":"TATANE CORP","street":"203 MOTT STREET","neighborhood":"NEW YORK","borough":"Manhattan","zip":"10012","type":"both","status":"Issued","licenseIssued":"2026-05-15","licenseExpires":"2030-05-15","nta":"MN0201","bbl":"1004800024","sid":["row-958w-fyca~h7zz","row-c8y2_f3td.8rmx"]}},{"type":"Feature","id":"eoy-bc7bd8a3d7f7","geometry":{"type":"Point","coordinates":[-73.961795605142,40.771001143831]},"properties":{"id":"eoy-bc7bd8a3d7f7","name":"MARLOW EAST","legalName":"THEBUSINESS OF HOSPITALITY LLC","street":"1022 LEXINGTON AVENUE","neighborhood":"NEW YORK","borough":"Manhattan","zip":"10021","type":"sidewalk","status":"Issued","licenseIssued":"2026-01-30","licenseExpires":"2030-01-30","nta":"MN0802","bbl":"1014070059","sid":["row-higx-9c37.93b5"]}},{"type":"Feature","id":"eoy-bcb15b28306c","geometry":{"type":"Point","coordinates":[-73.903108327748,40.910473361828]},"properties":{"id":"eoy-bcb15b28306c","name":"Marianne Pizza Cafe","legalName":"MARIANNE'S PIZZA CAFE INC","street":"6100 RIVERDALE AVENUE","neighborhood":"BRONX","borough":"Bronx","zip":"10471","type":"sidewalk","status":"Issued","licenseIssued":"2026-08-14","licenseExpires":"2030-08-14","nta":"BX0803","bbl":"2058871309","sid":["row-camk_tg6x.vdkn"]}},{"type":"Feature","id":"eoy-bcd5d47f36ce","geometry":{"type":"Point","coordinates":[-73.988256817111,40.723519783072]},"properties":{"id":"eoy-bcd5d47f36ce","name":"LIL FRANKIE'S GROCERY","legalName":"FRANK GROCERY CORP","street":"21 1 AVENUE","neighborhood":"NEW YORK","borough":"Manhattan","zip":"10003","type":"sidewalk","status":"Issued","licenseIssued":"2026-02-27","licenseExpires":"2030-02-27","nta":"MN0303","bbl":"1004430035","sid":["row-ik5w-x3h2_6ku4"]}},{"type":"Feature","id":"eoy-bce99a240385","geometry":{"type":"Point","coordinates":[-73.959042479911,40.715863403134]},"properties":{"id":"eoy-bce99a240385","name":"SWEETGREEN","legalName":"SWEETGREEN NEW YORK, LLC","street":"162 NORTH 4 STREET","neighborhood":"BROOKLYN","borough":"Brooklyn","zip":"11211","type":"roadway","status":"Issued","licenseIssued":"2026-02-20","licenseExpires":"2030-02-20","nta":"BK0102","bbl":"3023527501","sid":["row-a7p7-diy6~4kct"]}},{"type":"Feature","id":"eoy-bd1ea3fb4281","geometry":{"type":"Point","coordinates":[-73.990723950969,40.727513644254]},"properties":{"id":"eoy-bd1ea3fb4281","name":"THE SCRATCHER","legalName":"THE SCRATCHER CAFE INC","street":"209 EAST 5 STREET","neighborhood":"NEW YORK","borough":"Manhattan","zip":"10003","type":"roadway","status":"Issued","licenseIssued":"2025-05-02","licenseExpires":"2029-05-02","nta":"MN0303","bbl":"1004610052","sid":["row-bn7u_u28u-2rtm"]}},{"type":"Feature","id":"eoy-bd27fe06d347","geometry":{"type":"Point","coordinates":[-73.997916151043,40.678190466321]},"properties":{"id":"eoy-bd27fe06d347","name":"BORAN THAI CUISINE","legalName":"DAO THONG CORP.","street":"462 COURT STREET","neighborhood":"BROOKLYN","borough":"Brooklyn","zip":"11231","type":"both","status":"Issued","licenseIssued":"2026-02-27","licenseExpires":"2030-02-27","nta":"BK0601","bbl":"3003710040","sid":["row-5xfh_636a_fjgk","row-utpv_vtxh_umv9"]}},{"type":"Feature","id":"eoy-bd47dbbfa5b6","geometry":{"type":"Point","coordinates":[-73.983065541094,40.7225118046]},"properties":{"id":"eoy-bd47dbbfa5b6","name":"LIMO BAR","legalName":"BAKED CLAMS LLC","street":"33 AVENUE B","neighborhood":"NEW YORK","borough":"Manhattan","zip":"10009","type":"sidewalk","status":"Issued","licenseIssued":"2026-07-24","licenseExpires":"2030-07-24","nta":"MN0303","bbl":"1003850005","sid":["row-tgip~i5i7-wavy"]}},{"type":"Feature","id":"eoy-bd57620d8377","geometry":{"type":"Point","coordinates":[-74.003175258582,40.732934886991]},"properties":{"id":"eoy-bd57620d8377","name":"BOUCHERIE","legalName":"BOUCHERIE, LLC","street":"99 7 AVENUE SOUTH","neighborhood":"NEW YORK","borough":"Manhattan","zip":"10014","type":"sidewalk","status":"Issued","licenseIssued":"2026-04-10","licenseExpires":"2030-04-10","nta":"MN0203","bbl":"1005910017","sid":["row-778q-vtx7_r33j"]}},{"type":"Feature","id":"eoy-bd9c4e0387cf","geometry":{"type":"Point","coordinates":[-73.983407588992,40.725240152782]},"properties":{"id":"eoy-bd9c4e0387cf","name":"BUENOS AIRES","legalName":"BA VICTORY CORP","street":"513 EAST 6 STREET","neighborhood":"NEW YORK","borough":"Manhattan","zip":"10009","type":"roadway","status":"Issued","licenseIssued":"2025-05-02","licenseExpires":"2029-05-02","nta":"MN0303","bbl":"1004020059","sid":["row-we89~ya78-icwv"]}},{"type":"Feature","id":"eoy-bdb76022be2d","geometry":{"type":"Point","coordinates":[-73.957918199134,40.719656265957]},"properties":{"id":"eoy-bdb76022be2d","name":"HOTEL DELMANO","legalName":"QUALITY ROCKETS, INC.","street":"82 BERRY STREET","neighborhood":"BROOKLYN","borough":"Brooklyn","zip":"11249","type":"both","status":"Issued","licenseIssued":"2025-11-21","licenseExpires":"2029-11-21","nta":"BK0102","bbl":"3023100023","sid":["row-4whk.hacc.zdp3","row-qf2u~h5sf_8ggd"]}},{"type":"Feature","id":"eoy-bdc6ad08c6fd","geometry":{"type":"Point","coordinates":[-73.767588706493,40.756675075494]},"properties":{"id":"eoy-bdc6ad08c6fd","name":"PETER'S HOT BAGEL","legalName":"PETER'S FRESH BAGEL INC.","street":"47-04 BELL BOULEVARD","neighborhood":"BAYSIDE","borough":"Queens","zip":"11361","type":"sidewalk","status":"Issued","licenseIssued":"2026-05-22","licenseExpires":"2030-05-22","nta":"QN1102","bbl":"4073300023","sid":["row-fqe5-ze74-betv"]}},{"type":"Feature","id":"eoy-bdd795983c97","geometry":{"type":"Point","coordinates":[-74.003734539397,40.732976041618]},"properties":{"id":"eoy-bdd795983c97","name":"BAR PISELLINO","legalName":"FIFTYTWO MERCHANTS LLC","street":"52 GROVE STREET","neighborhood":"NEW YORK","borough":"Manhattan","zip":"10014","type":"sidewalk","status":"Issued","licenseIssued":"2026-06-12","licenseExpires":"2030-06-12","nta":"MN0203","bbl":"1005910010","sid":["row-a29m.p7ra.b7a6"]}},{"type":"Feature","id":"eoy-bded36360b24","geometry":{"type":"Point","coordinates":[-73.953716563425,40.743904649596]},"properties":{"id":"eoy-bded36360b24","name":"VERNON GRILLE","legalName":"FANCHON REALTY INC","street":"48-20 VERNON BOULEVARD","neighborhood":"LONG ISLAND CITY","borough":"Queens","zip":"11101","type":"sidewalk","status":"Issued","licenseIssued":"2026-08-21","licenseExpires":"2030-08-21","nta":"QN0201","bbl":"4000310001","sid":["row-hjzr-8cau~gq7m"]}},{"type":"Feature","id":"eoy-be04a775f0b9","geometry":{"type":"Point","coordinates":[-73.994872005055,40.694952706048]},"properties":{"id":"eoy-be04a775f0b9","name":"L'APPARTEMENT 4F","legalName":"4F SUR MONTAIGU LLC","street":"115 MONTAGUE STREET","neighborhood":"BROOKLYN","borough":"Brooklyn","zip":"11201","type":"roadway","status":"Issued","licenseIssued":"2025-07-18","licenseExpires":"2029-07-18","nta":"BK0201","bbl":"3002420006","sid":["row-6zvh-nw97.9drv"]}},{"type":"Feature","id":"eoy-be160f5ea08c","geometry":{"type":"Point","coordinates":[-73.880438528382,40.750139942351]},"properties":{"id":"eoy-be160f5ea08c","name":"RAICES COLOMBIANAS","legalName":"RAICES COLOMBIANAS CORP.","street":"86-02 37 AVENUE","neighborhood":"JACKSON HEIGHTS","borough":"Queens","zip":"11372","type":"sidewalk","status":"Issued","licenseIssued":"2026-07-31","licenseExpires":"2030-07-31","nta":"QN0301","bbl":"4014740001","sid":["row-jqnu_zpcb~n3d9"]}},{"type":"Feature","id":"eoy-be248f544f50","geometry":{"type":"Point","coordinates":[-73.962971210872,40.676411378616]},"properties":{"id":"eoy-be248f544f50","name":"ZIG ZAG OYSTER BAR","legalName":"TIN ANGEL LLC","street":"406 PROSPECT PLACE","neighborhood":"BROOKLYN","borough":"Brooklyn","zip":"11238","type":"sidewalk","status":"Issued","licenseIssued":"2026-09-25","licenseExpires":"2030-09-25","nta":"BK0801","bbl":"3011617501","sid":["row-mvdg-venz_mxnw"]}},{"type":"Feature","id":"eoy-be77f9cb2da5","geometry":{"type":"Point","coordinates":[-73.983461903371,40.72444966785]},"properties":{"id":"eoy-be77f9cb2da5","name":"TUOME","legalName":"TUN LLC","street":"536 EAST 5 STREET","neighborhood":"NEW YORK","borough":"Manhattan","zip":"10009","type":"roadway","status":"Issued","licenseIssued":"2025-10-03","licenseExpires":"2029-10-03","nta":"MN0303","bbl":"1004000024","sid":["row-armq.vyde~hvuw"]}},{"type":"Feature","id":"eoy-be7e53cde61c","geometry":{"type":"Point","coordinates":[-73.944207662692,40.713370384647]},"properties":{"id":"eoy-be7e53cde61c","name":"KIJITORA","legalName":"KIJITORA INC","street":"309 GRAHAM AVENUE","neighborhood":"BROOKLYN","borough":"Brooklyn","zip":"11211","type":"sidewalk","status":"Issued","licenseIssued":"2026-08-28","licenseExpires":"2030-08-28","nta":"BK0104","bbl":"3027700029","sid":["row-sj9c-4pqk.kggn"]}},{"type":"Feature","id":"eoy-be93b5a7a21a","geometry":{"type":"Point","coordinates":[-73.954280181453,40.774410127606]},"properties":{"id":"eoy-be93b5a7a21a","name":"THA PHRAYA","legalName":"PHRAYA2565 INC.","street":"1553 2 AVENUE","neighborhood":"NEW YORK","borough":"Manhattan","zip":"10028","type":"sidewalk","status":"Issued","licenseIssued":"2026-07-24","licenseExpires":"2030-07-24","nta":"MN0803","bbl":"1015260026","sid":["row-abth.jy3k~wnfc"]}},{"type":"Feature","id":"eoy-bea577563301","geometry":{"type":"Point","coordinates":[-73.982773597711,40.73534079601]},"properties":{"id":"eoy-bea577563301","name":"L'ANGELETTO","legalName":"L'ANGELETTO INC","street":"327 2 AVENUE","neighborhood":"NEW YORK","borough":"Manhattan","zip":"10003","type":"sidewalk","status":"Issued","licenseIssued":"2026-07-03","licenseExpires":"2030-07-03","nta":"MN0602","bbl":"1008990032","sid":["row-2wqk_yujk.jup7"]}},{"type":"Feature","id":"eoy-beabfba8911c","geometry":{"type":"Point","coordinates":[-73.9613080589,40.777453900034]},"properties":{"id":"eoy-beabfba8911c","name":"E.A.T. CAFE","legalName":"E.A.T. IS OWNED BY ELI ZABAR INC.","street":"1064 MADISON AVENUE","neighborhood":"NEW YORK","borough":"Manhattan","zip":"10028","type":"both","status":"Issued","licenseIssued":"2026-06-05","licenseExpires":"2030-06-05","nta":"MN0802","bbl":"1014920017","sid":["row-bwe8_2ich_hgrm","row-xmw7.j92y.ax6b"]}},{"type":"Feature","id":"eoy-bee6b4e1aa21","geometry":{"type":"Point","coordinates":[-73.99172849255,40.715230887519]},"properties":{"id":"eoy-bee6b4e1aa21","name":"MICTLAN MEXICO","legalName":"ORCHARD 17 RESTAURANT CORP","street":"17 ORCHARD STREET","neighborhood":"NEW YORK","borough":"Manhattan","zip":"10002","type":"roadway","status":"Issued","licenseIssued":"2026-05-08","licenseExpires":"2030-05-08","nta":"MN0301","bbl":"1002997501","sid":["row-ufyg~mc4x_6wwn"]}},{"type":"Feature","id":"eoy-bef6d35cee08","geometry":{"type":"Point","coordinates":[-73.995964675412,40.695013134711]},"properties":{"id":"eoy-bef6d35cee08","name":"DELLAROCCO'S OF BROOKLYN","legalName":"GMS HICKS STREET CORP","street":"214 HICKS STREET","neighborhood":"BROOKLYN","borough":"Brooklyn","zip":"11201","type":"both","status":"Issued","licenseIssued":"2025-08-01","licenseExpires":"2029-08-01","nta":"BK0201","bbl":"3002470035","sid":["row-f8c3.rr7e.w4wn","row-fhe6_yz9t~ge8x"]}},{"type":"Feature","id":"eoy-befe783539c9","geometry":{"type":"Point","coordinates":[-73.904320622438,40.745059827543]},"properties":{"id":"eoy-befe783539c9","name":"SEAN OG'S IRISH PUB","legalName":"SEAN OG ENTERPRISE LLC","street":"60-02 WOODSIDE AVENUE","neighborhood":"WOODSIDE","borough":"Queens","zip":"11377","type":"both","status":"Issued","licenseIssued":"2026-04-03","licenseExpires":"2030-04-03","nta":"QN0203","bbl":"4013350031","sid":["row-mbii_hg2z-ke6v","row-pj86.jf3t~q65v"]}},{"type":"Feature","id":"eoy-bf0747a521b3","geometry":{"type":"Point","coordinates":[-73.98122546914,40.77408558217]},"properties":{"id":"eoy-bf0747a521b3","name":"LE BOTANISTE","legalName":"BOTANICUS COLUMBUS INC","street":"156 COLUMBUS AVENUE","neighborhood":"NEW YORK","borough":"Manhattan","zip":"10023","type":"sidewalk","status":"Issued","licenseIssued":"2026-06-19","licenseExpires":"2030-06-19","nta":"MN0701","bbl":"1011380035","sid":["row-kkdp~y2yw~n5fj"]}},{"type":"Feature","id":"eoy-bf25a74acd0a","geometry":{"type":"Point","coordinates":[-73.950620201915,40.748717671596]},"properties":{"id":"eoy-bf25a74acd0a","name":"GO NONNA","legalName":"ARELO LLC","street":"10-50 44 DRIVE","neighborhood":"LONG ISLAND CITY","borough":"Queens","zip":"11101","type":"both","status":"Issued","licenseIssued":"2026-06-19","licenseExpires":"2030-06-19","nta":"QN0201","bbl":"4000510024","sid":["row-3str.sdzi~n6wa","row-zidh.uh7y-8iay"]}},{"type":"Feature","id":"eoy-bf817bf3c67d","geometry":{"type":"Point","coordinates":[-73.911576837783,40.762289027134]},"properties":{"id":"eoy-bf817bf3c67d","name":"GIAN PIERO BAKERY","legalName":"ROMI BAKERY INC","street":"44-17 30 AVENUE","neighborhood":"ASTORIA","borough":"Queens","zip":"11103","type":"sidewalk","status":"Issued","licenseIssued":"2024-10-09","licenseExpires":"2028-10-09","nta":"QN0104","bbl":"4007000042","sid":["row-yvvv-mmx5.mbug"]}},{"type":"Feature","id":"eoy-bf918f57dd6c","geometry":{"type":"Point","coordinates":[-73.979566777464,40.743720032216]},"properties":{"id":"eoy-bf918f57dd6c","name":"MEZE MAZI","legalName":"449 RESTAURANT CORP","street":"449 THIRD AVENUE","neighborhood":"NEW YORK","borough":"Manhattan","zip":"10016","type":"roadway","status":"Issued","licenseIssued":"2026-05-15","licenseExpires":"2030-05-15","nta":"MN0603","bbl":"1009110061","sid":["row-2h3x~hasy.duct"]}},{"type":"Feature","id":"eoy-bfa90638f2d0","geometry":{"type":"Point","coordinates":[-74.0054525679,40.739077583399]},"properties":{"id":"eoy-bfa90638f2d0","name":"BANTER","legalName":"BANTER WEST VILLAGE LLC","street":"643 HUDSON STREET","neighborhood":"NEW YORK","borough":"Manhattan","zip":"10014","type":"both","status":"Issued","licenseIssued":"2026-09-25","licenseExpires":"2030-09-25","nta":"MN0203","bbl":"1006270012","sid":["row-ki22.48w9-6nji","row-s2f3-6t9u~wbzm"]}},{"type":"Feature","id":"eoy-c03d68473757","geometry":{"type":"Point","coordinates":[-73.994724787541,40.732347429966]},"properties":{"id":"eoy-c03d68473757","name":"ARTE","legalName":"YERINA REST CORP","street":"21 EAST 9 STREET","neighborhood":"NEW YORK","borough":"Manhattan","zip":"10003","type":"sidewalk","status":"Issued","licenseIssued":"2026-05-01","licenseExpires":"2030-05-01","nta":"MN0202","bbl":"1005670024","sid":["row-bmpa_gvrw-e2ni"]}},{"type":"Feature","id":"eoy-c0498108afdc","geometry":{"type":"Point","coordinates":[-73.998257322389,40.728883644234]},"properties":{"id":"eoy-c0498108afdc","name":"MILLE-FEUILLE BAKERY CAFE","legalName":"DESSYN BAKERY CORP.","street":"552 LAGUARDIA PLACE","neighborhood":"NEW YORK","borough":"Manhattan","zip":"10012","type":"sidewalk","status":"Issued","licenseIssued":"2026-08-14","licenseExpires":"2030-08-14","nta":"MN0202","bbl":"1005377501","sid":["row-evw2_mf6d~g849"]}},{"type":"Feature","id":"eoy-c04a6d345bcd","geometry":{"type":"Point","coordinates":[-73.974324467264,40.758946911086]},"properties":{"id":"eoy-c04a6d345bcd","name":"FRESCO BY SCOTTO","legalName":"STARJEM RESTAURANT CORP","street":"34 EAST 52 STREET","neighborhood":"NEW YORK","borough":"Manhattan","zip":"10022","type":"roadway","status":"Issued","licenseIssued":"2026-03-27","licenseExpires":"2030-03-27","nta":"MN0502","bbl":"1012870052","sid":["row-5bp7~afgf_try2"]}},{"type":"Feature","id":"eoy-c07ce103be1e","geometry":{"type":"Point","coordinates":[-73.976489835309,40.780534882409]},"properties":{"id":"eoy-c07ce103be1e","name":"LA PECORA BIANCA","legalName":"LPB6 LLC","street":"359 COLUMBUS AVENUE","neighborhood":"NEW YORK","borough":"Manhattan","zip":"10024","type":"both","status":"Issued","licenseIssued":"2026-03-27","licenseExpires":"2030-03-27","nta":"MN0702","bbl":"1011290064","sid":["row-5x6x.v4aq~n4ep","row-mye3_2wt9~55ee"]}},{"type":"Feature","id":"eoy-c086d4b9ca82","geometry":{"type":"Point","coordinates":[-73.96709535013,40.756853559455]},"properties":{"id":"eoy-c086d4b9ca82","name":"TIPSY TURTLE","legalName":"BROOKLYN DT LLC","street":"1003 2 AVENUE","neighborhood":"NEW YORK","borough":"Manhattan","zip":"10022","type":"sidewalk","status":"Issued","licenseIssued":"2026-08-07","licenseExpires":"2030-08-07","nta":"MN0604","bbl":"1013270021","sid":["row-znt9.3anw_bjmj"]}},{"type":"Feature","id":"eoy-c0d9f6a550c3","geometry":{"type":"Point","coordinates":[-73.954089981003,40.777956274929]},"properties":{"id":"eoy-c0d9f6a550c3","name":"JACQUES BRASSERIE","legalName":"BEAR NOAH CORP","street":"204 EAST 85 STREET","neighborhood":"NEW YORK","borough":"Manhattan","zip":"10028","type":"sidewalk","status":"Issued","licenseIssued":"2026-07-31","licenseExpires":"2030-07-31","nta":"MN0803","bbl":"1015300045","sid":["row-yjtu_sm8a-xrr7"]}},{"type":"Feature","id":"eoy-c13f24a347e8","geometry":{"type":"Point","coordinates":[-73.994049095717,40.702756052571]},"properties":{"id":"eoy-c13f24a347e8","name":"ELEPHANT DISTRICT","legalName":"SIAM HARBOUR CORPORATION","street":"9 OLD FULTON STREET","neighborhood":"BROOKLYN","borough":"Brooklyn","zip":"11201","type":"sidewalk","status":"Issued","licenseIssued":"2026-08-14","licenseExpires":"2030-08-14","nta":"BK0202","bbl":"3000350010","sid":["row-yyhe_shgq.9w38"]}},{"type":"Feature","id":"eoy-c1576dae2cb6","geometry":{"type":"Point","coordinates":[-73.994418958472,40.722007881843]},"properties":{"id":"eoy-c1576dae2cb6","name":"CAFFE PARADISO","legalName":"BUT FIRST COFFEE LLC","street":"202 ELIZABETH STREET","neighborhood":"NEW YORK","borough":"Manhattan","zip":"10012","type":"sidewalk","status":"Issued","licenseIssued":"2026-09-25","licenseExpires":"2030-09-25","nta":"MN0201","bbl":"1004920007","sid":["row-2cyi~4uni~efug"]}},{"type":"Feature","id":"eoy-c15ba9b28203","geometry":{"type":"Point","coordinates":[-73.942465864066,40.671196077695]},"properties":{"id":"eoy-c15ba9b28203","name":"CAFE IMAEL","legalName":"CAFE IMAEL LLC","street":"1090 SAINT JOHNS PLACE","neighborhood":"BROOKLYN","borough":"Brooklyn","zip":"11213","type":"sidewalk","status":"Issued","licenseIssued":"2026-04-10","licenseExpires":"2030-04-10","nta":"BK0802","bbl":"3012570036","sid":["row-7qcy_f3fg~xd7w"]}},{"type":"Feature","id":"eoy-c16f20a60f6b","geometry":{"type":"Point","coordinates":[-73.989726335977,40.739272131163]},"properties":{"id":"eoy-c16f20a60f6b","name":"AQUA","legalName":"AQUA NYC LLC","street":"902 BROADWAY","neighborhood":"NEW YORK","borough":"Manhattan","zip":"10010","type":"both","status":"Issued","licenseIssued":"2026-05-15","licenseExpires":"2030-05-15","nta":"MN0501","bbl":"1008490016","sid":["row-7tm3.6yty-bmgd","row-ip7i.hib6_mwwu"]}},{"type":"Feature","id":"eoy-c183bd9d3099","geometry":{"type":"Point","coordinates":[-73.98384687986,40.684310195545]},"properties":{"id":"eoy-c183bd9d3099","name":"PICCOLO CUCINA CASA","legalName":"LUISA CAPITAL LLC","street":"141 NEVINS STREET","neighborhood":"BROOKLYN","borough":"Brooklyn","zip":"11217","type":"both","status":"Issued","licenseIssued":"2026-02-13","licenseExpires":"2030-02-13","nta":"BK0202","bbl":"3001970002","sid":["row-f8ea-6wxf~9mw5","row-fd3j~amg5.38yz"]}},{"type":"Feature","id":"eoy-c194469112fd","geometry":{"type":"Point","coordinates":[-74.002825116086,40.729589027438]},"properties":{"id":"eoy-c194469112fd","name":"CHACHATANG","legalName":"NACO NYC LLC","street":"10 DOWNING STREET","neighborhood":"NEW YORK","borough":"Manhattan","zip":"10014","type":"sidewalk","status":"Issued","licenseIssued":"2026-03-27","licenseExpires":"2030-03-27","nta":"MN0203","bbl":"1005270027","sid":["row-mx7v~w5dk.n3vi"]}},{"type":"Feature","id":"eoy-c1bf7eb78c2d","geometry":{"type":"Point","coordinates":[-73.980448381945,40.752410100452]},"properties":{"id":"eoy-c1bf7eb78c2d","name":"OSTERIA DELBIANCO","legalName":"41 STREET CAFE INC.","street":"18 EAST 41 STREET","neighborhood":"NEW YORK","borough":"Manhattan","zip":"10017","type":"roadway","status":"Issued","licenseIssued":"2025-07-18","licenseExpires":"2029-07-18","nta":"MN0502","bbl":"1012750061","sid":["row-s53w-4dpq-hs77"]}},{"type":"Feature","id":"eoy-c1e05df78e72","geometry":{"type":"Point","coordinates":[-73.926830853548,40.697904806078]},"properties":{"id":"eoy-c1e05df78e72","name":"MOOD RING","legalName":"MOOD RING LLC","street":"1260 MYRTLE AVENUE","neighborhood":"BROOKLYN","borough":"Brooklyn","zip":"11221","type":"sidewalk","status":"Issued","licenseIssued":"2026-05-29","licenseExpires":"2030-05-29","nta":"BK0401","bbl":"3032270031","sid":["row-tapc_bsre.i7pg"]}},{"type":"Feature","id":"eoy-c1e9f85588ca","geometry":{"type":"Point","coordinates":[-73.842460112112,40.719281308702]},"properties":{"id":"eoy-c1e9f85588ca","name":"PINK FOREST","legalName":"PINK FOREST INC","street":"72-01 AUSTIN STREET","neighborhood":"FOREST HILLS","borough":"Queens","zip":"11375","type":"sidewalk","status":"Issued","licenseIssued":"2026-08-28","licenseExpires":"2030-08-28","nta":"QN0602","bbl":"4032580033","sid":["row-6ud5~82qg_knx5"]}},{"type":"Feature","id":"eoy-c1f4733964e0","geometry":{"type":"Point","coordinates":[-73.981645473138,40.678449769328]},"properties":{"id":"eoy-c1f4733964e0","name":"NENES TAQUERIA","legalName":"NENES TAQUERIA LLC","street":"660 DEGRAW STREET","neighborhood":"BROOKLYN","borough":"Brooklyn","zip":"11217","type":"sidewalk","status":"Issued","licenseIssued":"2026-07-31","licenseExpires":"2030-07-31","nta":"BK0602","bbl":"3009490011","sid":["row-23fk.7gff.tayi"]}},{"type":"Feature","id":"eoy-c22321346cfa","geometry":{"type":"Point","coordinates":[-73.926195637853,40.69186315234]},"properties":{"id":"eoy-c22321346cfa","name":"THE BUREN","legalName":"THE BUREN, LLC","street":"1223 BROADWAY","neighborhood":"BROOKLYN","borough":"Brooklyn","zip":"11221","type":"sidewalk","status":"Issued","licenseIssued":"2026-04-03","licenseExpires":"2030-04-03","nta":"BK0402","bbl":"3032830009","sid":["row-xise_4ccu~jqtf"]}},{"type":"Feature","id":"eoy-c231d036d365","geometry":{"type":"Point","coordinates":[-73.948308672801,40.71846659757]},"properties":{"id":"eoy-c231d036d365","name":"TALEA BEER CO.","legalName":"TALEA BEER INC.","street":"87 RICHARDSON STREET","neighborhood":"BROOKLYN","borough":"Brooklyn","zip":"11211","type":"both","status":"Issued","licenseIssued":"2025-07-18","licenseExpires":"2029-07-18","nta":"BK0101","bbl":"3027230001","sid":["row-jits_s7c9_qe2s","row-xk94-9t5q~btpq"]}},{"type":"Feature","id":"eoy-c25abdca0d1a","geometry":{"type":"Point","coordinates":[-74.002803642154,40.733719899377]},"properties":{"id":"eoy-c25abdca0d1a","name":"LITTLE RUBYS CAFE","legalName":"RUBY'S WEST VILLAGE LLC","street":"225 WEST 4 STREET","neighborhood":"NEW YORK","borough":"Manhattan","zip":"10014","type":"sidewalk","status":"Issued","licenseIssued":"2025-02-14","licenseExpires":"2029-02-14","nta":"MN0203","bbl":"1006100009","sid":["row-6hxp~tesy-pgce"]}},{"type":"Feature","id":"eoy-c25fa50e4a91","geometry":{"type":"Point","coordinates":[-73.978879627755,40.782363352575]},"properties":{"id":"eoy-c25fa50e4a91","name":"DAILY PROVISIONS","legalName":"375 AMSTERDAM AVENUE LLC","street":"375 AMSTERDAM AVENUE","neighborhood":"NEW YORK","borough":"Manhattan","zip":"10024","type":"roadway","status":"Issued","licenseIssued":"2026-01-02","licenseExpires":"2030-01-02","nta":"MN0702","bbl":"1011490061","sid":["row-sxvg-8wfr~6anx"]}},{"type":"Feature","id":"eoy-c26e900b412d","geometry":{"type":"Point","coordinates":[-73.996441651463,40.744418966196]},"properties":{"id":"eoy-c26e900b412d","name":"CAFE CHELSEA","legalName":"CHELSEA HOTEL F&B LLC","street":"218 WEST 23 STREET","neighborhood":"NEW YORK","borough":"Manhattan","zip":"10011","type":"sidewalk","status":"Issued","licenseIssued":"2026-03-20","licenseExpires":"2030-03-20","nta":"MN0401","bbl":"1007720064","sid":["row-pg48_a6wf.tysu"]}},{"type":"Feature","id":"eoy-c280d9b2b106","geometry":{"type":"Point","coordinates":[-74.004026580259,40.729226682502]},"properties":{"id":"eoy-c280d9b2b106","name":"AMA ON DOWNING","legalName":"AMA HOSPITALITY GROUP LLC","street":"39 DOWNING STREET","neighborhood":"NEW YORK","borough":"Manhattan","zip":"10014","type":"sidewalk","status":"Issued","licenseIssued":"2026-06-25","licenseExpires":"2030-06-25","nta":"MN0203","bbl":"1005280077","sid":["row-22wm.z5uk~qvet"]}},{"type":"Feature","id":"eoy-c29fe787a021","geometry":{"type":"Point","coordinates":[-73.976260894491,40.744251879725]},"properties":{"id":"eoy-c29fe787a021","name":"CHARLOTTE CAFE","legalName":"E S E D M CORP","street":"605 2 AVENUE","neighborhood":"NEW YORK","borough":"Manhattan","zip":"10016","type":"sidewalk","status":"Issued","licenseIssued":"2026-07-02","licenseExpires":"2030-07-02","nta":"MN0603","bbl":"1009140027","sid":["row-fui3_bbdy_mwgy"]}},{"type":"Feature","id":"eoy-c2aa9b64cd3f","geometry":{"type":"Point","coordinates":[-73.971334096733,40.787645364564]},"properties":{"id":"eoy-c2aa9b64cd3f","name":"BELLA LUNA","legalName":"B.L.T.G. PIZZA INC","street":"574 COLUMBUS AVENUE","neighborhood":"NEW YORK","borough":"Manhattan","zip":"10024","type":"sidewalk","status":"Issued","licenseIssued":"2025-04-22","licenseExpires":"2029-04-22","nta":"MN0702","bbl":"1012180036","sid":["row-twm6-e5d5.dw7v"]}},{"type":"Feature","id":"eoy-c2b36c15d60d","geometry":{"type":"Point","coordinates":[-73.996157833806,40.72225223755]},"properties":{"id":"eoy-c2b36c15d60d","name":"MATCHAFUL","legalName":"MATCHAFUL INC.","street":"217 MULBERRY STREET","neighborhood":"NEW YORK","borough":"Manhattan","zip":"10012","type":"roadway","status":"Issued","licenseIssued":"2026-07-21","licenseExpires":"2030-07-21","nta":"MN0201","bbl":"1004950040","sid":["row-dri9-43eg-re5d"]}},{"type":"Feature","id":"eoy-c2fb343deb59","geometry":{"type":"Point","coordinates":[-73.955413619207,40.812400661178]},"properties":{"id":"eoy-c2fb343deb59","name":"CHARLES PAN-FRIED CHICKEN","legalName":"CHARLESNUMBERTHREE LLC","street":"439 WEST 125 STREET","neighborhood":"NEW YORK","borough":"Manhattan","zip":"10027","type":"sidewalk","status":"Issued","licenseIssued":"2026-05-13","licenseExpires":"2030-05-13","nta":"MN0901","bbl":"1019660049","sid":["row-msft-neh4.zqfg"]}},{"type":"Feature","id":"eoy-c3215339a4d8","geometry":{"type":"Point","coordinates":[-73.979884486356,40.743286415889]},"properties":{"id":"eoy-c3215339a4d8","name":"BANC BAR & CAFE","legalName":"THIRD AVE CAFE LLC","street":"431 3 AVENUE","neighborhood":"NEW YORK","borough":"Manhattan","zip":"10016","type":"both","status":"Issued","licenseIssued":"2026-06-19","licenseExpires":"2030-06-19","nta":"MN0603","bbl":"1009110001","sid":["row-525v-9srd.kvyu","row-g6y7.iwi4.m9fi"]}},{"type":"Feature","id":"eoy-c3c3a9d302b3","geometry":{"type":"Point","coordinates":[-73.987720563646,40.736000175613]},"properties":{"id":"eoy-c3c3a9d302b3","name":"YAMA","legalName":"K. T. CORPORATION USA","street":"122 EAST 17 STREET","neighborhood":"NEW YORK","borough":"Manhattan","zip":"10003","type":"sidewalk","status":"Issued","licenseIssued":"2026-08-07","licenseExpires":"2030-08-07","nta":"MN0602","bbl":"1008720065","sid":["row-88z3-4gvb~8yec"]}},{"type":"Feature","id":"eoy-c3f4a8f28834","geometry":{"type":"Point","coordinates":[-73.888599306174,40.743448187073]},"properties":{"id":"eoy-c3f4a8f28834","name":"TEA CUP CAFE","legalName":"TEA CUP CAFE, INC.","street":"76-23 WOODSIDE AVENUE","neighborhood":"ELMHURST","borough":"Queens","zip":"11373","type":"sidewalk","status":"Issued","licenseIssued":"2026-07-20","licenseExpires":"2030-07-20","nta":"QN0401","bbl":"4014960037","sid":["row-eux7.yt48_bw4t"]}},{"type":"Feature","id":"eoy-c401939f4b1c","geometry":{"type":"Point","coordinates":[-73.991043314202,40.686962435726]},"properties":{"id":"eoy-c401939f4b1c","name":"TALEA BEER CO.","legalName":"TALEA BEER INC.","street":"61 BERGEN STREET","neighborhood":"BROOKLYN","borough":"Brooklyn","zip":"11201","type":"both","status":"Issued","licenseIssued":"2025-03-07","licenseExpires":"2029-03-07","nta":"BK0202","bbl":"3001930034","sid":["row-c99e-mz2w-iugn","row-th55.46zf-geup"]}},{"type":"Feature","id":"eoy-c41fefefa979","geometry":{"type":"Point","coordinates":[-73.949710062278,40.716230234251]},"properties":{"id":"eoy-c41fefefa979","name":"VESELKA","legalName":"VESELKA LORIMER RESTAURANT LLC","street":"646 LORIMER STREET","neighborhood":"BROOKLYN","borough":"Brooklyn","zip":"11211","type":"sidewalk","status":"Issued","licenseIssued":"2026-06-19","licenseExpires":"2030-06-19","nta":"BK0104","bbl":"3027420002","sid":["row-xdqh-viq3~ekp9"]}},{"type":"Feature","id":"eoy-c43a8ff98ba2","geometry":{"type":"Point","coordinates":[-73.987253599144,40.724911272685]},"properties":{"id":"eoy-c43a8ff98ba2","name":"DON CEVICHE","legalName":"DON CEVICHE NYC CORP","street":"57 1 AVENUE","neighborhood":"NEW YORK","borough":"Manhattan","zip":"10003","type":"roadway","status":"Issued","licenseIssued":"2025-06-27","licenseExpires":"2029-06-27","nta":"MN0303","bbl":"1004450033","sid":["row-5agn~gvbp~cvbz"]}},{"type":"Feature","id":"eoy-c44b2d9905d4","geometry":{"type":"Point","coordinates":[-73.989634598813,40.725913352319]},"properties":{"id":"eoy-c44b2d9905d4","name":"BAR MONTO","legalName":"MEATH TRAILS INC.","street":"61 2 AVENUE","neighborhood":"NEW YORK","borough":"Manhattan","zip":"10003","type":"sidewalk","status":"Issued","licenseIssued":"2026-03-20","licenseExpires":"2030-03-20","nta":"MN0303","bbl":"1004590031","sid":["row-n2z5~rf67.8gcn"]}},{"type":"Feature","id":"eoy-c4bb220c2d69","geometry":{"type":"Point","coordinates":[-73.9899257293,40.733206220277]},"properties":{"id":"eoy-c4bb220c2d69","name":"DIG INN","legalName":"DIG INN 127 FOURTH AVE LLC","street":"127 4 AVENUE","neighborhood":"NEW YORK","borough":"Manhattan","zip":"10003","type":"sidewalk","status":"Issued","licenseIssued":"2026-08-21","licenseExpires":"2030-08-21","nta":"MN0303","bbl":"1005580010","sid":["row-cmjw-zv5n.im9r"]}},{"type":"Feature","id":"eoy-c502a6485c6d","geometry":{"type":"Point","coordinates":[-74.009704206252,40.719378119895]},"properties":{"id":"eoy-c502a6485c6d","name":"BENVENUTO CAFE","legalName":"MVNBC CORP.","street":"189 FRANKLIN STREET","neighborhood":"NEW YORK","borough":"Manhattan","zip":"10013","type":"sidewalk","status":"Issued","licenseIssued":"2026-04-17","licenseExpires":"2030-04-17","nta":"MN0102","bbl":"1001810013","sid":["row-n4hc_qv7y_3skw"]}},{"type":"Feature","id":"eoy-c50ed04f050b","geometry":{"type":"Point","coordinates":[-73.99670626835,40.720860657622]},"properties":{"id":"eoy-c50ed04f050b","name":"LEON'S BAGELS","legalName":"LEONS MULBERRY LLC","street":"181 MULBERRY STREET","neighborhood":"NEW YORK","borough":"Manhattan","zip":"10012","type":"roadway","status":"Issued","licenseIssued":"2025-10-03","licenseExpires":"2029-10-03","nta":"MN0201","bbl":"1004810033","sid":["row-mwq5-ebm7-6vs2"]}},{"type":"Feature","id":"eoy-c51e2eb39e80","geometry":{"type":"Point","coordinates":[-74.006015186846,40.735547789024]},"properties":{"id":"eoy-c51e2eb39e80","name":"MADE IN NEW YORK PIZZA","legalName":"WHITE HORSE HOSPITALITY, LLC","street":"561 HUDSON STREET","neighborhood":"NEW YORK","borough":"Manhattan","zip":"10014","type":"sidewalk","status":"Issued","licenseIssued":"2026-08-28","licenseExpires":"2030-08-28","nta":"MN0203","bbl":"1006330053","sid":["row-q2mp~w4x7~9a7j"]}},{"type":"Feature","id":"eoy-c51e3cec9c6d","geometry":{"type":"Point","coordinates":[-73.957068332628,40.784267615779]},"properties":{"id":"eoy-c51e3cec9c6d","name":"ELI'S ESSENTIALS","legalName":"EAT MADISON 91 LLC","street":"26 EAST 91 STREET","neighborhood":"NEW YORK","borough":"Manhattan","zip":"10128","type":"both","status":"Issued","licenseIssued":"2026-07-31","licenseExpires":"2030-07-31","nta":"MN0802","bbl":"1015020056","sid":["row-8yxd_p83p_6z9q","row-q4z9-gx5t.jidr"]}},{"type":"Feature","id":"eoy-c57a157d82de","geometry":{"type":"Point","coordinates":[-73.984558382743,40.756709021073]},"properties":{"id":"eoy-c57a157d82de","name":"VIRGIL'S BBQ","legalName":"TIMES SQUARE BARBECUE, INC","street":"152 WEST 44 STREET","neighborhood":"NEW YORK","borough":"Manhattan","zip":"10036","type":"roadway","status":"Issued","licenseIssued":"2026-02-27","licenseExpires":"2030-02-27","nta":"MN0502","bbl":"1009960054","sid":["row-ux62_bvt7~kb7s"]}},{"type":"Feature","id":"eoy-c59c7078facc","geometry":{"type":"Point","coordinates":[-74.002769131055,40.684904171515]},"properties":{"id":"eoy-c59c7078facc","name":"MAZZAT","legalName":"R & G GROUP INC","street":"208 COLUMBIA STREET","neighborhood":"BROOKLYN","borough":"Brooklyn","zip":"11231","type":"sidewalk","status":"Issued","licenseIssued":"2026-07-31","licenseExpires":"2030-07-31","nta":"BK0601","bbl":"3003350030","sid":["row-5cfz-5cx9-znjd"]}},{"type":"Feature","id":"eoy-c5df17791f24","geometry":{"type":"Point","coordinates":[-73.970918489751,40.689536439495]},"properties":{"id":"eoy-c5df17791f24","name":"EVELINA'S","legalName":"AURORA FG INC","street":"211 DEKALB AVENUE","neighborhood":"BROOKLYN","borough":"Brooklyn","zip":"11205","type":"both","status":"Issued","licenseIssued":"2025-07-03","licenseExpires":"2029-07-03","nta":"BK0203","bbl":"3020910075","sid":["row-pvm4~c2xx_j2zr","row-z4vk_ec3t~sjbq"]}},{"type":"Feature","id":"eoy-c6095e519a16","geometry":{"type":"Point","coordinates":[-73.955247301157,40.587828989353]},"properties":{"id":"eoy-c6095e519a16","name":"TETE-A-TETE","legalName":"PRESTIGE DISTRIBUTION, INC","street":"2601 EAST 14 STREET","neighborhood":"BROOKLYN","borough":"Brooklyn","zip":"11235","type":"sidewalk","status":"Issued","licenseIssued":"2026-03-27","licenseExpires":"2030-03-27","nta":"BK1503","bbl":"3074590001","sid":["row-j34h-gnip_iwc3"]}},{"type":"Feature","id":"eoy-c646d99c9fe3","geometry":{"type":"Point","coordinates":[-73.983408608902,40.750030859179]},"properties":{"id":"eoy-c646d99c9fe3","name":"LE PAIN QUOTIDIEN","legalName":"MPQ 400 FIFTH AVENUE, LLC","street":"400 5 AVENUE","neighborhood":"NEW YORK","borough":"Manhattan","zip":"10018","type":"sidewalk","status":"Issued","licenseIssued":"2026-09-25","licenseExpires":"2030-09-25","nta":"MN0502","bbl":"1008387501","sid":["row-cbt7-cv63_ngf6"]}},{"type":"Feature","id":"eoy-c6690b3b3665","geometry":{"type":"Point","coordinates":[-73.950398957542,40.658428332168]},"properties":{"id":"eoy-c6690b3b3665","name":"HASEN STUBLE","legalName":"KUDDELMUDDEL CORP","street":"1184 NOSTRAND AVENUE","neighborhood":"BROOKLYN","borough":"Brooklyn","zip":"11225","type":"sidewalk","status":"Issued","licenseIssued":"2026-07-21","licenseExpires":"2030-07-21","nta":"BK0902","bbl":"3050440041","sid":["row-gicy.eqi5_sqbu"]}},{"type":"Feature","id":"eoy-c686e434a218","geometry":{"type":"Point","coordinates":[-73.937817894944,40.753426947698]},"properties":{"id":"eoy-c686e434a218","name":"CASA CARLA","legalName":"CARLA HOSPITALITY GROUP INC","street":"25-03 40 AVENUE","neighborhood":"LONG ISLAND CITY","borough":"Queens","zip":"11101","type":"roadway","status":"Issued","licenseIssued":"2026-05-29","licenseExpires":"2030-05-29","nta":"QN0105","bbl":"4003960101","sid":["row-36jn-wj2d_wxce"]}},{"type":"Feature","id":"eoy-c696871f9bc7","geometry":{"type":"Point","coordinates":[-73.992012202805,40.72574885656]},"properties":{"id":"eoy-c696871f9bc7","name":"BAR PRIMI","legalName":"PASTA SHOP LLC","street":"325 BOWERY","neighborhood":"NEW YORK","borough":"Manhattan","zip":"10003","type":"both","status":"Issued","licenseIssued":"2026-02-13","licenseExpires":"2030-02-13","nta":"MN0303","bbl":"1004587503","sid":["row-46uz.eg9m~9izs","row-4brw.u4yc.3v6x"]}},{"type":"Feature","id":"eoy-c69e5580de58","geometry":{"type":"Point","coordinates":[-74.007273637731,40.727541236371]},"properties":{"id":"eoy-c69e5580de58","name":"PORT SA'ID","legalName":"FORAGERS 350 HUDSON LLC","street":"350 HUDSON STREET","neighborhood":"NEW YORK","borough":"Manhattan","zip":"10014","type":"sidewalk","status":"Issued","licenseIssued":"2026-05-22","licenseExpires":"2030-05-22","nta":"MN0201","bbl":"1005800039","sid":["row-myy3-mwmf~wpgt"]}},{"type":"Feature","id":"eoy-c6c11e2fcbd9","geometry":{"type":"Point","coordinates":[-73.979738300466,40.749291929041]},"properties":{"id":"eoy-c6c11e2fcbd9","name":"BJORK CAFE & BISTRO","legalName":"SCANDINAVIAN MARKET LLC","street":"58 PARK AVENUE","neighborhood":"NEW YORK","borough":"Manhattan","zip":"10016","type":"sidewalk","status":"Issued","licenseIssued":"2026-05-29","licenseExpires":"2030-05-29","nta":"MN0502","bbl":"1008670037","sid":["row-3kwm~zhtj.9zpc"]}},{"type":"Feature","id":"eoy-c74bdb978e67","geometry":{"type":"Point","coordinates":[-73.956644974267,40.675105391409]},"properties":{"id":"eoy-c74bdb978e67","name":"GUEROS BROOKLYN","legalName":"GUEROS RESTAURANT INC.","street":"605 PROSPECT PLACE","neighborhood":"BROOKLYN","borough":"Brooklyn","zip":"11238","type":"sidewalk","status":"Issued","licenseIssued":"2026-08-28","licenseExpires":"2030-08-28","nta":"BK0802","bbl":"3011560061","sid":["row-h5m5.w68x.q2b3"]}},{"type":"Feature","id":"eoy-c7512740e629","geometry":{"type":"Point","coordinates":[-73.95513711591,40.745875953294]},"properties":{"id":"eoy-c7512740e629","name":"CYCLO","legalName":"NGMC RESTAURANT INCORPORATED","street":"5-51 47 AVENUE","neighborhood":"LONG ISLAND CITY","borough":"Queens","zip":"11101","type":"sidewalk","status":"Issued","licenseIssued":"2025-03-24","licenseExpires":"2029-03-24","nta":"QN0201","bbl":"4000280001","sid":["row-2jf9-6f77-ijsv"]}},{"type":"Feature","id":"eoy-c787e3b1e778","geometry":{"type":"Point","coordinates":[-73.926710855117,40.757625364375]},"properties":{"id":"eoy-c787e3b1e778","name":"COFFEE AVENUE","legalName":"COFFEE AVE CORP","street":"34-56 33 STREET","neighborhood":"ASTORIA","borough":"Queens","zip":"11106","type":"sidewalk","status":"Issued","licenseIssued":"2026-08-07","licenseExpires":"2030-08-07","nta":"QN0103","bbl":"4006090001","sid":["row-vi7h~rqqs_pugy"]}},{"type":"Feature","id":"eoy-c78d517896d9","geometry":{"type":"Point","coordinates":[-73.928780773348,40.75611430482]},"properties":{"id":"eoy-c78d517896d9","name":"PSARI","legalName":"L.I.C. SEAFOOD INC.","street":"32-10 36 AVENUE","neighborhood":"ASTORIA","borough":"Queens","zip":"11106","type":"sidewalk","status":"Issued","licenseIssued":"2026-08-14","licenseExpires":"2030-08-14","nta":"QN0105","bbl":"4006010134","sid":["row-iz33-rkix_66zt"]}},{"type":"Feature","id":"eoy-c79a9ffaa32a","geometry":{"type":"Point","coordinates":[-73.954143497532,40.742326582384]},"properties":{"id":"eoy-c79a9ffaa32a","name":"TOURNESOL","legalName":"CALOUNE CORP","street":"50-12 VERNON BOULEVARD","neighborhood":"LONG ISLAND CITY","borough":"Queens","zip":"11101","type":"sidewalk","status":"Issued","licenseIssued":"2026-07-20","licenseExpires":"2030-07-20","nta":"QN0201","bbl":"4000330004","sid":["row-fgju~fbrw.pw2k"]}},{"type":"Feature","id":"eoy-c821a3f6abb7","geometry":{"type":"Point","coordinates":[-73.997694829896,40.718519394966]},"properties":{"id":"eoy-c821a3f6abb7","name":"PAESANO'S","legalName":"PAESANO REST. CORP.","street":"136 MULBERRY STREET","neighborhood":"NEW YORK","borough":"Manhattan","zip":"10013","type":"both","status":"Issued","licenseIssued":"2026-04-03","licenseExpires":"2030-04-03","nta":"MN0201","bbl":"1002377501","sid":["row-nert_4tjf.649i","row-nnai~myx6_3abt"]}},{"type":"Feature","id":"eoy-c8616d0b5d14","geometry":{"type":"Point","coordinates":[-73.981286872189,40.773997760035]},"properties":{"id":"eoy-c8616d0b5d14","name":"MAMAN","legalName":"MAMAN LINCOLN CENTER LLC","street":"152 COLUMBUS AVENUE","neighborhood":"NEW YORK","borough":"Manhattan","zip":"10023","type":"roadway","status":"Issued","licenseIssued":"2025-08-22","licenseExpires":"2029-08-22","nta":"MN0701","bbl":"1011380033","sid":["row-5h4n~5q2c-duig"]}},{"type":"Feature","id":"eoy-c8a5d35c4160","geometry":{"type":"Point","coordinates":[-73.981037659502,40.774310621209]},"properties":{"id":"eoy-c8a5d35c4160","name":"THE MIGRANT KITCHEN","legalName":"TMK 157 COLUMBUS AVE LLC","street":"157 COLUMBUS AVENUE","neighborhood":"NEW YORK","borough":"Manhattan","zip":"10023","type":"both","status":"Issued","licenseIssued":"2026-05-22","licenseExpires":"2030-05-22","nta":"MN0701","bbl":"1011207501","sid":["row-3e6j_wiup-fffc","row-fin8~km45.nwfm"]}},{"type":"Feature","id":"eoy-c8aef588e7dc","geometry":{"type":"Point","coordinates":[-74.004547368678,40.747177416939]},"properties":{"id":"eoy-c8aef588e7dc","name":"TIA POL","legalName":"AUNT PAUL, INC.","street":"205 10 AVENUE","neighborhood":"NEW YORK","borough":"Manhattan","zip":"10011","type":"sidewalk","status":"Issued","licenseIssued":"2026-09-04","licenseExpires":"2030-09-04","nta":"MN0401","bbl":"1006940032","sid":["row-2bsq-t5kk-bbdq"]}},{"type":"Feature","id":"eoy-c8bb59f886ff","geometry":{"type":"Point","coordinates":[-74.005955224,40.750926696187]},"properties":{"id":"eoy-c8bb59f886ff","name":"HAV & MAR","legalName":"11-26 LLC","street":"601 WEST 26 STREET","neighborhood":"NEW YORK","borough":"Manhattan","zip":"10001","type":"sidewalk","status":"Issued","licenseIssued":"2025-08-22","licenseExpires":"2029-08-22","nta":"MN0401","bbl":"1006720001","sid":["row-xwre.yzsi-78iq"]}},{"type":"Feature","id":"eoy-c8ce9f03942f","geometry":{"type":"Point","coordinates":[-73.970898253148,40.793335123411]},"properties":{"id":"eoy-c8ce9f03942f","name":"RANCHO TEQUILERA","legalName":"CABRERA ARGUDO CORP","street":"718 AMSTERDAM AVENUE","neighborhood":"NEW YORK","borough":"Manhattan","zip":"10025","type":"sidewalk","status":"Issued","licenseIssued":"2026-09-18","licenseExpires":"2030-09-18","nta":"MN0702","bbl":"1012420036","sid":["row-iaf7.gdqx_rj45"]}},{"type":"Feature","id":"eoy-c8dce8e38adc","geometry":{"type":"Point","coordinates":[-74.004661211229,40.723739870865]},"properties":{"id":"eoy-c8dce8e38adc","name":"BISOU","legalName":"ONE N K LLC","street":"112 6 AVENUE","neighborhood":"NEW YORK","borough":"Manhattan","zip":"10013","type":"sidewalk","status":"Issued","licenseIssued":"2026-06-05","licenseExpires":"2030-06-05","nta":"MN0201","bbl":"1004760015","sid":["row-i98i.fpz5.4cbv"]}},{"type":"Feature","id":"eoy-c8f7dfce0be7","geometry":{"type":"Point","coordinates":[-73.976845586201,40.764780058501]},"properties":{"id":"eoy-c8f7dfce0be7","name":"JAM'S","legalName":"1414 HOLDINGS, L.L.C.","street":"1414 AVENUE OF THE AMERICAS","neighborhood":"NEW YORK","borough":"Manhattan","zip":"10019","type":"sidewalk","status":"Issued","licenseIssued":"2026-04-17","licenseExpires":"2030-04-17","nta":"MN0502","bbl":"1012730071","sid":["row-4qs5~d3a9-qhsq"]}},{"type":"Feature","id":"eoy-c97ebae81e4d","geometry":{"type":"Point","coordinates":[-74.000328399123,40.742741971093]},"properties":{"id":"eoy-c97ebae81e4d","name":"LOULOU","legalName":"MVLH HOSPITALITY GROUP LLC","street":"176 8 AVENUE","neighborhood":"NEW YORK","borough":"Manhattan","zip":"10011","type":"roadway","status":"Issued","licenseIssued":"2026-04-03","licenseExpires":"2030-04-03","nta":"MN0401","bbl":"1007680080","sid":["row-9kvx.znkq.ay5w"]}},{"type":"Feature","id":"eoy-c9a6b19a1fac","geometry":{"type":"Point","coordinates":[-73.954035993322,40.673490446115]},"properties":{"id":"eoy-c9a6b19a1fac","name":"CAFE RUE DIX","legalName":"ALEXANDER AND DIAGNE LLC.","street":"1451 BEDFORD AVENUE","neighborhood":"BROOKLYN","borough":"Brooklyn","zip":"11216","type":"sidewalk","status":"Issued","licenseIssued":"2026-06-25","licenseExpires":"2030-06-25","nta":"BK0802","bbl":"3012390015","sid":["row-kkrn~yvv3.3jf2"]}},{"type":"Feature","id":"eoy-c9c4de6b9100","geometry":{"type":"Point","coordinates":[-73.997326205797,40.734974259837]},"properties":{"id":"eoy-c9c4de6b9100","name":"LA CONTENTA OESTE","legalName":"FRENCH ROAST INC.","street":"78 WEST 11 STREET","neighborhood":"NEW YORK","borough":"Manhattan","zip":"10011","type":"sidewalk","status":"Issued","licenseIssued":"2026-07-21","licenseExpires":"2030-07-21","nta":"MN0202","bbl":"1005740007","sid":["row-bca4_uqkv~3d5n"]}},{"type":"Feature","id":"eoy-ca018d6b1ac9","geometry":{"type":"Point","coordinates":[-74.006849434975,40.637523635579]},"properties":{"id":"eoy-ca018d6b1ac9","name":"MR. Q BBQ","legalName":"BEST MR. Q BBQ INC","street":"802 56 STREET","neighborhood":"BROOKLYN","borough":"Brooklyn","zip":"11220","type":"roadway","status":"Issued","licenseIssued":"2025-06-18","licenseExpires":"2029-06-18","nta":"BK1201","bbl":"3056860010","sid":["row-dcrx_9efw~7eb2"]}},{"type":"Feature","id":"eoy-ca16f338c569","geometry":{"type":"Point","coordinates":[-73.984699610102,40.692119194158]},"properties":{"id":"eoy-ca16f338c569","name":"SWEETGREEN","legalName":"SWEETGREEN NEW YORK, LLC","street":"100 WILLOUGHBY STREET","neighborhood":"BROOKLYN","borough":"Brooklyn","zip":"11201","type":"sidewalk","status":"Issued","licenseIssued":"2026-07-31","licenseExpires":"2030-07-31","nta":"BK0202","bbl":"3001457502","sid":["row-a3d5_hdmn_p8w7"]}},{"type":"Feature","id":"eoy-ca3deb02bf55","geometry":{"type":"Point","coordinates":[-74.006502408016,40.736450789832]},"properties":{"id":"eoy-ca3deb02bf55","name":"THE MARY LANE","legalName":"ON THE CORNER NY, LLC","street":"99 BANK STREET","neighborhood":"NEW YORK","borough":"Manhattan","zip":"10014","type":"roadway","status":"Issued","licenseIssued":"2025-09-19","licenseExpires":"2029-09-19","nta":"MN0203","bbl":"1006240001","sid":["row-fh3w-8nrc.xxeh"]}},{"type":"Feature","id":"eoy-ca471bc3d4c0","geometry":{"type":"Point","coordinates":[-73.938132768088,40.748634764608]},"properties":{"id":"eoy-ca471bc3d4c0","name":"SERAFINA","legalName":"SERAFINA TO GO JACKSON AVE","street":"28-30 JACKSON AVENUE","neighborhood":"LONG ISLAND CITY","borough":"Queens","zip":"11101","type":"sidewalk","status":"Issued","licenseIssued":"2026-07-24","licenseExpires":"2030-07-24","nta":"QN0201","bbl":"4002640017","sid":["row-mcnr~wvn4.8sqt"]}},{"type":"Feature","id":"eoy-ca4cb2a145c3","geometry":{"type":"Point","coordinates":[-73.958336915049,40.719269406542]},"properties":{"id":"eoy-ca4cb2a145c3","name":"TEDDY'S BAR & GRILL","legalName":"DAVIS AND DEVORE GROUP LLC","street":"96 BERRY STREET","neighborhood":"BROOKLYN","borough":"Brooklyn","zip":"11249","type":"both","status":"Issued","licenseIssued":"2026-02-20","licenseExpires":"2030-02-20","nta":"BK0102","bbl":"3023100030","sid":["row-2fhm.9wh4.t4qk","row-rhb3-6h3q_p2i3"]}},{"type":"Feature","id":"eoy-ca5f97c52e93","geometry":{"type":"Point","coordinates":[-73.952302391046,40.718108763415]},"properties":{"id":"eoy-ca5f97c52e93","name":"THE MCCARREN","legalName":"RHYMIN & THIEVIN, LLC","street":"595 UNION AVENUE","neighborhood":"BROOKLYN","borough":"Brooklyn","zip":"11211","type":"sidewalk","status":"Issued","licenseIssued":"2026-07-20","licenseExpires":"2030-07-20","nta":"BK0102","bbl":"3023000011","sid":["row-7cj4.4zue-s6zy"]}},{"type":"Feature","id":"eoy-ca69f589c103","geometry":{"type":"Point","coordinates":[-73.991158394388,40.716334241902]},"properties":{"id":"eoy-ca69f589c103","name":"RECEPTION BAR","legalName":"RECEPTION BAR INC","street":"45 ORCHARD STREET","neighborhood":"NEW YORK","borough":"Manhattan","zip":"10002","type":"both","status":"Issued","licenseIssued":"2026-05-01","licenseExpires":"2030-05-01","nta":"MN0301","bbl":"1003080025","sid":["row-rrmc-8prt.6wrf","row-t4xb_g47y.3557"]}},{"type":"Feature","id":"eoy-ca998bc937a1","geometry":{"type":"Point","coordinates":[-73.955646225535,40.772505803269]},"properties":{"id":"eoy-ca998bc937a1","name":"LUSARDI'S RESTAURANT","legalName":"LUMA RESTAURANT INC","street":"1494 SECOND AVENUE","neighborhood":"NEW YORK","borough":"Manhattan","zip":"10075","type":"sidewalk","status":"Issued","licenseIssued":"2026-07-31","licenseExpires":"2030-07-31","nta":"MN0801","bbl":"1014520050","sid":["row-e3ts_bwyq-xu2c"]}},{"type":"Feature","id":"eoy-caa16548d7e0","geometry":{"type":"Point","coordinates":[-73.956926427738,40.774800906366]},"properties":{"id":"eoy-caa16548d7e0","name":"MASSERIA EAST","legalName":"PEGREP 1404 LLC","street":"1404 3 AVENUE","neighborhood":"NEW YORK","borough":"Manhattan","zip":"10075","type":"sidewalk","status":"Issued","licenseIssued":"2026-06-12","licenseExpires":"2030-06-12","nta":"MN0802","bbl":"1015080039","sid":["row-ynhc.tdn4.hz93"]}},{"type":"Feature","id":"eoy-cab3912fc6cc","geometry":{"type":"Point","coordinates":[-73.976748136648,40.785324528648]},"properties":{"id":"eoy-cab3912fc6cc","name":"SONG E' NAPULE UWS","legalName":"LOKI HOSPITALITY LLC","street":"464 AMSTERDAM AVENUE","neighborhood":"NEW YORK","borough":"Manhattan","zip":"10024","type":"sidewalk","status":"Issued","licenseIssued":"2026-05-22","licenseExpires":"2030-05-22","nta":"MN0702","bbl":"1012300031","sid":["row-wzse_8jhq-ftvp"]}},{"type":"Feature","id":"eoy-cac22bee14bd","geometry":{"type":"Point","coordinates":[-73.978353667414,40.745380390907]},"properties":{"id":"eoy-cac22bee14bd","name":"THE FLYING COCK","legalName":"MUNSTER CAFE LLC","street":"497 3 AVENUE","neighborhood":"NEW YORK","borough":"Manhattan","zip":"10016","type":"both","status":"Issued","licenseIssued":"2026-07-20","licenseExpires":"2030-07-20","nta":"MN0603","bbl":"1009140061","sid":["row-55rc_nhrp-rn3m","row-fytn_dnyq~yisn"]}},{"type":"Feature","id":"eoy-cad576b12577","geometry":{"type":"Point","coordinates":[-73.979716722068,40.760850108553]},"properties":{"id":"eoy-cad576b12577","name":"SIMO PIZZA","legalName":"SIMO PIZZA 52ND LLC","street":"1290 6 AVENUE","neighborhood":"NEW YORK","borough":"Manhattan","zip":"10119","type":"sidewalk","status":"Issued","licenseIssued":"2026-04-24","licenseExpires":"2030-04-24","nta":"MN0502","bbl":"1012670001","sid":["row-b72t~qte6_vihh"]}},{"type":"Feature","id":"eoy-cad9b92b8167","geometry":{"type":"Point","coordinates":[-73.981075851859,40.741680932408]},"properties":{"id":"eoy-cad9b92b8167","name":"TARA ROSE","legalName":"KIPS BAY HOSPITALITY LLC","street":"384 3 AVENUE","neighborhood":"NEW YORK","borough":"Manhattan","zip":"10016","type":"sidewalk","status":"Issued","licenseIssued":"2026-08-07","licenseExpires":"2030-08-07","nta":"MN0602","bbl":"18830048","sid":["row-vvnh~2tch_eju5"]}},{"type":"Feature","id":"eoy-cadee11fa57e","geometry":{"type":"Point","coordinates":[-73.982498583522,40.765659382099]},"properties":{"id":"eoy-cadee11fa57e","name":"JOE G RESTAURANT (DA VINCI HOTEL)","legalName":"DA VINCI HOTEL CORP","street":"244 WEST 56 STREET","neighborhood":"NEW YORK","borough":"Manhattan","zip":"10019","type":"roadway","status":"Issued","licenseIssued":"2025-10-03","licenseExpires":"2029-10-03","nta":"MN0502","bbl":"1010270060","sid":["row-hk8w.95nz_rw45"]}},{"type":"Feature","id":"eoy-caee1e759936","geometry":{"type":"Point","coordinates":[-73.956703949001,40.783759699676]},"properties":{"id":"eoy-caee1e759936","name":"GLACE BY NOGLU","legalName":"LAIT CRU LLC","street":"1266 MADISON AVENUE","neighborhood":"NEW YORK","borough":"Manhattan","zip":"10128","type":"roadway","status":"Issued","licenseIssued":"2026-06-12","licenseExpires":"2030-06-12","nta":"MN0802","bbl":"1015020017","sid":["row-npgs-9pam_gqwr"]}},{"type":"Feature","id":"eoy-cb09d5676050","geometry":{"type":"Point","coordinates":[-73.969780588918,40.765363049008]},"properties":{"id":"eoy-cb09d5676050","name":"FLEMING BY LE BILBOQUET","legalName":"27 EAST RESTAURANT HOLDINGS LLC","street":"27 EAST 62 STREET","neighborhood":"NEW YORK","borough":"Manhattan","zip":"10065","type":"sidewalk","status":"Issued","licenseIssued":"2026-07-21","licenseExpires":"2030-07-21","nta":"MN0802","bbl":"1013770024","sid":["row-gurm-rhsf_8ats"]}},{"type":"Feature","id":"eoy-cb0e135f44e4","geometry":{"type":"Point","coordinates":[-73.995543235059,40.687805344609]},"properties":{"id":"eoy-cb0e135f44e4","name":"SAINT JULIVERT","legalName":"TEKOA LLC","street":"264 CLINTON STREET","neighborhood":"BROOKLYN","borough":"Brooklyn","zip":"11201","type":"sidewalk","status":"Issued","licenseIssued":"2026-05-08","licenseExpires":"2030-05-08","nta":"BK0601","bbl":"3003010024","sid":["row-pqgz-syn7.726k"]}},{"type":"Feature","id":"eoy-cb1b966a6f37","geometry":{"type":"Point","coordinates":[-73.981704006628,40.740821923492]},"properties":{"id":"eoy-cb1b966a6f37","name":"STREET TACO","legalName":"MFRF ENTERPRISES INC","street":"358 3 AVENUE","neighborhood":"NEW YORK","borough":"Manhattan","zip":"10016","type":"sidewalk","status":"Issued","licenseIssued":"2026-07-20","licenseExpires":"2030-07-20","nta":"MN0602","bbl":"1008820043","sid":["row-xgce-b7p9-zc36"]}},{"type":"Feature","id":"eoy-cb1fb1ca81d9","geometry":{"type":"Point","coordinates":[-73.951671666086,40.71731526128]},"properties":{"id":"eoy-cb1fb1ca81d9","name":"GLORIA","legalName":"PARKSIDE HOSPITALITY LLC","street":"544 UNION AVENUE","neighborhood":"BROOKLYN","borough":"Brooklyn","zip":"11211","type":"roadway","status":"Issued","licenseIssued":"2026-09-25","licenseExpires":"2030-09-25","nta":"BK0102","bbl":"3027360001","sid":["row-bygk.gqe9_afy5"]}},{"type":"Feature","id":"eoy-cb99097d4271","geometry":{"type":"Point","coordinates":[-74.000144342577,40.738748341271]},"properties":{"id":"eoy-cb99097d4271","name":"DONUT PUB","legalName":"BUZWIN DONUT CORP.","street":"203 WEST 14 STREET","neighborhood":"NEW YORK","borough":"Manhattan","zip":"10011","type":"sidewalk","status":"Issued","licenseIssued":"2026-03-13","licenseExpires":"2030-03-13","nta":"MN0401","bbl":"1007640036","sid":["row-tza6~wytv.gsf8"]}},{"type":"Feature","id":"eoy-cbbeed9e8d82","geometry":{"type":"Point","coordinates":[-73.954745655155,40.769530136088]},"properties":{"id":"eoy-cbbeed9e8d82","name":"GNOCCHI HOUSE BAR","legalName":"GNOCCHI HOUSE NEW YORK INC.","street":"1431 1 AVENUE","neighborhood":"NEW YORK","borough":"Manhattan","zip":"10021","type":"sidewalk","status":"Issued","licenseIssued":"2026-07-03","licenseExpires":"2030-07-03","nta":"MN0801","bbl":"1014490024","sid":["row-cmry_a7pm~22je"]}},{"type":"Feature","id":"eoy-cbffbfd1616d","geometry":{"type":"Point","coordinates":[-73.992878461127,40.688645110825]},"properties":{"id":"eoy-cbffbfd1616d","name":"LEMONGRASS GRILL","legalName":"SANGSIRI INC","street":"156 COURT STREET","neighborhood":"BROOKLYN","borough":"Brooklyn","zip":"11201","type":"both","status":"Issued","licenseIssued":"2025-06-06","licenseExpires":"2029-06-06","nta":"BK0601","bbl":"3002920032","sid":["row-4dtc-zy29~n5qw","row-we3z_2sqd~hkpp"]}},{"type":"Feature","id":"eoy-cc3599ff64c0","geometry":{"type":"Point","coordinates":[-73.994562675802,40.685148360927]},"properties":{"id":"eoy-cc3599ff64c0","name":"BUDDY'S BURRITO & TACO BAR","legalName":"BUDDIES BURRITO & TACO BAR INC","street":"260 COURT STREET","neighborhood":"BROOKLYN","borough":"Brooklyn","zip":"11231","type":"sidewalk","status":"Issued","licenseIssued":"2025-12-05","licenseExpires":"2029-12-05","nta":"BK0601","bbl":"3003260037","sid":["row-vseb_3fp7-sdsb"]}},{"type":"Feature","id":"eoy-cc791b16e9cd","geometry":{"type":"Point","coordinates":[-73.917161598822,40.764917183669]},"properties":{"id":"eoy-cc791b16e9cd","name":"VIA TRENTA OSTERIA","legalName":"JJMAP LLC","street":"36-19 30 AVENUE","neighborhood":"ASTORIA","borough":"Queens","zip":"11103","type":"sidewalk","status":"Issued","licenseIssued":"2026-08-07","licenseExpires":"2030-08-07","nta":"QN0103","bbl":"4006300041","sid":["row-pddd-gzpt~b83s"]}},{"type":"Feature","id":"eoy-cc931334b6ac","geometry":{"type":"Point","coordinates":[-74.008466378256,40.715837467138]},"properties":{"id":"eoy-cc931334b6ac","name":"SERAFINA TRIBECA","legalName":"SERAFINA TRIBECA RESTAURANT LLC","street":"113 READE STREET","neighborhood":"NEW YORK","borough":"Manhattan","zip":"10013","type":"both","status":"Issued","licenseIssued":"2026-05-15","licenseExpires":"2030-05-15","nta":"MN0102","bbl":"1001450015","sid":["row-5dq9.h3dc.5zte","row-y9p5_vfd3~46km"]}},{"type":"Feature","id":"eoy-ccae9a10b7cd","geometry":{"type":"Point","coordinates":[-73.953565221399,40.681680668247]},"properties":{"id":"eoy-ccae9a10b7cd","name":"SEED BROOKLYN","legalName":"SEED BRKLYN LLC","street":"1217 BEDFORD AVENUE","neighborhood":"BROOKLYN","borough":"Brooklyn","zip":"11216","type":"roadway","status":"Issued","licenseIssued":"2026-05-08","licenseExpires":"2030-05-08","nta":"BK0301","bbl":"3018370002","sid":["row-yhh2-bmkp~ggcy"]}},{"type":"Feature","id":"eoy-cceca5d15f8f","geometry":{"type":"Point","coordinates":[-73.980373055668,40.775230002378]},"properties":{"id":"eoy-cceca5d15f8f","name":"EMPIRE SZECHUAN KYOTO","legalName":"YUNHUA ON COLUMBUS INC.","street":"193 COLUMBUS AVENUE","neighborhood":"NEW YORK","borough":"Manhattan","zip":"10023","type":"sidewalk","status":"Issued","licenseIssued":"2024-12-09","licenseExpires":"2028-12-09","nta":"MN0701","bbl":"1011210064","sid":["row-k9w2~6vvd~2jk3"]}},{"type":"Feature","id":"eoy-cd2da2f3685d","geometry":{"type":"Point","coordinates":[-73.98655740127,40.760002983368]},"properties":{"id":"eoy-cd2da2f3685d","name":"THE MEAN FIDDLER","legalName":"CASTLEKNOCK, INC","street":"266 WEST 47 STREET","neighborhood":"NEW YORK","borough":"Manhattan","zip":"10036","type":"roadway","status":"Issued","licenseIssued":"2026-01-02","licenseExpires":"2030-01-02","nta":"MN0502","bbl":"1010180061","sid":["row-i6t6.a5yi.m8de"]}},{"type":"Feature","id":"eoy-cd3b8f16c9eb","geometry":{"type":"Point","coordinates":[-73.98546864351,40.671300175725]},"properties":{"id":"eoy-cd3b8f16c9eb","name":"POSTMARK CAFE","legalName":"CHURCH OF PARK SLOPE","street":"326 6 STREET","neighborhood":"BROOKLYN","borough":"Brooklyn","zip":"11215","type":"roadway","status":"Issued","licenseIssued":"2026-05-08","licenseExpires":"2030-05-08","nta":"BK0602","bbl":"3009930031","sid":["row-cdts-bcrc_4ygx"]}},{"type":"Feature","id":"eoy-cd4939e12a3b","geometry":{"type":"Point","coordinates":[-73.959723419794,40.687521133476]},"properties":{"id":"eoy-cd4939e12a3b","name":"CLEMENTINE BAKERY","legalName":"EARTHLY EATS INCORPORATED","street":"395 CLASSON AVENUE","neighborhood":"BROOKLYN","borough":"Brooklyn","zip":"11238","type":"roadway","status":"Issued","licenseIssued":"2026-04-10","licenseExpires":"2030-04-10","nta":"BK0301","bbl":"3019530001","sid":["row-zf73_bq2z_bufq"]}},{"type":"Feature","id":"eoy-cd514d6dfee1","geometry":{"type":"Point","coordinates":[-73.947065135716,40.775985261266]},"properties":{"id":"eoy-cd514d6dfee1","name":"THE MANSION","legalName":"YORKVILLE MANSION INC","street":"1634 YORK AVENUE","neighborhood":"NEW YORK","borough":"Manhattan","zip":"10028","type":"roadway","status":"Issued","licenseIssued":"2026-05-08","licenseExpires":"2030-05-08","nta":"MN0803","bbl":"1015830001","sid":["row-77qp-6quz~qcqk"]}},{"type":"Feature","id":"eoy-cd5347875f27","geometry":{"type":"Point","coordinates":[-73.978454991296,40.777886580684]},"properties":{"id":"eoy-cd5347875f27","name":"BLACK PRESS COFFEE","legalName":"BPC270 LLC","street":"274 COLUMBUS AVENUE","neighborhood":"NEW YORK","borough":"Manhattan","zip":"10023","type":"sidewalk","status":"Issued","licenseIssued":"2026-05-29","licenseExpires":"2030-05-29","nta":"MN0701","bbl":"1011440033","sid":["row-p7ru~jgc3_f4c7"]}},{"type":"Feature","id":"eoy-cd8599bba43b","geometry":{"type":"Point","coordinates":[-74.005477342338,40.733192808056]},"properties":{"id":"eoy-cd8599bba43b","name":"FIASCHETTERIA PISTOIA","legalName":"FIASCHETTERIA WEST LTD.","street":"114 CHRISTOPHER STREET","neighborhood":"NEW YORK","borough":"Manhattan","zip":"10014","type":"roadway","status":"Issued","licenseIssued":"2026-03-13","licenseExpires":"2030-03-13","nta":"MN0203","bbl":"1005880048","sid":["row-4veb-ws8i.b6d2"]}},{"type":"Feature","id":"eoy-cdd4877c3d54","geometry":{"type":"Point","coordinates":[-73.961178413794,40.634975593171]},"properties":{"id":"eoy-cdd4877c3d54","name":"RUSTY NAIL","legalName":"1701 FOSTER CORP","street":"1701 FOSTER AVENUE","neighborhood":"BROOKLYN","borough":"Brooklyn","zip":"11230","type":"both","status":"Issued","licenseIssued":"2026-04-17","licenseExpires":"2030-04-17","nta":"BK1402","bbl":"3052170037","sid":["row-ii86~pv9d~hdyr","row-vqg8~suvk_g64z"]}},{"type":"Feature","id":"eoy-cdd807f7a233","geometry":{"type":"Point","coordinates":[-73.9052363637,40.773507282889]},"properties":{"id":"eoy-cdd807f7a233","name":"VICTORY SWEET SHOP","legalName":"VICTORY SWEET SHOP LTD","street":"21-69 STEINWAY STREET","neighborhood":"ASTORIA","borough":"Queens","zip":"11105","type":"sidewalk","status":"Issued","licenseIssued":"2026-05-29","licenseExpires":"2030-05-29","nta":"QN0101","bbl":"4007970006","sid":["row-n4dw_jy35_9c59"]}},{"type":"Feature","id":"eoy-ce0a69b41e6d","geometry":{"type":"Point","coordinates":[-73.907135161301,40.887204217532]},"properties":{"id":"eoy-ce0a69b41e6d","name":"BLACKSTONE BAR AND GRILL","legalName":"3713 RIVERDALE REST CORP","street":"3713 RIVERDALE AVENUE","neighborhood":"BRONX","borough":"Bronx","zip":"10463","type":"sidewalk","status":"Issued","licenseIssued":"2026-08-21","licenseExpires":"2030-08-21","nta":"BX0803","bbl":"2057960158","sid":["row-wyfc~jak2-wpvm"]}},{"type":"Feature","id":"eoy-ce112cb30fcc","geometry":{"type":"Point","coordinates":[-73.99563361881,40.739025479377]},"properties":{"id":"eoy-ce112cb30fcc","name":"HUMMUS & PITA CO","legalName":"HUMMUS ON 6TH LLC","street":"585 AVENUE OF THE AMERICAS","neighborhood":"NEW YORK","borough":"Manhattan","zip":"10011","type":"sidewalk","status":"Issued","licenseIssued":"2025-02-28","licenseExpires":"2029-02-28","nta":"MN0401","bbl":"1007920038","sid":["row-uifg_5bmh_pb7w"]}},{"type":"Feature","id":"eoy-ce390eb05d46","geometry":{"type":"Point","coordinates":[-73.969339136262,40.689478387712]},"properties":{"id":"eoy-ce390eb05d46","name":"BROOKLYN PUBLIC HOUSE","legalName":"DECO CAFE INC.","street":"247 DEKALB AVENUE","neighborhood":"BROOKLYN","borough":"Brooklyn","zip":"11205","type":"sidewalk","status":"Issued","licenseIssued":"2026-03-06","licenseExpires":"2030-03-06","nta":"BK0203","bbl":"3020920064","sid":["row-tuxs_g2gu_z2jy"]}},{"type":"Feature","id":"eoy-ce428e6042c6","geometry":{"type":"Point","coordinates":[-73.977708161141,40.786894717189]},"properties":{"id":"eoy-ce428e6042c6","name":"5 NAPKIN BURGER","legalName":"DONIZETTI, LLC","street":"2315 BROADWAY","neighborhood":"NEW YORK","borough":"Manhattan","zip":"10024","type":"sidewalk","status":"Issued","licenseIssued":"2026-06-12","licenseExpires":"2030-06-12","nta":"MN0702","bbl":"1012310055","sid":["row-c2se-e6yw.46xb"]}},{"type":"Feature","id":"eoy-ce6ef04a64a9","geometry":{"type":"Point","coordinates":[-73.980396131806,40.758231726846]},"properties":{"id":"eoy-ce6ef04a64a9","name":"THE ELGIN","legalName":"DPR 56, LLC","street":"64 WEST 48 STREET","neighborhood":"NEW YORK","borough":"Manhattan","zip":"10036","type":"roadway","status":"Issued","licenseIssued":"2025-10-03","licenseExpires":"2029-10-03","nta":"MN0502","bbl":"1012630067","sid":["row-xc84_ej7n~a3zv"]}},{"type":"Feature","id":"eoy-ce7db90fd8ea","geometry":{"type":"Point","coordinates":[-73.983620818689,40.723749775135]},"properties":{"id":"eoy-ce7db90fd8ea","name":"BIBI WINE BAR","legalName":"you're almost there, inc.","street":"211 EAST 4 STREET","neighborhood":"NEW YORK","borough":"Manhattan","zip":"10009","type":"both","status":"Issued","licenseIssued":"2025-08-01","licenseExpires":"2029-08-01","nta":"MN0303","bbl":"1004000052","sid":["row-frbi-hvyw-zit3","row-n4xn.wkx3.tevi"]}},{"type":"Feature","id":"eoy-ceb1801cf0ee","geometry":{"type":"Point","coordinates":[-73.981234706326,40.741431185077]},"properties":{"id":"eoy-ceb1801cf0ee","name":"THE GEM SALOON","legalName":"EAST CHURCH STREET LLC","street":"375 3 AVENUE","neighborhood":"NEW YORK","borough":"Manhattan","zip":"10016","type":"both","status":"Issued","licenseIssued":"2026-09-11","licenseExpires":"2030-09-11","nta":"MN0603","bbl":"1009080001","sid":["row-dcj9_tjpm~s47p","row-yye2_mvhx_s26w"]}},{"type":"Feature","id":"eoy-cee249a1f58f","geometry":{"type":"Point","coordinates":[-74.001778932586,40.735402460431]},"properties":{"id":"eoy-cee249a1f58f","name":"SUSHI TOKORO","legalName":"SUSHIRO THE HANDROLLS BAR INC","street":"168 7 AVENUE SOUTH","neighborhood":"NEW YORK","borough":"Manhattan","zip":"10014","type":"sidewalk","status":"Issued","licenseIssued":"2026-07-20","licenseExpires":"2030-07-20","nta":"MN0203","bbl":"1006127501","sid":["row-x2t8~382b_kc8r"]}},{"type":"Feature","id":"eoy-cf2c75a655e1","geometry":{"type":"Point","coordinates":[-73.963081883583,40.769195515158]},"properties":{"id":"eoy-cf2c75a655e1","name":"BRASSERIE COGNAC","legalName":"BRASSERIE COGNAC EAST CORP","street":"963 LEXINGTON AVENUE","neighborhood":"NEW YORK","borough":"Manhattan","zip":"10021","type":"both","status":"Issued","licenseIssued":"2026-07-24","licenseExpires":"2030-07-24","nta":"MN0802","bbl":"1014050022","sid":["row-8uj3~mw62.ne9v","row-gzgz.ygzk-2riv"]}},{"type":"Feature","id":"eoy-cf2feafd5d68","geometry":{"type":"Point","coordinates":[-73.970487778973,40.693159430301]},"properties":{"id":"eoy-cf2feafd5d68","name":"LARINA PASTIFICIO & VINO","legalName":"DURUM LLC","street":"387 MYRTLE AVENUE","neighborhood":"BROOKLYN","borough":"Brooklyn","zip":"11205","type":"both","status":"Issued","licenseIssued":"2025-07-18","licenseExpires":"2029-07-18","nta":"BK0203","bbl":"3020460093","sid":["row-exkn-29ug.3mmk","row-qxkw.hyhk.928p"]}},{"type":"Feature","id":"eoy-cf530735bbde","geometry":{"type":"Point","coordinates":[-73.887463057501,40.853805255066]},"properties":{"id":"eoy-cf530735bbde","name":"AJO & OREGANO RESTAURANT","legalName":"AYO GROUP CORP","street":"621 CRESCENT AVENUE","neighborhood":"BRONX","borough":"Bronx","zip":"10458","type":"sidewalk","status":"Issued","licenseIssued":"2026-07-30","licenseExpires":"2030-07-30","nta":"BX0603","bbl":"2030740004","sid":["row-ekq5-updd~8xz8"]}},{"type":"Feature","id":"eoy-cf613afd7f23","geometry":{"type":"Point","coordinates":[-73.983887355783,40.725547635026]},"properties":{"id":"eoy-cf613afd7f23","name":"CORNER BISTRO EAST","legalName":"CORNER BISTRO EAST LLC","street":"94 AVENUE A","neighborhood":"NEW YORK","borough":"Manhattan","zip":"10009","type":"both","status":"Issued","licenseIssued":"2026-07-31","licenseExpires":"2030-07-31","nta":"MN0303","bbl":"1004020001","sid":["row-5vqz_xuc3~wv5j","row-pgg5_zadi.xns2"]}},{"type":"Feature","id":"eoy-cf7fd26d9759","geometry":{"type":"Point","coordinates":[-73.955696959149,40.734381101235]},"properties":{"id":"eoy-cf7fd26d9759","name":"SWEETLEAF COFFEE ROASTERS","legalName":"SWEETLEAF COFFEE BK, INC","street":"159 FREEMAN STREET","neighborhood":"BROOKLYN","borough":"Brooklyn","zip":"11222","type":"sidewalk","status":"Issued","licenseIssued":"2026-08-28","licenseExpires":"2030-08-28","nta":"BK0101","bbl":"3025040045","sid":["row-gnpm.hxdn~kxy6"]}},{"type":"Feature","id":"eoy-cfb7e429f19a","geometry":{"type":"Point","coordinates":[-73.987821608225,40.716284530277]},"properties":{"id":"eoy-cfb7e429f19a","name":"GRAND STREET PIZZA","legalName":"384 GRAND STREET PIZZA LLC","street":"384 GRAND STREET","neighborhood":"NEW YORK","borough":"Manhattan","zip":"10002","type":"sidewalk","status":"Issued","licenseIssued":"2026-04-10","licenseExpires":"2030-04-10","nta":"MN0302","bbl":"1003460095","sid":["row-ij64~v2yi_h8dm"]}},{"type":"Feature","id":"eoy-d0033a9bb90a","geometry":{"type":"Point","coordinates":[-73.954771451464,40.726396216645]},"properties":{"id":"eoy-d0033a9bb90a","name":"ACRE","legalName":"25 BROADWAY BROOKLYN INC","street":"64 MESEROLE AVENUE","neighborhood":"BROOKLYN","borough":"Brooklyn","zip":"11222","type":"both","status":"Issued","licenseIssued":"2025-06-27","licenseExpires":"2029-06-27","nta":"BK0101","bbl":"3026170006","sid":["row-g76v_2mjb.vkwm","row-ntbh-xw2m.95be"]}},{"type":"Feature","id":"eoy-d00cd04e3f79","geometry":{"type":"Point","coordinates":[-73.965250308478,40.806173485886]},"properties":{"id":"eoy-d00cd04e3f79","name":"BLUE BOTTLE COFFEE","legalName":"BLUE BOTTLE COFFEE, LLC","street":"2901 BROADWAY","neighborhood":"NEW YORK","borough":"Manhattan","zip":"10025","type":"sidewalk","status":"Issued","licenseIssued":"2026-06-26","licenseExpires":"2030-06-26","nta":"MN0901","bbl":"1018950055","sid":["row-se4d_4f6m~7q3j"]}},{"type":"Feature","id":"eoy-d00dce9e0857","geometry":{"type":"Point","coordinates":[-73.961909825586,40.716690566674]},"properties":{"id":"eoy-d00dce9e0857","name":"TONCHIN BROOKLYN","legalName":"FOODEX BROOKLYN LLC","street":"109 NORTH 3 STREET","neighborhood":"BROOKLYN","borough":"Brooklyn","zip":"11249","type":"roadway","status":"Issued","licenseIssued":"2025-07-03","licenseExpires":"2029-07-03","nta":"BK0102","bbl":"3023500026","sid":["row-2tpx.hrbx-bmic"]}},{"type":"Feature","id":"eoy-d017066d3cde","geometry":{"type":"Point","coordinates":[-73.99144856882,40.760030899657]},"properties":{"id":"eoy-d017066d3cde","name":"FIVE NAPKIN BURGER","legalName":"LA SCALA RESTAURANT LLC","street":"630 9 AVENUE","neighborhood":"NEW YORK","borough":"Manhattan","zip":"10036","type":"sidewalk","status":"Issued","licenseIssued":"2026-06-26","licenseExpires":"2030-06-26","nta":"MN0402","bbl":"1010350001","sid":["row-npvz~wd6s.85ei"]}},{"type":"Feature","id":"eoy-d04ac3b2eb59","geometry":{"type":"Point","coordinates":[-73.926817233728,40.762629128704]},"properties":{"id":"eoy-d04ac3b2eb59","name":"NEW YORK CITY BAGEL & COFFEE HOUSE","legalName":"NYCBCH 29-10 CORP","street":"29-10 BROADWAY","neighborhood":"ASTORIA","borough":"Queens","zip":"11106","type":"sidewalk","status":"Issued","licenseIssued":"2026-08-14","licenseExpires":"2030-08-14","nta":"QN0103","bbl":"4005867501","sid":["row-7ye8~7kh9.vpjt"]}},{"type":"Feature","id":"eoy-d056f5a46c5f","geometry":{"type":"Point","coordinates":[-73.980119648247,40.765414711283]},"properties":{"id":"eoy-d056f5a46c5f","name":"TRATTORIA DELL'ARTE","legalName":"CIELI PARTNERS, L.P.","street":"900 7 AVENUE","neighborhood":"NEW YORK","borough":"Manhattan","zip":"10106","type":"sidewalk","status":"Issued","licenseIssued":"2026-08-07","licenseExpires":"2030-08-07","nta":"MN0502","bbl":"1010280033","sid":["row-k88a_q38k-e67i"]}},{"type":"Feature","id":"eoy-d078f0499b3f","geometry":{"type":"Point","coordinates":[-73.956141280439,40.771855486372]},"properties":{"id":"eoy-d078f0499b3f","name":"PICK A BAGEL","legalName":"1475 SECOND AVENUE BAGEL, LLC","street":"1475 2 AVENUE","neighborhood":"NEW YORK","borough":"Manhattan","zip":"10075","type":"sidewalk","status":"Issued","licenseIssued":"2026-02-06","licenseExpires":"2030-02-06","nta":"MN0801","bbl":"1014310026","sid":["row-ef8y.8ujp.yzg8"]}},{"type":"Feature","id":"eoy-d088c6a85518","geometry":{"type":"Point","coordinates":[-73.857009087409,40.717661742205]},"properties":{"id":"eoy-d088c6a85518","name":"MANOR OKTOBERFEST","legalName":"MANOR OKTOBERFEST FOREST HILLS, INC","street":"73-11 YELLOWSTONE BOULEVARD","neighborhood":"FOREST HILLS","borough":"Queens","zip":"11375","type":"sidewalk","status":"Issued","licenseIssued":"2026-08-14","licenseExpires":"2030-08-14","nta":"QN0602","bbl":"4031840001","sid":["row-sekf~x32w~x8fd"]}},{"type":"Feature","id":"eoy-d0b3f6691b53","geometry":{"type":"Point","coordinates":[-73.867387020504,40.898580543333]},"properties":{"id":"eoy-d0b3f6691b53","name":"BEHAN'S PUBLIC HOUSE","legalName":"C & C 4299 KATONAH INC","street":"4299 KATONAH AVENUE","neighborhood":"BRONX","borough":"Bronx","zip":"10470","type":"sidewalk","status":"Issued","licenseIssued":"2026-04-24","licenseExpires":"2030-04-24","nta":"BX1203","bbl":"2033770059","sid":["row-5kpa~c7p5-8xpb"]}},{"type":"Feature","id":"eoy-d0eb894fd732","geometry":{"type":"Point","coordinates":[-73.977091354051,40.784852500266]},"properties":{"id":"eoy-d0eb894fd732","name":"THE DEAD POET","legalName":"GUMBULL LLC","street":"450 AMSTERDAM AVENUE","neighborhood":"NEW YORK","borough":"Manhattan","zip":"10024","type":"both","status":"Issued","licenseIssued":"2025-09-12","licenseExpires":"2029-09-12","nta":"MN0702","bbl":"1012290034","sid":["row-ks9q~t27z~upr2","row-xgte-52b3.59vg"]}},{"type":"Feature","id":"eoy-d0ff07c3aa25","geometry":{"type":"Point","coordinates":[-73.981314457464,40.663246396408]},"properties":{"id":"eoy-d0ff07c3aa25","name":"PROVINI","legalName":"JUICE PRODUCTIONS, INC.","street":"1302 8 AVENUE","neighborhood":"BROOKLYN","borough":"Brooklyn","zip":"11215","type":"roadway","status":"Issued","licenseIssued":"2025-08-08","licenseExpires":"2029-08-08","nta":"BK0602","bbl":"3011000038","sid":["row-6ky6~bi7a.7v6i"]}},{"type":"Feature","id":"eoy-d114c55f4283","geometry":{"type":"Point","coordinates":[-73.921123592286,40.644948768309]},"properties":{"id":"eoy-d114c55f4283","name":"FOOTPRINTS CAFE","legalName":"FOOTPRINTS CAFE INC","street":"5814 CLARENDON ROAD","neighborhood":"BROOKLYN","borough":"Brooklyn","zip":"11203","type":"sidewalk","status":"Issued","licenseIssued":"2026-08-21","licenseExpires":"2030-08-21","nta":"BK1703","bbl":"3079160047","sid":["row-xkqt.6hu7~22di"]}},{"type":"Feature","id":"eoy-d12571ecc317","geometry":{"type":"Point","coordinates":[-74.005910597295,40.73615164257]},"properties":{"id":"eoy-d12571ecc317","name":"HUDSON HOUND","legalName":"COBRA CATERERS, INC.","street":"575 HUDSON STREET","neighborhood":"NEW YORK","borough":"Manhattan","zip":"10014","type":"sidewalk","status":"Issued","licenseIssued":"2026-07-21","licenseExpires":"2030-07-21","nta":"MN0203","bbl":"1006340063","sid":["row-ac56.5auz~eidv"]}},{"type":"Feature","id":"eoy-d14aa0e00bf5","geometry":{"type":"Point","coordinates":[-73.991035129781,40.720887802221]},"properties":{"id":"eoy-d14aa0e00bf5","name":"JADIS","legalName":"NAMU RESTAURANT CORP.","street":"42 RIVINGTON STREET","neighborhood":"NEW YORK","borough":"Manhattan","zip":"10002","type":"roadway","status":"Issued","licenseIssued":"2026-05-08","licenseExpires":"2030-05-08","nta":"MN0302","bbl":"1004210078","sid":["row-rxmp_zv6h.rbja"]}},{"type":"Feature","id":"eoy-d154ad0baf77","geometry":{"type":"Point","coordinates":[-73.977651341293,40.784048398195]},"properties":{"id":"eoy-d154ad0baf77","name":"THE WOLFE","legalName":"THE WOLFE ON AMSTERDAM INC","street":"425 AMSTERDAM AVENUE","neighborhood":"NEW YORK","borough":"Manhattan","zip":"10024","type":"both","status":"Issued","licenseIssued":"2025-10-10","licenseExpires":"2029-10-10","nta":"MN0702","bbl":"1012110003","sid":["row-h9g6_78wv_pg75","row-qpa6_ahw2_qad6"]}},{"type":"Feature","id":"eoy-d16fed43d9ae","geometry":{"type":"Point","coordinates":[-73.951340215867,40.716727740645]},"properties":{"id":"eoy-d16fed43d9ae","name":"BAMONTE'S","legalName":"BAMONTES RESTAURANT CORP.","street":"32 WITHERS STREET","neighborhood":"BROOKLYN","borough":"Brooklyn","zip":"11211","type":"roadway","status":"Issued","licenseIssued":"2025-05-16","licenseExpires":"2029-05-16","nta":"BK0102","bbl":"3027410013","sid":["row-h7ws-xw26.5n3h"]}},{"type":"Feature","id":"eoy-d1d4a5f1251d","geometry":{"type":"Point","coordinates":[-73.987360249193,40.771130320103]},"properties":{"id":"eoy-d1d4a5f1251d","name":"EMMY SQUARED PIZZA","legalName":"ESQ 60TH LLC","street":"200 WEST 60 STREET","neighborhood":"NEW YORK","borough":"Manhattan","zip":"10023","type":"sidewalk","status":"Issued","licenseIssued":"2026-08-14","licenseExpires":"2030-08-14","nta":"MN0701","bbl":"1011517501","sid":["row-ycbw.3pyz~yf39"]}},{"type":"Feature","id":"eoy-d20652dbb37e","geometry":{"type":"Point","coordinates":[-73.992134140048,40.762358503663]},"properties":{"id":"eoy-d20652dbb37e","name":"FOODANCE RESTAURANT","legalName":"FOODANCE FESTIVAL LLC","street":"468 WEST 47 STREET","neighborhood":"NEW YORK","borough":"Manhattan","zip":"10036","type":"sidewalk","status":"Issued","licenseIssued":"2025-07-18","licenseExpires":"2029-07-18","nta":"MN0402","bbl":"1010560061","sid":["row-75hw_3vsy-5xzm"]}},{"type":"Feature","id":"eoy-d2129c08c9c3","geometry":{"type":"Point","coordinates":[-73.93154105582,40.697600300753]},"properties":{"id":"eoy-d2129c08c9c3","name":"BIRDY'S","legalName":"MYRTLE VILLAGE LLC","street":"1215 MYRTLE AVENUE","neighborhood":"BROOKLYN","borough":"Brooklyn","zip":"11221","type":"both","status":"Issued","licenseIssued":"2026-01-16","licenseExpires":"2030-01-16","nta":"BK0401","bbl":"3031830077","sid":["row-jp62.yiys_ccb3","row-rurq-5wim_kqry"]}},{"type":"Feature","id":"eoy-d21c55e4a8e0","geometry":{"type":"Point","coordinates":[-74.00607648149,40.73502353582]},"properties":{"id":"eoy-d21c55e4a8e0","name":"TOBY'S ESTATE COFFEE","legalName":"TEC HUDSON LLC","street":"550 HUDSON STREET","neighborhood":"NEW YORK","borough":"Manhattan","zip":"10014","type":"sidewalk","status":"Issued","licenseIssued":"2026-07-20","licenseExpires":"2030-07-20","nta":"MN0203","bbl":"1006210008","sid":["row-gtaf-yxj2-z9yy"]}},{"type":"Feature","id":"eoy-d23969e71ed5","geometry":{"type":"Point","coordinates":[-73.990324866634,40.71791790585]},"properties":{"id":"eoy-d23969e71ed5","name":"ARMADA","legalName":"CADILLAC RANCH NYC LLC","street":"86 ORCHARD STREET","neighborhood":"NEW YORK","borough":"Manhattan","zip":"10002","type":"sidewalk","status":"Issued","licenseIssued":"2026-05-29","licenseExpires":"2030-05-29","nta":"MN0302","bbl":"1004080009","sid":["row-234h_mich~jcfb"]}},{"type":"Feature","id":"eoy-d24b47ded8d5","geometry":{"type":"Point","coordinates":[-73.968330832582,40.679094630877]},"properties":{"id":"eoy-d24b47ded8d5","name":"GRAN CAFFE DE MARTINI","legalName":"GRAN CAFFE DE MARTINI LTD","street":"609 VANDERBILT AVENUE","neighborhood":"BROOKLYN","borough":"Brooklyn","zip":"11238","type":"roadway","status":"Issued","licenseIssued":"2026-06-19","licenseExpires":"2030-06-19","nta":"BK0801","bbl":"3011450009","sid":["row-hiy6-wqs9_cjfn"]}},{"type":"Feature","id":"eoy-d291231ba64f","geometry":{"type":"Point","coordinates":[-73.979783386973,40.743459318157]},"properties":{"id":"eoy-d291231ba64f","name":"NORMA","legalName":"SOTTOLIO INC","street":"438 3 AVENUE","neighborhood":"NEW YORK","borough":"Manhattan","zip":"10016","type":"both","status":"Issued","licenseIssued":"2026-07-20","licenseExpires":"2030-07-20","nta":"MN0603","bbl":"1008860046","sid":["row-c5cw~dyds_wpc3","row-fgym.nmgt_pdee"]}},{"type":"Feature","id":"eoy-d2ef531da30d","geometry":{"type":"Point","coordinates":[-73.972895018486,40.78551032674]},"properties":{"id":"eoy-d2ef531da30d","name":"MOTORINO","legalName":"MOTORINO 3 INC","street":"510 COLUMBUS AVENUE","neighborhood":"NEW YORK","borough":"Manhattan","zip":"10024","type":"roadway","status":"Issued","licenseIssued":"2026-01-02","licenseExpires":"2030-01-02","nta":"MN0702","bbl":"1012150033","sid":["row-57s8_pw2a.azqk"]}},{"type":"Feature","id":"eoy-d2fbf3da081b","geometry":{"type":"Point","coordinates":[-74.006358371758,40.739596297046]},"properties":{"id":"eoy-d2fbf3da081b","name":"SERAFINA","legalName":"SERAFINA MEATPACKING LLC","street":"7 9 AVENUE","neighborhood":"NEW YORK","borough":"Manhattan","zip":"10014","type":"sidewalk","status":"Issued","licenseIssued":"2026-08-14","licenseExpires":"2030-08-14","nta":"MN0203","bbl":"1006440054","sid":["row-6vaq.y96m.cwz4"]}},{"type":"Feature","id":"eoy-d3171cb03ca1","geometry":{"type":"Point","coordinates":[-73.945290632118,40.725516505749]},"properties":{"id":"eoy-d3171cb03ca1","name":"THE ESTERS","legalName":"ESTERS NYC LLC","street":"192 NASSAU AVENUE","neighborhood":"BROOKLYN","borough":"Brooklyn","zip":"11222","type":"sidewalk","status":"Issued","licenseIssued":"2026-05-08","licenseExpires":"2030-05-08","nta":"BK0101","bbl":"3026860001","sid":["row-apnp.mkee~5xi7"]}},{"type":"Feature","id":"eoy-d3214c1d0318","geometry":{"type":"Point","coordinates":[-73.981148053622,40.741584877594]},"properties":{"id":"eoy-d3214c1d0318","name":"FACTORY 380","legalName":"380 EAST VENTURES LLC","street":"380 3 AVENUE","neighborhood":"NEW YORK","borough":"Manhattan","zip":"10016","type":"both","status":"Issued","licenseIssued":"2026-04-03","licenseExpires":"2030-04-03","nta":"MN0602","bbl":"1008830046","sid":["row-cgar.pset~eyvy","row-i35r_efm4_b886"]}},{"type":"Feature","id":"eoy-d363a8bf3762","geometry":{"type":"Point","coordinates":[-73.974870813753,40.765078821657]},"properties":{"id":"eoy-d363a8bf3762","name":"SARABETH'S","legalName":"SBCPS, LLC","street":"40 CENTRAL PARK SOUTH","neighborhood":"NEW YORK","borough":"Manhattan","zip":"10019","type":"sidewalk","status":"Issued","licenseIssued":"2026-07-31","licenseExpires":"2030-07-31","nta":"MN0502","bbl":"1012740006","sid":["row-qfgi-hq8g.23sm"]}},{"type":"Feature","id":"eoy-d3786be780fb","geometry":{"type":"Point","coordinates":[-73.981016782804,40.721095183906]},"properties":{"id":"eoy-d3786be780fb","name":"COMMODORE II","legalName":"14 AVENUE C LLC","street":"14 AVENUE C","neighborhood":"NEW YORK","borough":"Manhattan","zip":"10009","type":"sidewalk","status":"Issued","licenseIssued":"2026-04-17","licenseExpires":"2030-04-17","nta":"MN0303","bbl":"1003720001","sid":["row-m6x3~efb8~nefd"]}},{"type":"Feature","id":"eoy-d3ae4a8c38a4","geometry":{"type":"Point","coordinates":[-73.91854203387,40.769641900094]},"properties":{"id":"eoy-d3ae4a8c38a4","name":"ELYSIAN CAFE","legalName":"ELYSIAN CAFE INC.","street":"25-31 31 STREET","neighborhood":"ASTORIA","borough":"Queens","zip":"11102","type":"sidewalk","status":"Issued","licenseIssued":"2026-05-01","licenseExpires":"2030-05-01","nta":"QN0103","bbl":"4006200028","sid":["row-q8te.cwvp.8ass"]}},{"type":"Feature","id":"eoy-d3afe1a7fc6c","geometry":{"type":"Point","coordinates":[-73.991734535477,40.724642695999]},"properties":{"id":"eoy-d3afe1a7fc6c","name":"BOWERY MEAT COMPANY","legalName":"9 EAST FIRST STREET LLC","street":"9 EAST 1 STREET","neighborhood":"NEW YORK","borough":"Manhattan","zip":"10003","type":"sidewalk","status":"Issued","licenseIssued":"2025-02-07","licenseExpires":"2029-02-07","nta":"MN0303","bbl":"1004560007","sid":["row-8fq9.p2mw.gf5h"]}},{"type":"Feature","id":"eoy-d3b07f71961b","geometry":{"type":"Point","coordinates":[-73.959299573149,40.814315191017]},"properties":{"id":"eoy-d3b07f71961b","name":"EL PORTON","legalName":"EL PORTON BAR & RESTAURANT CORP.","street":"3151 BROADWAY","neighborhood":"NEW YORK","borough":"Manhattan","zip":"10027","type":"both","status":"Issued","licenseIssued":"2026-05-01","licenseExpires":"2030-05-01","nta":"MN0901","bbl":"1019930082","sid":["row-3rmy.ecit_d3dr","row-ru36~v67d.kiyb"]}},{"type":"Feature","id":"eoy-d3ce936a9f5a","geometry":{"type":"Point","coordinates":[-73.903625481328,40.701862080053]},"properties":{"id":"eoy-d3ce936a9f5a","name":"ROLO'S","legalName":"ROLO'S LLC","street":"853 ONDERDONK AVENUE","neighborhood":"RIDGEWOOD","borough":"Queens","zip":"11385","type":"sidewalk","status":"Issued","licenseIssued":"2026-08-14","licenseExpires":"2030-08-14","nta":"QN0502","bbl":"4034730001","sid":["row-gs9d_7tdz.bac6"]}},{"type":"Feature","id":"eoy-d3fea1c86ff7","geometry":{"type":"Point","coordinates":[-73.998199829815,40.720185477997]},"properties":{"id":"eoy-d3fea1c86ff7","name":"MAMAN","legalName":"Sugar Beets Inc.","street":"239 CENTRE STREET","neighborhood":"NEW YORK","borough":"Manhattan","zip":"10013","type":"roadway","status":"Issued","licenseIssued":"2026-02-20","licenseExpires":"2030-02-20","nta":"MN0201","bbl":"1004720022","sid":["row-pk5p-qqwa.szbi"]}},{"type":"Feature","id":"eoy-d40fd0de1a16","geometry":{"type":"Point","coordinates":[-73.944514435686,40.583676913844]},"properties":{"id":"eoy-d40fd0de1a16","name":"EMMONS PALACE","legalName":"Dessert Palace Bose Inc.","street":"2267 EMMONS AVE","neighborhood":"BROOKLYN","borough":"Brooklyn","zip":"11235","type":"both","status":"Issued","licenseIssued":"2026-03-13","licenseExpires":"2030-03-13","nta":"BK1503","bbl":"3087830064","sid":["row-6k89_urui-8e82","row-ngta-brd4~ymgr"]}},{"type":"Feature","id":"eoy-d4143520227f","geometry":{"type":"Point","coordinates":[-73.973553172118,40.792229631304]},"properties":{"id":"eoy-d4143520227f","name":"VILLAGE SQUARE PIZZA - UPPER WEST SIDE","legalName":"THE VILLAGE SQUARE PIZZA 5 INC.","street":"2479 BROADWAY","neighborhood":"NEW YORK","borough":"Manhattan","zip":"10025","type":"sidewalk","status":"Issued","licenseIssued":"2026-08-07","licenseExpires":"2030-08-07","nta":"MN0702","bbl":"1012400010","sid":["row-fuwk_puem.y6s6"]}},{"type":"Feature","id":"eoy-d420e9b68d6f","geometry":{"type":"Point","coordinates":[-74.00421784005,40.729750925845]},"properties":{"id":"eoy-d420e9b68d6f","name":"CODINO","legalName":"62 CARMINE CORP","street":"62 CARMINE STREET","neighborhood":"NEW YORK","borough":"Manhattan","zip":"10014","type":"sidewalk","status":"Issued","licenseIssued":"2026-07-30","licenseExpires":"2030-07-30","nta":"MN0203","bbl":"1005280076","sid":["row-7p6e.kfkt~p6mi"]}},{"type":"Feature","id":"eoy-d44ae5b443fb","geometry":{"type":"Point","coordinates":[-73.998174015506,40.740598297273]},"properties":{"id":"eoy-d44ae5b443fb","name":"CAFETERIA","legalName":"119 7TH AVENUE CAFETERIA, LLC","street":"119 7 AVENUE","neighborhood":"NEW YORK","borough":"Manhattan","zip":"10011","type":"sidewalk","status":"Issued","licenseIssued":"2026-05-08","licenseExpires":"2030-05-08","nta":"MN0401","bbl":"1007930001","sid":["row-brqn~72wk~jfc2"]}},{"type":"Feature","id":"eoy-d483b681491b","geometry":{"type":"Point","coordinates":[-73.97690032141,40.649044103178]},"properties":{"id":"eoy-d483b681491b","name":"HAMILTON'S","legalName":"LULA ENTERPRISES LLC","street":"2826 FORT HAMILTON PARKWAY","neighborhood":"BROOKLYN","borough":"Brooklyn","zip":"11218","type":"both","status":"Issued","licenseIssued":"2026-07-31","licenseExpires":"2030-07-31","nta":"BK0701","bbl":"3053180001","sid":["row-9mmh~rpgd.qg2u","row-fkhf_6zrt~qzje"]}},{"type":"Feature","id":"eoy-d4beef11ef14","geometry":{"type":"Point","coordinates":[-73.968328188871,40.767824704469]},"properties":{"id":"eoy-d4beef11ef14","name":"BAR ITALIA","legalName":"768 MAD RESTAURANT LLC","street":"768 MADISON AVENUE","neighborhood":"NEW YORK","borough":"Manhattan","zip":"10065","type":"both","status":"Issued","licenseIssued":"2026-08-07","licenseExpires":"2030-08-07","nta":"MN0802","bbl":"1013800058","sid":["row-jkt3_hgbq~eimc","row-xh4z-9u8y.3yxe"]}},{"type":"Feature","id":"eoy-d4ceafbe3904","geometry":{"type":"Point","coordinates":[-73.922782538592,40.755451682811]},"properties":{"id":"eoy-d4ceafbe3904","name":"APPLEBEE'S","legalName":"DOHERTY APPLE WC LLC","street":"38-01 35 AVENUE","neighborhood":"LONG ISLAND CITY","borough":"Queens","zip":"11101","type":"sidewalk","status":"Issued","licenseIssued":"2026-05-29","licenseExpires":"2030-05-29","nta":"QN0104","bbl":"4006720001","sid":["row-mc4k-379v.nmku"]}},{"type":"Feature","id":"eoy-d50bd1306a3f","geometry":{"type":"Point","coordinates":[-73.954940531502,40.61017967146]},"properties":{"id":"eoy-d50bd1306a3f","name":"MEMO SHISH KEBAB","legalName":"MEMO TRADING, INC","street":"1821 KINGS HIGHWAY","neighborhood":"BROOKLYN","borough":"Brooklyn","zip":"11229","type":"sidewalk","status":"Issued","licenseIssued":"2026-07-24","licenseExpires":"2030-07-24","nta":"BK1502","bbl":"3067810012","sid":["row-a4ru.zigs-d95p"]}},{"type":"Feature","id":"eoy-d5179cb92ce9","geometry":{"type":"Point","coordinates":[-73.998293403658,40.728845218057]},"properties":{"id":"eoy-d5179cb92ce9","name":"JOE COFFEE COMPANY","legalName":"JAGR LAGUARDIA LLC","street":"550 LAGUARDIA PLACE","neighborhood":"NEW YORK","borough":"Manhattan","zip":"10012","type":"sidewalk","status":"Issued","licenseIssued":"2026-07-24","licenseExpires":"2030-07-24","nta":"MN0202","bbl":"1005370020","sid":["row-xs4r_jrwc~id5z"]}},{"type":"Feature","id":"eoy-d5754b4743b2","geometry":{"type":"Point","coordinates":[-73.998637236731,40.676694574382]},"properties":{"id":"eoy-d5754b4743b2","name":"LE PETIT CAFE","legalName":"LE PETIT CAFE INC","street":"502 COURT STREET","neighborhood":"BROOKLYN","borough":"Brooklyn","zip":"11231","type":"sidewalk","status":"Issued","licenseIssued":"2026-05-01","licenseExpires":"2030-05-01","nta":"BK0601","bbl":"3003770035","sid":["row-z55h~m3pu-5cvm"]}},{"type":"Feature","id":"eoy-d5bc4d25e132","geometry":{"type":"Point","coordinates":[-73.92116862929,40.707238767764]},"properties":{"id":"eoy-d5bc4d25e132","name":"PEARL'S SOCIAL & BILLY CLUB","legalName":"THE GLORIOUS DEEP LLC","street":"40 ST NICHOLAS AVENUE","neighborhood":"BROOKLYN","borough":"Brooklyn","zip":"11237","type":"sidewalk","status":"Issued","licenseIssued":"2026-06-12","licenseExpires":"2030-06-12","nta":"BK0401","bbl":"3031890027","sid":["row-zd3s.csbc~ea6r"]}},{"type":"Feature","id":"eoy-d5d34094b584","geometry":{"type":"Point","coordinates":[-73.953983498093,40.780511598308]},"properties":{"id":"eoy-d5d34094b584","name":"BAR VIVANT","legalName":"FORK & CORK LLC","street":"164 EAST 88 STREET","neighborhood":"NEW YORK","borough":"Manhattan","zip":"10128","type":"roadway","status":"Issued","licenseIssued":"2026-01-02","licenseExpires":"2030-01-02","nta":"MN0802","bbl":"1015160046","sid":["row-4m5f~a5g5~mgfz"]}},{"type":"Feature","id":"eoy-d5dfe308bc01","geometry":{"type":"Point","coordinates":[-74.001969955693,40.727950420196]},"properties":{"id":"eoy-d5dfe308bc01","name":"BAR VELOCE","legalName":"WEST HOUSTON MACDOUGAL LLC","street":"146 WEST HOUSTON STREET","neighborhood":"NEW YORK","borough":"Manhattan","zip":"10012","type":"sidewalk","status":"Issued","licenseIssued":"2026-05-22","licenseExpires":"2030-05-22","nta":"MN0202","bbl":"1005260084","sid":["row-sj5v.y8j7_xqx7"]}},{"type":"Feature","id":"eoy-d5e9eac0a75f","geometry":{"type":"Point","coordinates":[-73.997153588714,40.721351982949]},"properties":{"id":"eoy-d5e9eac0a75f","name":"SWEETGREEN","legalName":"SWEETGREEN NEW YORK, LLC","street":"100 KENMARE STREET","neighborhood":"NEW YORK","borough":"Manhattan","zip":"10012","type":"sidewalk","status":"Issued","licenseIssued":"2026-07-31","licenseExpires":"2030-07-31","nta":"MN0201","bbl":"1004810001","sid":["row-fjtr_rzcs.3wf9"]}},{"type":"Feature","id":"eoy-d5efba16464f","geometry":{"type":"Point","coordinates":[-73.958637873443,40.682061389958]},"properties":{"id":"eoy-d5efba16464f","name":"THE FLY","legalName":"ISABELLA LIMON LLC","street":"549 CLASSON AVENUE","neighborhood":"BROOKLYN","borough":"Brooklyn","zip":"11238","type":"sidewalk","status":"Issued","licenseIssued":"2026-07-20","licenseExpires":"2030-07-20","nta":"BK0301","bbl":"3019940058","sid":["row-t678.85au.rk94"]}},{"type":"Feature","id":"eoy-d6464b3b96f1","geometry":{"type":"Point","coordinates":[-73.915814907323,40.776427715122]},"properties":{"id":"eoy-d6464b3b96f1","name":"GREGORY'S 26 CORNER TAVERNA","legalName":"26 CORNER TAVERNA CORP.","street":"26-02 23 AVENUE","neighborhood":"ASTORIA","borough":"Queens","zip":"11105","type":"sidewalk","status":"Issued","licenseIssued":"2026-06-25","licenseExpires":"2030-06-25","nta":"QN0101","bbl":"4008540034","sid":["row-tfiv_sk7r-an34"]}},{"type":"Feature","id":"eoy-d65bd846b5ba","geometry":{"type":"Point","coordinates":[-73.990411946822,40.714443036403]},"properties":{"id":"eoy-d65bd846b5ba","name":"LITTLE CANAL","legalName":"COFFEEMEN'S, LLC","street":"26 CANAL STREET","neighborhood":"NEW YORK","borough":"Manhattan","zip":"10002","type":"sidewalk","status":"Issued","licenseIssued":"2026-09-04","licenseExpires":"2030-09-04","nta":"MN0301","bbl":"1002830073","sid":["row-z6qk~acmh-qrdi"]}},{"type":"Feature","id":"eoy-d69293112ac2","geometry":{"type":"Point","coordinates":[-73.959424444186,40.722440003121]},"properties":{"id":"eoy-d69293112ac2","name":"THE KENT ALE HOUSE","legalName":"51 KENT CAFE INC","street":"51 KENT AVENUE","neighborhood":"BROOKLYN","borough":"Brooklyn","zip":"11249","type":"both","status":"Issued","licenseIssued":"2025-07-18","licenseExpires":"2029-07-18","nta":"BK0102","bbl":"3022950107","sid":["row-3wq8_v8jb~p48h","row-unbi-veau.8sq7"]}},{"type":"Feature","id":"eoy-d6942c9a6a9c","geometry":{"type":"Point","coordinates":[-73.827203370496,40.831772520802]},"properties":{"id":"eoy-d6942c9a6a9c","name":"LENA TRATTORIA","legalName":"LENA TRATTORIA LLC","street":"3470 EAST TREMONT AVENUE","neighborhood":"BRONX","borough":"Bronx","zip":"10465","type":"both","status":"Issued","licenseIssued":"2026-08-07","licenseExpires":"2030-08-07","nta":"BX1002","bbl":"2055310028","sid":["row-bkxw_u85n_d8gd","row-w5wn.3kxs_kv2c"]}},{"type":"Feature","id":"eoy-d6e047bbf995","geometry":{"type":"Point","coordinates":[-73.997562807106,40.6789260592]},"properties":{"id":"eoy-d6e047bbf995","name":"ABILENE","legalName":"LEAHLALA, LLC.","street":"442 COURT STREET","neighborhood":"BROOKLYN","borough":"Brooklyn","zip":"11231","type":"both","status":"Issued","licenseIssued":"2025-05-02","licenseExpires":"2029-05-02","nta":"BK0601","bbl":"3003660030","sid":["row-hw6u.md6i~mpqt","row-itwt~dy7f_duep"]}},{"type":"Feature","id":"eoy-d6eb948a98e8","geometry":{"type":"Point","coordinates":[-73.963933805008,40.716235589464]},"properties":{"id":"eoy-d6eb948a98e8","name":"GELATERIA GENTILE","legalName":"LATTE LLC","street":"253 WYTHE AVENUE","neighborhood":"BROOKLYN","borough":"Brooklyn","zip":"11249","type":"both","status":"Issued","licenseIssued":"2026-06-12","licenseExpires":"2030-06-12","nta":"BK0102","bbl":"3023790007","sid":["row-hxeh-4rcd_6v3t","row-irkv.gpax.q3ka"]}},{"type":"Feature","id":"eoy-d70652970dcb","geometry":{"type":"Point","coordinates":[-73.989547990997,40.726034114177]},"properties":{"id":"eoy-d70652970dcb","name":"BAR VERDE","legalName":"A & D WINE CORP.","street":"65 2 AVENUE","neighborhood":"NEW YORK","borough":"Manhattan","zip":"10003","type":"sidewalk","status":"Issued","licenseIssued":"2026-06-19","licenseExpires":"2030-06-19","nta":"MN0303","bbl":"1004590029","sid":["row-cvqt~hmjs_r7j8"]}},{"type":"Feature","id":"eoy-d728eaeaa0c9","geometry":{"type":"Point","coordinates":[-73.95860763538,40.719016985907]},"properties":{"id":"eoy-d728eaeaa0c9","name":"OREGANO","legalName":"OREGANO LLC","street":"102 BERRY STREET","neighborhood":"BROOKLYN","borough":"Brooklyn","zip":"11249","type":"roadway","status":"Issued","licenseIssued":"2025-11-21","licenseExpires":"2029-11-21","nta":"BK0102","bbl":"3023180017","sid":["row-wc7c-uqf5.zcr7"]}},{"type":"Feature","id":"eoy-d72c35ed47c2","geometry":{"type":"Point","coordinates":[-73.987208466393,40.753179586046]},"properties":{"id":"eoy-d72c35ed47c2","name":"LE PAIN QUOTIDIEN","legalName":"MPQ 1400 BROADWAY, LLC","street":"1400 BROADWAY","neighborhood":"NEW YORK","borough":"Manhattan","zip":"10018","type":"sidewalk","status":"Issued","licenseIssued":"2026-08-21","licenseExpires":"2030-08-21","nta":"MN0502","bbl":"1008140019","sid":["row-3fq6_ikpw_85v6"]}},{"type":"Feature","id":"eoy-d7579cfc9ce7","geometry":{"type":"Point","coordinates":[-73.957716365406,40.730690154184]},"properties":{"id":"eoy-d7579cfc9ce7","name":"ELDER GREENE","legalName":"CARRIE'S HOSPITALITY LLC","street":"160 FRANKLIN STREET","neighborhood":"BROOKLYN","borough":"Brooklyn","zip":"11222","type":"both","status":"Issued","licenseIssued":"2024-10-31","licenseExpires":"2028-10-31","nta":"BK0101","bbl":"3025500001","sid":["row-2hzh~n9rr_phqz","row-967u~snwm~acuh"]}},{"type":"Feature","id":"eoy-d767479aa1c5","geometry":{"type":"Point","coordinates":[-73.962458410491,40.716221392142]},"properties":{"id":"eoy-d767479aa1c5","name":"NITEHAWK CINEMA/ LO-RES BAR","legalName":"NITEHAWK BROOKLYN LLC","street":"136 METROPOLITAN AVENUE","neighborhood":"BROOKLYN","borough":"Brooklyn","zip":"11249","type":"sidewalk","status":"Issued","licenseIssued":"2026-02-06","licenseExpires":"2030-02-06","nta":"BK0102","bbl":"3023647501","sid":["row-csqc~c549.8yme"]}},{"type":"Feature","id":"eoy-d7bafab4f96c","geometry":{"type":"Point","coordinates":[-73.962619269061,40.712428173941]},"properties":{"id":"eoy-d7bafab4f96c","name":"SIMPLE CAFE","legalName":"SNBP, INC.","street":"346 BEDFORD AVENUE","neighborhood":"BROOKLYN","borough":"Brooklyn","zip":"11249","type":"sidewalk","status":"Issued","licenseIssued":"2025-04-04","licenseExpires":"2029-04-04","nta":"BK0102","bbl":"3024300019","sid":["row-3nmc.fwwz_9gtk"]}},{"type":"Feature","id":"eoy-d7d1aee480ea","geometry":{"type":"Point","coordinates":[-73.993934565065,40.732599909273]},"properties":{"id":"eoy-d7d1aee480ea","name":"MADMAN ESPRESSO","legalName":"BAFFIONE LLC","street":"54 UNIVERSITY PLACE","neighborhood":"NEW YORK","borough":"Manhattan","zip":"10003","type":"roadway","status":"Issued","licenseIssued":"2026-04-24","licenseExpires":"2030-04-24","nta":"MN0202","bbl":"1005670019","sid":["row-v5nq-gag3~upge"]}},{"type":"Feature","id":"eoy-d7d7ffde5bce","geometry":{"type":"Point","coordinates":[-74.00315323801,40.725123284613]},"properties":{"id":"eoy-d7d7ffde5bce","name":"PICCOLA CUCINA OSTERIA","legalName":"VITTORIA 196 LLC","street":"196 SPRING STREET","neighborhood":"NEW YORK","borough":"Manhattan","zip":"10012","type":"roadway","status":"Issued","licenseIssued":"2026-05-01","licenseExpires":"2030-05-01","nta":"MN0201","bbl":"1004890018","sid":["row-u2q6-rwcw_7ay8"]}},{"type":"Feature","id":"eoy-d7f12319a16b","geometry":{"type":"Point","coordinates":[-74.002913333421,40.602162746101]},"properties":{"id":"eoy-d7f12319a16b","name":"LA CHACRA","legalName":"LA CHACRA RESTAURANT INC","street":"1928 BATH AVENUE","neighborhood":"BROOKLYN","borough":"Brooklyn","zip":"11214","type":"sidewalk","status":"Issued","licenseIssued":"2026-05-29","licenseExpires":"2030-05-29","nta":"BK1102","bbl":"3064400028","sid":["row-36u3_7spi~9na8"]}},{"type":"Feature","id":"eoy-d8187302e47f","geometry":{"type":"Point","coordinates":[-73.959094773167,40.712956711403]},"properties":{"id":"eoy-d8187302e47f","name":"TABARE","legalName":"TERERE CORPORATION","street":"221 SOUTH 1 STREET","neighborhood":"BROOKLYN","borough":"Brooklyn","zip":"11211","type":"roadway","status":"Issued","licenseIssued":"2025-08-15","licenseExpires":"2029-08-15","nta":"BK0102","bbl":"3023940028","sid":["row-5ngs-9p8s.kcrg"]}},{"type":"Feature","id":"eoy-d821480027b2","geometry":{"type":"Point","coordinates":[-73.951197454634,40.724456946287]},"properties":{"id":"eoy-d821480027b2","name":"El BORN","legalName":"Manich Brothers LLC","street":"651 MANHATTAN AVENUE","neighborhood":"BROOKLYN","borough":"Brooklyn","zip":"11222","type":"sidewalk","status":"Issued","licenseIssued":"2025-01-03","licenseExpires":"2029-01-03","nta":"BK0101","bbl":"3026450025","sid":["row-vkj5.kiij~7fyd"]}},{"type":"Feature","id":"eoy-d838d8e81dfa","geometry":{"type":"Point","coordinates":[-73.978263293554,40.778896614003]},"properties":{"id":"eoy-d838d8e81dfa","name":"LEYLA","legalName":"B&H RESTAURANT LLC","street":"108 WEST 74 STREET","neighborhood":"NEW YORK","borough":"Manhattan","zip":"10023","type":"both","status":"Issued","licenseIssued":"2025-08-15","licenseExpires":"2029-08-15","nta":"MN0701","bbl":"1011450037","sid":["row-3tiq.wrtd_t38i","row-mg4n_srnr-sjuf"]}},{"type":"Feature","id":"eoy-d84a0a635236","geometry":{"type":"Point","coordinates":[-73.983276421025,40.730345398397]},"properties":{"id":"eoy-d84a0a635236","name":"BALADE","legalName":"GREAT CATERERS LLC","street":"208 1 AVENUE","neighborhood":"NEW YORK","borough":"Manhattan","zip":"10009","type":"roadway","status":"Issued","licenseIssued":"2026-07-31","licenseExpires":"2030-07-31","nta":"MN0303","bbl":"1004400006","sid":["row-6vs4~pqzu~tqfn"]}},{"type":"Feature","id":"eoy-d84ad2f0506b","geometry":{"type":"Point","coordinates":[-73.951152680758,40.800017375214]},"properties":{"id":"eoy-d84ad2f0506b","name":"LOS 3 CHARROS","legalName":"THE THREE LENOX FRIENDS, CORP.","street":"57 LENOX AVENUE","neighborhood":"NEW YORK","borough":"Manhattan","zip":"10026","type":"sidewalk","status":"Issued","licenseIssued":"2026-05-15","licenseExpires":"2030-05-15","nta":"MN1001","bbl":"1018220036","sid":["row-7qm3-a8xa_v3ku"]}},{"type":"Feature","id":"eoy-d8800fe475e5","geometry":{"type":"Point","coordinates":[-73.980768987859,40.742103574857]},"properties":{"id":"eoy-d8800fe475e5","name":"BLUE MOUNTAIN","legalName":"BLUE MOUNTAIN 888 INC.","street":"396 3 AVENUE","neighborhood":"NEW YORK","borough":"Manhattan","zip":"10016","type":"roadway","status":"Issued","licenseIssued":"2026-04-17","licenseExpires":"2030-04-17","nta":"MN0603","bbl":"1008840040","sid":["row-ftwm~d4mv~stu4"]}},{"type":"Feature","id":"eoy-d8b63ace39b1","geometry":{"type":"Point","coordinates":[-73.991623933188,40.714819164639]},"properties":{"id":"eoy-d8b63ace39b1","name":"DIMES","legalName":"DIMES BIG TIME LLC","street":"49 CANAL STREET","neighborhood":"NEW YORK","borough":"Manhattan","zip":"10002","type":"roadway","status":"Issued","licenseIssued":"2025-08-15","licenseExpires":"2029-08-15","nta":"MN0301","bbl":"1002980037","sid":["row-6xu6-q2n6_95nu"]}},{"type":"Feature","id":"eoy-d92968eaacca","geometry":{"type":"Point","coordinates":[-73.964724410661,40.755848273103]},"properties":{"id":"eoy-d92968eaacca","name":"MADISON RESTAURANT","legalName":"965 FIRST REST, CORP.","street":"965 1 AVENUE","neighborhood":"NEW YORK","borough":"Manhattan","zip":"10022","type":"sidewalk","status":"Issued","licenseIssued":"2026-05-29","licenseExpires":"2030-05-29","nta":"MN0604","bbl":"1013460023","sid":["row-bzmn-nryn_fbpk"]}},{"type":"Feature","id":"eoy-d92b7bfaa3d5","geometry":{"type":"Point","coordinates":[-73.987582391545,40.703049225092]},"properties":{"id":"eoy-d92b7bfaa3d5","name":"LOVE & DOUGH","legalName":"WATER ST TAVERN CORP","street":"57 PEARL STREET","neighborhood":"BROOKLYN","borough":"Brooklyn","zip":"11201","type":"both","status":"Issued","licenseIssued":"2026-07-31","licenseExpires":"2030-07-31","nta":"BK0202","bbl":"3000400001","sid":["row-g7nj.32tc.rcdr","row-n6u7_g6s3-zg4i"]}},{"type":"Feature","id":"eoy-d94840126b91","geometry":{"type":"Point","coordinates":[-73.944921874537,40.717732167889]},"properties":{"id":"eoy-d94840126b91","name":"DIANE'S","legalName":"COCO RIVER LLC","street":"425 GRAHAM AVENUE","neighborhood":"BROOKLYN","borough":"Brooklyn","zip":"11211","type":"sidewalk","status":"Issued","licenseIssued":"2026-03-27","licenseExpires":"2030-03-27","nta":"BK0104","bbl":"3027390024","sid":["row-5dkv_gqhg~8yti"]}},{"type":"Feature","id":"eoy-d9673e9aaadd","geometry":{"type":"Point","coordinates":[-73.984072651492,40.659996995287]},"properties":{"id":"eoy-d9673e9aaadd","name":"GIOVANNI'S BROOKLYN EATS","legalName":"4LOVES INC.","street":"1666 8 AVENUE","neighborhood":"BROOKLYN","borough":"Brooklyn","zip":"11215","type":"sidewalk","status":"Issued","licenseIssued":"2026-07-03","licenseExpires":"2030-07-03","nta":"BK0701","bbl":"3008690040","sid":["row-ssvi.vh6j_2m7k"]}},{"type":"Feature","id":"eoy-d97922760183","geometry":{"type":"Point","coordinates":[-73.957321017451,40.728285592878]},"properties":{"id":"eoy-d97922760183","name":"LE GAMIN","legalName":"POINT GREEN CAFE, INC","street":"108 FRANKLIN STREET","neighborhood":"BROOKLYN","borough":"Brooklyn","zip":"11222","type":"both","status":"Issued","licenseIssued":"2025-12-12","licenseExpires":"2029-12-12","nta":"BK0101","bbl":"3025690008","sid":["row-qwic~evjy~apsm","row-r93i-syr9-n4b3"]}},{"type":"Feature","id":"eoy-d97bfa5a6288","geometry":{"type":"Point","coordinates":[-74.00133858565,40.729240469193]},"properties":{"id":"eoy-d97bfa5a6288","name":"FIGO IL GELATO ITALIANO","legalName":"ANISSA LOVE LLC","street":"189 BLEECKER STREET","neighborhood":"NEW YORK","borough":"Manhattan","zip":"10012","type":"sidewalk","status":"Issued","licenseIssued":"2026-07-21","licenseExpires":"2030-07-21","nta":"MN0202","bbl":"1005427502","sid":["row-a336-u4x9-j7bc"]}},{"type":"Feature","id":"eoy-d98263287b3e","geometry":{"type":"Point","coordinates":[-73.963735618871,40.775278102188]},"properties":{"id":"eoy-d98263287b3e","name":"THE MARK RESTAURANT","legalName":"MARK 2 RESTAURANT LLC.","street":"25 EAST 77 STREET","neighborhood":"NEW YORK","borough":"Manhattan","zip":"10075","type":"sidewalk","status":"Issued","licenseIssued":"2026-08-28","licenseExpires":"2030-08-28","nta":"MN0802","bbl":"1013920017","sid":["row-ksmy_rj38~dhjs"]}},{"type":"Feature","id":"eoy-d9908663457e","geometry":{"type":"Point","coordinates":[-73.985254277778,40.74382520514]},"properties":{"id":"eoy-d9908663457e","name":"TIPSY NOMAD","legalName":"37 EAST REST CORP","street":"37 EAST 28 STREET","neighborhood":"NEW YORK","borough":"Manhattan","zip":"10016","type":"roadway","status":"Issued","licenseIssued":"2026-07-24","licenseExpires":"2030-07-24","nta":"MN0501","bbl":"1008580030","sid":["row-hfuy.7gjr-u2ms"]}},{"type":"Feature","id":"eoy-d9d1bcf84046","geometry":{"type":"Point","coordinates":[-74.028561236967,40.628451517147]},"properties":{"id":"eoy-d9d1bcf84046","name":"BROOKLYN BREW CAFE","legalName":"BEANSWAY, INC.","street":"310 79TH ST","neighborhood":"BROOKLYN","borough":"Brooklyn","zip":"11209","type":"roadway","status":"Issued","licenseIssued":"2026-04-10","licenseExpires":"2030-04-10","nta":"BK1001","bbl":null,"sid":["row-aji9-biai~zc5x"]}},{"type":"Feature","id":"eoy-d9d71a058f06","geometry":{"type":"Point","coordinates":[-73.951954432403,40.725365783731]},"properties":{"id":"eoy-d9d71a058f06","name":"BAGEL POINT","legalName":"BAGELOGY INC","street":"87 NORMAN AVENUE","neighborhood":"BROOKLYN","borough":"Brooklyn","zip":"11222","type":"roadway","status":"Issued","licenseIssued":"2026-09-02","licenseExpires":"2030-09-02","nta":"BK0101","bbl":"3026190028","sid":["row-am4u-hjae-pq6q"]}},{"type":"Feature","id":"eoy-da05b3bd7721","geometry":{"type":"Point","coordinates":[-73.933600936746,40.704147793959]},"properties":{"id":"eoy-da05b3bd7721","name":"BUSHNIWA","legalName":"KNR PARTNERS LLC","street":"250 VARET STREET","neighborhood":"BROOKLYN","borough":"Brooklyn","zip":"11206","type":"sidewalk","status":"Issued","licenseIssued":"2024-11-12","licenseExpires":"2028-11-12","nta":"BK0104","bbl":"3031180014","sid":["row-ius2~kfrn~drrz"]}},{"type":"Feature","id":"eoy-da20375951e5","geometry":{"type":"Point","coordinates":[-73.98960097724,40.687195619751]},"properties":{"id":"eoy-da20375951e5","name":"BLUE BOTTLE COFFEE","legalName":"BLUE BOTTLE COFFEE, LLC","street":"85 DEAN STREET","neighborhood":"BROOKLYN","borough":"Brooklyn","zip":"11201","type":"sidewalk","status":"Issued","licenseIssued":"2026-03-20","licenseExpires":"2030-03-20","nta":"BK0202","bbl":"3001880001","sid":["row-62re_45pc.ce87"]}},{"type":"Feature","id":"eoy-da29d20563db","geometry":{"type":"Point","coordinates":[-73.989123049646,40.743246492273]},"properties":{"id":"eoy-da29d20563db","name":"MAMA MEZZE","legalName":"LPNI LLC","street":"1123 BROADWAY","neighborhood":"NEW YORK","borough":"Manhattan","zip":"10010","type":"sidewalk","status":"Issued","licenseIssued":"2025-04-11","licenseExpires":"2029-04-11","nta":"MN0501","bbl":"1008270028","sid":["row-bseh-uy43~iequ"]}},{"type":"Feature","id":"eoy-da5012b2a9ae","geometry":{"type":"Point","coordinates":[-73.950792738413,40.584171102484]},"properties":{"id":"eoy-da5012b2a9ae","name":"TAP BEER","legalName":"BEERBERRY CORP","street":"1781 SHEEPSHEAD BAY ROAD","neighborhood":"BROOKLYN","borough":"Brooklyn","zip":"11235","type":"roadway","status":"Issued","licenseIssued":"2026-02-13","licenseExpires":"2030-02-13","nta":"BK1503","bbl":"3087737501","sid":["row-b7ex.n797-ja3f"]}},{"type":"Feature","id":"eoy-da63b7561e9e","geometry":{"type":"Point","coordinates":[-73.988840014972,40.730988349684]},"properties":{"id":"eoy-da63b7561e9e","name":"DOLAR SHOP","legalName":"DOLAR SHOP 55 3RD AVE LLC","street":"55 3 AVENUE","neighborhood":"NEW YORK","borough":"Manhattan","zip":"10003","type":"roadway","status":"Issued","licenseIssued":"2026-09-18","licenseExpires":"2030-09-18","nta":"MN0303","bbl":"1004667502","sid":["row-ipte~8wrd-j2mn"]}},{"type":"Feature","id":"eoy-da733c57ec15","geometry":{"type":"Point","coordinates":[-73.950475789991,40.821324544808]},"properties":{"id":"eoy-da733c57ec15","name":"FUMO","legalName":"1600 AMSTERDAM HARLEM GROUP LLC","street":"1600 AMSTERDAM AVENUE","neighborhood":"NEW YORK","borough":"Manhattan","zip":"10031","type":"both","status":"Issued","licenseIssued":"2025-08-22","licenseExpires":"2029-08-22","nta":"MN0903","bbl":"1020700036","sid":["row-87yj.g53y-azg2","row-kuuc~pzdp_myfv"]}},{"type":"Feature","id":"eoy-da7b9409f165","geometry":{"type":"Point","coordinates":[-73.996590688538,40.723525823099]},"properties":{"id":"eoy-da7b9409f165","name":"SANT AMBROEUS","legalName":"265 LAFAYETTE RISTORANTE LLC","street":"265 LAFAYETTE STREET","neighborhood":"NEW YORK","borough":"Manhattan","zip":"10012","type":"sidewalk","status":"Issued","licenseIssued":"2026-05-15","licenseExpires":"2030-05-15","nta":"MN0201","bbl":"1004950011","sid":["row-4nnh.7vv4.br2h"]}},{"type":"Feature","id":"eoy-da895e872646","geometry":{"type":"Point","coordinates":[-73.963584234172,40.761653082303]},"properties":{"id":"eoy-da895e872646","name":"FESTIVAL","legalName":"SECRET SUMMER HOSPITALITY GROUP LLC","street":"1155 2 AVENUE","neighborhood":"NEW YORK","borough":"Manhattan","zip":"10065","type":"sidewalk","status":"Issued","licenseIssued":"2025-04-11","licenseExpires":"2029-04-11","nta":"MN0801","bbl":"1014150021","sid":["row-4gz8-eenj.qra4"]}},{"type":"Feature","id":"eoy-da89a4158b70","geometry":{"type":"Point","coordinates":[-74.003009342992,40.734342955714]},"properties":{"id":"eoy-da89a4158b70","name":"FAIRFAX","legalName":"GEORGE MARCEL, LLC","street":"234 WEST 4 STREET","neighborhood":"NEW YORK","borough":"Manhattan","zip":"10014","type":"both","status":"Issued","licenseIssued":"2026-04-10","licenseExpires":"2030-04-10","nta":"MN0203","bbl":"1006200071","sid":["row-bep8.htz4~ymvn","row-n2ik-i6va-w898"]}},{"type":"Feature","id":"eoy-da9877f52da3","geometry":{"type":"Point","coordinates":[-73.907163852108,40.887377158208]},"properties":{"id":"eoy-da9877f52da3","name":"YO-BURGER","legalName":"YO-BURGER, INC.","street":"3726 RIVERDALE AVENUE","neighborhood":"BRONX","borough":"Bronx","zip":"10463","type":"sidewalk","status":"Issued","licenseIssued":"2026-05-01","licenseExpires":"2030-05-01","nta":"BX0803","bbl":"2057720008","sid":["row-7vzm-ufq2_dxu4"]}},{"type":"Feature","id":"eoy-daab83cbc8b3","geometry":{"type":"Point","coordinates":[-73.867336692173,40.898424036247]},"properties":{"id":"eoy-daab83cbc8b3","name":"RAMBLING HOUSE","legalName":"RAMBLING HOUSE INC.","street":"4292 KATONAH AVENUE","neighborhood":"BRONX","borough":"Bronx","zip":"10470","type":"sidewalk","status":"Issued","licenseIssued":"2026-04-17","licenseExpires":"2030-04-17","nta":"BX1203","bbl":"2033850001","sid":["row-t96b.5pcj.kjwe"]}},{"type":"Feature","id":"eoy-dadc5e4f6f5c","geometry":{"type":"Point","coordinates":[-73.91514923942,40.766164578612]},"properties":{"id":"eoy-dadc5e4f6f5c","name":"ASAP! PIZZA SPOT","legalName":"PIZZA HOTI LTD","street":"37-05 28 AVENUE","neighborhood":"ASTORIA","borough":"Queens","zip":"11103","type":"both","status":"Issued","licenseIssued":"2026-04-03","licenseExpires":"2030-04-03","nta":"QN0103","bbl":"4006530101","sid":["row-cquz.kfcu.7a6c","row-fjfi~fw44-pumu"]}},{"type":"Feature","id":"eoy-db1ce4384230","geometry":{"type":"Point","coordinates":[-73.963412146362,40.641676341765]},"properties":{"id":"eoy-db1ce4384230","name":"CAFE MADELINE","legalName":"BOTTEGA COFBER INC","street":"1603 CORTELYOU ROAD","neighborhood":"BROOKLYN","borough":"Brooklyn","zip":"11226","type":"sidewalk","status":"Issued","licenseIssued":"2026-07-21","licenseExpires":"2030-07-21","nta":"BK1401","bbl":"3051470044","sid":["row-vgqb.2h8j.jucj"]}},{"type":"Feature","id":"eoy-db68903692a8","geometry":{"type":"Point","coordinates":[-73.993501691853,40.694573857947]},"properties":{"id":"eoy-db68903692a8","name":"BLANK STREET","legalName":"BLANK STREET INC.","street":"147 MONTAGUE STREET","neighborhood":"BROOKLYN","borough":"Brooklyn","zip":"11201","type":"sidewalk","status":"Issued","licenseIssued":"2026-07-24","licenseExpires":"2030-07-24","nta":"BK0201","bbl":"3002430013","sid":["row-rzyb~384p.y8ue"]}},{"type":"Feature","id":"eoy-db943edc5a35","geometry":{"type":"Point","coordinates":[-73.97373687844,40.784319299916]},"properties":{"id":"eoy-db943edc5a35","name":"LOKAL","legalName":"ACS COLUMBUS LLC","street":"473 COLUMBUS AVENUE","neighborhood":"NEW YORK","borough":"Manhattan","zip":"10024","type":"sidewalk","status":"Issued","licenseIssued":"2026-06-12","licenseExpires":"2030-06-12","nta":"MN0702","bbl":"1011960062","sid":["row-jdjm.m7rx.gx3f"]}},{"type":"Feature","id":"eoy-db994547032f","geometry":{"type":"Point","coordinates":[-74.001186910435,40.721566103974]},"properties":{"id":"eoy-db994547032f","name":"ODD SISTER","legalName":"45 MERCER RESTAURANT LLC","street":"45 MERCER STREET","neighborhood":"NEW YORK","borough":"Manhattan","zip":"10013","type":"roadway","status":"Issued","licenseIssued":"2026-06-12","licenseExpires":"2030-06-12","nta":"MN0201","bbl":"1004740018","sid":["row-5qyd~itjf_cx69"]}},{"type":"Feature","id":"eoy-dbb6d9b0498a","geometry":{"type":"Point","coordinates":[-73.962619416598,40.769832148955]},"properties":{"id":"eoy-dbb6d9b0498a","name":"BLANK STREET COFFEE","legalName":"BLANK STREET INC.","street":"985 LEXINGTON AVENUE","neighborhood":"NEW YORK","borough":"Manhattan","zip":"10021","type":"sidewalk","status":"Issued","licenseIssued":"2026-05-29","licenseExpires":"2030-05-29","nta":"MN0802","bbl":"1014060021","sid":["row-dtic_787q_7c8i"]}},{"type":"Feature","id":"eoy-dbdcf0cd05de","geometry":{"type":"Point","coordinates":[-73.980366155755,40.664355128212]},"properties":{"id":"eoy-dbdcf0cd05de","name":"OTTAVA / SAINT EVE'S","legalName":"OLI RESTAURANT INC","street":"1123 8 AVENUE","neighborhood":"BROOKLYN","borough":"Brooklyn","zip":"11215","type":"both","status":"Issued","licenseIssued":"2026-08-14","licenseExpires":"2030-08-14","nta":"BK0602","bbl":"3010970001","sid":["row-heq4-5v5q~4n6a","row-mxiz.vc8w~jfgv"]}},{"type":"Feature","id":"eoy-dbe2f3b2b205","geometry":{"type":"Point","coordinates":[-73.977911443232,40.783724567735]},"properties":{"id":"eoy-dbe2f3b2b205","name":"LA SIRENE","legalName":"AIN JUPITER LLC","street":"416 AMSTERDAM AVENUE","neighborhood":"NEW YORK","borough":"Manhattan","zip":"10024","type":"roadway","status":"Issued","licenseIssued":"2026-01-02","licenseExpires":"2030-01-02","nta":"MN0702","bbl":"1012270036","sid":["row-ev4v-68zs~rpnm"]}},{"type":"Feature","id":"eoy-dbe71f4e946a","geometry":{"type":"Point","coordinates":[-73.972566222568,40.785957643232]},"properties":{"id":"eoy-dbe71f4e946a","name":"NINA'S GREAT BURRITO BAR","legalName":"BARJER CORP","street":"522 COLUMBUS AVENUE","neighborhood":"NEW YORK","borough":"Manhattan","zip":"10024","type":"both","status":"Issued","licenseIssued":"2026-07-20","licenseExpires":"2030-07-20","nta":"MN0702","bbl":"1012160027","sid":["row-d8ea~2ne3-ihqn","row-segr~piuq.h36a"]}},{"type":"Feature","id":"eoy-dc19df05d793","geometry":{"type":"Point","coordinates":[-73.977718445279,40.756282459109]},"properties":{"id":"eoy-dc19df05d793","name":"CONNOLLY'S PUB","legalName":"14 EAST 47TH PUB INC.","street":"14 EAST 47 STREET","neighborhood":"NEW YORK","borough":"Manhattan","zip":"10017","type":"roadway","status":"Issued","licenseIssued":"2026-07-30","licenseExpires":"2030-07-30","nta":"MN0502","bbl":"1012820064","sid":["row-z7mu_urrh_4vrz"]}},{"type":"Feature","id":"eoy-dc1d65dd3d37","geometry":{"type":"Point","coordinates":[-73.977841291783,40.680252414511]},"properties":{"id":"eoy-dc1d65dd3d37","name":"MIRIAM","legalName":"SAMI AND SUSU FOOD INC","street":"79 5 AVENUE","neighborhood":"BROOKLYN","borough":"Brooklyn","zip":"11217","type":"sidewalk","status":"Issued","licenseIssued":"2026-04-17","licenseExpires":"2030-04-17","nta":"BK0602","bbl":"3009380010","sid":["row-i2wy~wiuf_zdm6"]}},{"type":"Feature","id":"eoy-dc35b6eb8de3","geometry":{"type":"Point","coordinates":[-73.988423967616,40.737358906912]},"properties":{"id":"eoy-dc35b6eb8de3","name":"BOUCHERIE","legalName":"BOUCHERIE PAS LLC","street":"225 PARK AVENUE SOUTH","neighborhood":"NEW YORK","borough":"Manhattan","zip":"10003","type":"sidewalk","status":"Issued","licenseIssued":"2026-04-24","licenseExpires":"2030-04-24","nta":"MN0602","bbl":"1008740001","sid":["row-4ud8~jvua-5rys"]}},{"type":"Feature","id":"eoy-dc758f2516b3","geometry":{"type":"Point","coordinates":[-73.995548196848,40.721373890009]},"properties":{"id":"eoy-dc758f2516b3","name":"BALZEM","legalName":"TAVA CAFE LLC","street":"202 MOTT STREET","neighborhood":"NEW YORK","borough":"Manhattan","zip":"10012","type":"roadway","status":"Issued","licenseIssued":"2025-10-17","licenseExpires":"2029-10-17","nta":"MN0201","bbl":"1004790014","sid":["row-7wby_8pd6.j778"]}},{"type":"Feature","id":"eoy-dc8794a507e6","geometry":{"type":"Point","coordinates":[-73.961798038324,40.71661916551]},"properties":{"id":"eoy-dc8794a507e6","name":"RADEGAST HALL & BIERGARTEN","legalName":"RADEGAST HALL, LLC.","street":"113 NORTH 3 STREET","neighborhood":"BROOKLYN","borough":"Brooklyn","zip":"11249","type":"both","status":"Issued","licenseIssued":"2026-04-10","licenseExpires":"2030-04-10","nta":"BK0102","bbl":"3023500026","sid":["row-7334-3sm4-wx5f","row-vthd-d7ss.ghgm"]}},{"type":"Feature","id":"eoy-dcb0de9b548b","geometry":{"type":"Point","coordinates":[-73.954579861686,40.732212299968]},"properties":{"id":"eoy-dcb0de9b548b","name":"LITTLE TIFFIN","legalName":"LITTLE TIFFIN LLC","street":"970 MANHATTAN AVENUE","neighborhood":"BROOKLYN","borough":"Brooklyn","zip":"11222","type":"sidewalk","status":"Issued","licenseIssued":"2026-05-15","licenseExpires":"2030-05-15","nta":"BK0101","bbl":"3025410008","sid":["row-khg7-dh48~m5wp"]}},{"type":"Feature","id":"eoy-dd3d76f09f5e","geometry":{"type":"Point","coordinates":[-73.91646167624,40.764587305306]},"properties":{"id":"eoy-dd3d76f09f5e","name":"THE GRAND","legalName":"GRAND ASTORIA INC","street":"37-01 30 AVENUE","neighborhood":"ASTORIA","borough":"Queens","zip":"11103","type":"both","status":"Issued","licenseIssued":"2026-08-07","licenseExpires":"2030-08-07","nta":"QN0103","bbl":"4006610047","sid":["row-cyyu~pw2h-4i9u","row-dcar~txcw-vcwv"]}},{"type":"Feature","id":"eoy-dd4853202784","geometry":{"type":"Point","coordinates":[-73.964780442394,40.772690123337]},"properties":{"id":"eoy-dd4853202784","name":"ELI'S ESSENTIALS","legalName":"eat madison llc","street":"922 MADISON AVE","neighborhood":"NEW YORK","borough":"Manhattan","zip":"10021","type":"roadway","status":"Issued","licenseIssued":"2026-06-05","licenseExpires":"2030-06-05","nta":"MN0802","bbl":"1013880017","sid":["row-p3rv.7ysz_q96f"]}},{"type":"Feature","id":"eoy-dd77e76ed7c0","geometry":{"type":"Point","coordinates":[-73.963120129377,40.674418719006]},"properties":{"id":"eoy-dd77e76ed7c0","name":"TOM'S RESTAURANT","legalName":"TOM'S RESTAURANT INC.","street":"782 WASHINGTON AVENUE","neighborhood":"BROOKLYN","borough":"Brooklyn","zip":"11238","type":"roadway","status":"Issued","licenseIssued":"2026-05-08","licenseExpires":"2030-05-08","nta":"BK0801","bbl":"3011730046","sid":["row-qivk.s59v_e7j5"]}},{"type":"Feature","id":"eoy-dd920095b924","geometry":{"type":"Point","coordinates":[-73.977830995521,40.78673280062]},"properties":{"id":"eoy-dd920095b924","name":"MAISON PICKLE","legalName":"THE PICKLE PEOPLE LLC","street":"2309 BROADWAY","neighborhood":"NEW YORK","borough":"Manhattan","zip":"10024","type":"both","status":"Issued","licenseIssued":"2026-06-19","licenseExpires":"2030-06-19","nta":"MN0702","bbl":"1012310055","sid":["row-pzfi_q7k4_43w5","row-vbtm.ry92.n3yy"]}},{"type":"Feature","id":"eoy-dda160408ffc","geometry":{"type":"Point","coordinates":[-74.003705139615,40.723413278484]},"properties":{"id":"eoy-dda160408ffc","name":"MAISON CLOSE","legalName":"MAISON CLOSE NYC LLC","street":"15 WATTS STREET","neighborhood":"NEW YORK","borough":"Manhattan","zip":"10013","type":"sidewalk","status":"Issued","licenseIssued":"2026-05-15","licenseExpires":"2030-05-15","nta":"MN0201","bbl":"1004760062","sid":["row-wuns~ixne.xtgc"]}},{"type":"Feature","id":"eoy-dda1aaa3c3be","geometry":{"type":"Point","coordinates":[-74.009566501861,40.715082569302]},"properties":{"id":"eoy-dda1aaa3c3be","name":"LE PAIN QUOTIDIEN","legalName":"APQ TRIBECA NY, LLC","street":"81 WEST BROADWAY","neighborhood":"NEW YORK","borough":"Manhattan","zip":"10007","type":"sidewalk","status":"Issued","licenseIssued":"2026-08-14","licenseExpires":"2030-08-14","nta":"MN0102","bbl":"1001367503","sid":["row-rz93~2req.398y"]}},{"type":"Feature","id":"eoy-ddb747062cd1","geometry":{"type":"Point","coordinates":[-73.900565396482,40.861985662316]},"properties":{"id":"eoy-ddb747062cd1","name":"GYRO KING","legalName":"GYRO KING FOODS CORP","street":"2450 WALTON AVENUE","neighborhood":"BRONX","borough":"Bronx","zip":"10468","type":"sidewalk","status":"Issued","licenseIssued":"2026-08-14","licenseExpires":"2030-08-14","nta":"BX0503","bbl":"2031840039","sid":["row-r56m-9is3-mp9y"]}},{"type":"Feature","id":"eoy-ddcc0e74ffe7","geometry":{"type":"Point","coordinates":[-74.008571564118,40.636453054622]},"properties":{"id":"eoy-ddcc0e74ffe7","name":"MR. BBQ FOOD","legalName":"MR. BBQ FOOD INC","street":"5824 8 AVENUE","neighborhood":"BROOKLYN","borough":"Brooklyn","zip":"11220","type":"roadway","status":"Issued","licenseIssued":"2025-07-03","licenseExpires":"2029-07-03","nta":"BK0703","bbl":"3008580047","sid":["row-f36e-jnna-2bd4"]}},{"type":"Feature","id":"eoy-dde93fa0f474","geometry":{"type":"Point","coordinates":[-74.023913169413,40.626388504717]},"properties":{"id":"eoy-dde93fa0f474","name":"SKINFLINTS RESTAURANT","legalName":"SKINFLINTS RESTAURANT INC","street":"7902 5 AVENUE","neighborhood":"BROOKLYN","borough":"Brooklyn","zip":"11209","type":"sidewalk","status":"Issued","licenseIssued":"2026-04-24","licenseExpires":"2030-04-24","nta":"BK1001","bbl":"3059800042","sid":["row-wjtg_75uw-9nvu"]}},{"type":"Feature","id":"eoy-de4a78cc8e01","geometry":{"type":"Point","coordinates":[-74.00315323801,40.725123284613]},"properties":{"id":"eoy-de4a78cc8e01","name":"PICCOLA CUCINA OSTERIA","legalName":"ISABEL 196 SPRING LLC","street":"196 SPRING STREET","neighborhood":"NEW YORK","borough":"Manhattan","zip":"10012","type":"roadway","status":"Issued","licenseIssued":"2025-10-10","licenseExpires":"2029-10-10","nta":"MN0201","bbl":"1004890018","sid":["row-yxjs~huve_j96c"]}},{"type":"Feature","id":"eoy-dedc8f1a04ec","geometry":{"type":"Point","coordinates":[-74.002106411292,40.707543067555]},"properties":{"id":"eoy-dedc8f1a04ec","name":"JEREMY'S ALE HOUSE","legalName":"JEREMYS ALE HOUSE STILL, INC","street":"228 FRONT STREET","neighborhood":"NEW YORK","borough":"Manhattan","zip":"10038","type":"roadway","status":"Issued","licenseIssued":"2026-04-17","licenseExpires":"2030-04-17","nta":"MN0101","bbl":"1000970035","sid":["row-gxcn_rumv.9da8"]}},{"type":"Feature","id":"eoy-df3c7d866231","geometry":{"type":"Point","coordinates":[-74.030458168161,40.624899278274]},"properties":{"id":"eoy-df3c7d866231","name":"CAFFE CAFE","legalName":"NANCE CORP","street":"8401 3 AVENUE","neighborhood":"BROOKLYN","borough":"Brooklyn","zip":"11209","type":"sidewalk","status":"Issued","licenseIssued":"2026-06-05","licenseExpires":"2030-06-05","nta":"BK1001","bbl":"3060250010","sid":["row-rm2g_ehj4.sjd3"]}},{"type":"Feature","id":"eoy-df5c970cb831","geometry":{"type":"Point","coordinates":[-73.919364238556,40.770408267933]},"properties":{"id":"eoy-df5c970cb831","name":"HALF & HALF","legalName":"PORTO CAFE LLC","street":"29-15 ASTORIA BOULEVARD","neighborhood":"ASTORIA","borough":"Queens","zip":"11102","type":"sidewalk","status":"Issued","licenseIssued":"2026-06-12","licenseExpires":"2030-06-12","nta":"QN0103","bbl":"4008380018","sid":["row-hf47.jaa3-b5k2"]}},{"type":"Feature","id":"eoy-df764e203100","geometry":{"type":"Point","coordinates":[-73.991714065461,40.715214417866]},"properties":{"id":"eoy-df764e203100","name":"BAR BELLY","legalName":"SWEET RANGER INC","street":"14B ORCHARD STREET","neighborhood":"NEW YORK","borough":"Manhattan","zip":"10002","type":"roadway","status":"Issued","licenseIssued":"2025-06-27","licenseExpires":"2029-06-27","nta":"MN0301","bbl":null,"sid":["row-dhq7~hryp_fizj"]}},{"type":"Feature","id":"eoy-df8658420817","geometry":{"type":"Point","coordinates":[-73.995548192983,40.721431530121]},"properties":{"id":"eoy-df8658420817","name":"MOMMY PAI'S","legalName":"UBC LLC","street":"203 MOTT STREET","neighborhood":"NEW YORK","borough":"Manhattan","zip":"10012","type":"roadway","status":"Issued","licenseIssued":"2026-08-14","licenseExpires":"2030-08-14","nta":"MN0201","bbl":"1004800024","sid":["row-kryi.n25b.ekfb"]}},{"type":"Feature","id":"eoy-df9ef95fe058","geometry":{"type":"Point","coordinates":[-73.986720296845,40.739678047559]},"properties":{"id":"eoy-df9ef95fe058","name":"WATCHHOUSE COFFEE","legalName":"WATCHHOUSE COFFEE LLC","street":"287 PARK AVENUE SOUTH","neighborhood":"NEW YORK","borough":"Manhattan","zip":"10010","type":"sidewalk","status":"Issued","licenseIssued":"2026-09-11","licenseExpires":"2030-09-11","nta":"MN0602","bbl":"1008780001","sid":["row-j23q.fmaq_qkxk"]}},{"type":"Feature","id":"eoy-dfb4ca257459","geometry":{"type":"Point","coordinates":[-73.997619066734,40.718697803329]},"properties":{"id":"eoy-dfb4ca257459","name":"IL PICCOLO BUFALO","legalName":"BUFFANNA INC","street":"141 MULBERRY STREET","neighborhood":"NEW YORK","borough":"Manhattan","zip":"10013","type":"roadway","status":"Issued","licenseIssued":"2026-07-21","licenseExpires":"2030-07-21","nta":"MN0201","bbl":"1002360025","sid":["row-brep.nwsr_jng7"]}},{"type":"Feature","id":"eoy-e006fe84af55","geometry":{"type":"Point","coordinates":[-73.980499126465,40.727117115327]},"properties":{"id":"eoy-e006fe84af55","name":"GNOCCO","legalName":"FOOD IN ITALY LLC","street":"337 EAST 10 STREET","neighborhood":"NEW YORK","borough":"Manhattan","zip":"10009","type":"sidewalk","status":"Issued","licenseIssued":"2026-08-28","licenseExpires":"2030-08-28","nta":"MN0303","bbl":"1004040037","sid":["row-4fgx~w674.fekd"]}},{"type":"Feature","id":"eoy-e06d4b2e36ea","geometry":{"type":"Point","coordinates":[-73.981425859683,40.72892332511]},"properties":{"id":"eoy-e06d4b2e36ea","name":"AU ZA'ATAR","legalName":"188 AVE A TAKE OUT FOOD CORP","street":"188 AVENUE A","neighborhood":"NEW YORK","borough":"Manhattan","zip":"10009","type":"both","status":"Issued","licenseIssued":"2026-03-27","licenseExpires":"2030-03-27","nta":"MN0303","bbl":"1004050008","sid":["row-975i.w9t3~8cfp","row-wt3y-u6ef.bvgc"]}},{"type":"Feature","id":"eoy-e0944f406fcf","geometry":{"type":"Point","coordinates":[-73.848408324738,40.710053164615]},"properties":{"id":"eoy-e0944f406fcf","name":"NICK'S BISTRO","legalName":"NICOBAR LTD","street":"104-20 METROPOLITAN AVENUE","neighborhood":"FOREST HILLS","borough":"Queens","zip":"11375","type":"both","status":"Issued","licenseIssued":"2026-09-04","licenseExpires":"2030-09-04","nta":"QN0602","bbl":"4039020037","sid":["row-8xqe_mkiu.4qn8","row-p9p5_rxvr.p9qf"]}},{"type":"Feature","id":"eoy-e0c34fef87a2","geometry":{"type":"Point","coordinates":[-73.986680953809,40.755907817312]},"properties":{"id":"eoy-e0c34fef87a2","name":"ANGELINA'S BAKERY","legalName":"NT ANGELINA 7 TSQ LLC","street":"7 TIMES SQUARE","neighborhood":"NEW YORK","borough":"Manhattan","zip":"10036","type":"sidewalk","status":"Issued","licenseIssued":"2026-07-24","licenseExpires":"2030-07-24","nta":"MN0502","bbl":"1009940001","sid":["row-77h7-tjay.egn5"]}},{"type":"Feature","id":"eoy-e0e01757c1e1","geometry":{"type":"Point","coordinates":[-74.013638450416,40.676704750141]},"properties":{"id":"eoy-e0e01757c1e1","name":"BAR MARIO","legalName":"BAR MARIO LLC","street":"365 VAN BRUNT STREET","neighborhood":"BROOKLYN","borough":"Brooklyn","zip":"11231","type":"sidewalk","status":"Issued","licenseIssued":"2026-08-14","licenseExpires":"2030-08-14","nta":"BK0601","bbl":"3005870010","sid":["row-3v5a~6sth_3js6"]}},{"type":"Feature","id":"eoy-e108aa2227a4","geometry":{"type":"Point","coordinates":[-74.002486531737,40.744910306852]},"properties":{"id":"eoy-e108aa2227a4","name":"LA BERGAMOTE","legalName":"LA BERGAMOTE INC.","street":"177 9 AVENUE","neighborhood":"NEW YORK","borough":"Manhattan","zip":"10011","type":"sidewalk","status":"Issued","licenseIssued":"2026-03-20","licenseExpires":"2030-03-20","nta":"MN0401","bbl":"1007187501","sid":["row-wgbc.mber_9svu"]}},{"type":"Feature","id":"eoy-e120fc6415a1","geometry":{"type":"Point","coordinates":[-73.94999399199,40.722414321054]},"properties":{"id":"eoy-e120fc6415a1","name":"BAR BRUNO","legalName":"MUGATU INC","street":"560 MANHATTAN AVENUE","neighborhood":"BROOKLYN","borough":"Brooklyn","zip":"11222","type":"sidewalk","status":"Issued","licenseIssued":"2025-03-07","licenseExpires":"2029-03-07","nta":"BK0101","bbl":"3026800031","sid":["row-4nvt-9nrp~zj7f"]}},{"type":"Feature","id":"eoy-e1348ea985e2","geometry":{"type":"Point","coordinates":[-73.906673632962,40.773288879948]},"properties":{"id":"eoy-e1348ea985e2","name":"JACK JONES GASTROPUB","legalName":"JACK JONES INC","street":"38-01 DITMARS BOULEVARD","neighborhood":"ASTORIA","borough":"Queens","zip":"11105","type":"sidewalk","status":"Issued","licenseIssued":"2026-07-21","licenseExpires":"2030-07-21","nta":"QN0101","bbl":"4008077501","sid":["row-9fm4~k3zs_m2ps"]}},{"type":"Feature","id":"eoy-e1479d7a8bc2","geometry":{"type":"Point","coordinates":[-74.000422180686,40.73539149439]},"properties":{"id":"eoy-e1479d7a8bc2","name":"WOGIES","legalName":"WOGIE'S INC","street":"39 GREENWICH AVENUE","neighborhood":"NEW YORK","borough":"Manhattan","zip":"10014","type":"both","status":"Issued","licenseIssued":"2026-06-05","licenseExpires":"2030-06-05","nta":"MN0203","bbl":"1006120065","sid":["row-6y5v-nrir-s6ys","row-iaxj~mefn_en5t"]}},{"type":"Feature","id":"eoy-e152bf7e7f03","geometry":{"type":"Point","coordinates":[-73.993820252873,40.720234731451]},"properties":{"id":"eoy-e152bf7e7f03","name":"CASA THIRTEEN","legalName":"CASA THIRTEEN LLC","street":"1 DELANCEY STREET","neighborhood":"NEW YORK","borough":"Manhattan","zip":"10002","type":"sidewalk","status":"Issued","licenseIssued":"2026-07-21","licenseExpires":"2030-07-21","nta":"MN0302","bbl":"1004240012","sid":["row-n8tu_q3mk_xm3s"]}},{"type":"Feature","id":"eoy-e18bc172d0e4","geometry":{"type":"Point","coordinates":[-73.997835527382,40.718324519188]},"properties":{"id":"eoy-e18bc172d0e4","name":"DA GENNARO","legalName":"AKRAM RESTAURANT MANAGEMENT INC","street":"129 MULBERRY STREET","neighborhood":"NEW YORK","borough":"Manhattan","zip":"10013","type":"both","status":"Issued","licenseIssued":"2026-05-01","licenseExpires":"2030-05-01","nta":"MN0201","bbl":"1002360031","sid":["row-ncrb_u7f2.2n38","row-yx3p.v8x7~gtkm"]}},{"type":"Feature","id":"eoy-e1aa325347b5","geometry":{"type":"Point","coordinates":[-74.001501331923,40.746225064934]},"properties":{"id":"eoy-e1aa325347b5","name":"AROQA","legalName":"AROKA HOSPITALITY, LLC.","street":"206 9 AVENUE","neighborhood":"NEW YORK","borough":"Manhattan","zip":"10011","type":"sidewalk","status":"Issued","licenseIssued":"2026-04-17","licenseExpires":"2030-04-17","nta":"MN0401","bbl":"1007460079","sid":["row-ysue_fwtt-rya2"]}},{"type":"Feature","id":"eoy-e1ec6c4cea98","geometry":{"type":"Point","coordinates":[-73.903074118311,40.770749741188]},"properties":{"id":"eoy-e1ec6c4cea98","name":"MI CIELITO COLOMBIANO","legalName":"MI CIELITO COLOMBIANO INC","street":"45-01 DITMARS BOULEVARD","neighborhood":"ASTORIA","borough":"Queens","zip":"11105","type":"sidewalk","status":"Issued","licenseIssued":"2026-09-11","licenseExpires":"2030-09-11","nta":"QN0101","bbl":"4007710001","sid":["row-r7rc.sej6-cfmd"]}},{"type":"Feature","id":"eoy-e205d44e0dc0","geometry":{"type":"Point","coordinates":[-73.932096726908,40.683201545558]},"properties":{"id":"eoy-e205d44e0dc0","name":"BKB","legalName":"BK BRASS LLC","street":"327 STUYVESANT AVENUE","neighborhood":"BROOKLYN","borough":"Brooklyn","zip":"11233","type":"sidewalk","status":"Issued","licenseIssued":"2026-05-22","licenseExpires":"2030-05-22","nta":"BK0302","bbl":"3016660001","sid":["row-arfx~zhse.85x5"]}},{"type":"Feature","id":"eoy-e21d017875e5","geometry":{"type":"Point","coordinates":[-73.950225623325,40.783982143383]},"properties":{"id":"eoy-e21d017875e5","name":"BARKING DOG","legalName":"EASTSIDE BARKING DOG INC","street":"1678 3 AVENUE","neighborhood":"NEW YORK","borough":"Manhattan","zip":"10128","type":"both","status":"Issued","licenseIssued":"2026-05-29","licenseExpires":"2030-05-29","nta":"MN0802","bbl":"1015230033","sid":["row-j8hi~xjrp_tmk6","row-vhrr_tibs~a5ik"]}},{"type":"Feature","id":"eoy-e23afbbde44b","geometry":{"type":"Point","coordinates":[-73.911670635234,40.762333015514]},"properties":{"id":"eoy-e23afbbde44b","name":"LA LUNA CAFE","legalName":"LA LUNA DELI & CAFE INC","street":"44-01 30 AVENUE","neighborhood":"ASTORIA","borough":"Queens","zip":"11103","type":"sidewalk","status":"Issued","licenseIssued":"2026-04-17","licenseExpires":"2030-04-17","nta":"QN0104","bbl":"4007000047","sid":["row-g3qm_qhpt_6e4w"]}},{"type":"Feature","id":"eoy-e23c12c047bc","geometry":{"type":"Point","coordinates":[-73.979390229126,40.777667172079]},"properties":{"id":"eoy-e23c12c047bc","name":"JUICE GENERATION","legalName":"JUICE GENERATION 2 INC","street":"117 WEST 72 STREET","neighborhood":"NEW YORK","borough":"Manhattan","zip":"10023","type":"roadway","status":"Issued","licenseIssued":"2026-06-25","licenseExpires":"2030-06-25","nta":"MN0701","bbl":"1011440026","sid":["row-gacx.w47v.dmn5"]}},{"type":"Feature","id":"eoy-e2a7009eefe5","geometry":{"type":"Point","coordinates":[-73.905299942771,40.691032597507]},"properties":{"id":"eoy-e2a7009eefe5","name":"WITCHING HOUR","legalName":"WITCHING HOUR LLC","street":"1312 DECATUR STREET","neighborhood":"BROOKLYN","borough":"Brooklyn","zip":"11207","type":"sidewalk","status":"Issued","licenseIssued":"2026-05-15","licenseExpires":"2030-05-15","nta":"BK0402","bbl":"3034360031","sid":["row-35sd-gafr.e77t"]}},{"type":"Feature","id":"eoy-e2b1bd20dea4","geometry":{"type":"Point","coordinates":[-73.968121411642,40.679745084636]},"properties":{"id":"eoy-e2b1bd20dea4","name":"POKE TIKY BAR","legalName":"POKE TIKY BAR-CAFFEE CORP","street":"564 VANDERBILT AVENUE","neighborhood":"BROOKLYN","borough":"Brooklyn","zip":"11238","type":"sidewalk","status":"Issued","licenseIssued":"2026-05-15","licenseExpires":"2030-05-15","nta":"BK0801","bbl":"3011370053","sid":["row-ekss-bs6k.b7en"]}},{"type":"Feature","id":"eoy-e2b6cc0d86d4","geometry":{"type":"Point","coordinates":[-73.986202928873,40.728745589412]},"properties":{"id":"eoy-e2b6cc0d86d4","name":"THE IMMIGRANT WINE BAR","legalName":"THE IMMIGRANT WINE BAR LLC","street":"341 EAST 9 STREET","neighborhood":"NEW YORK","borough":"Manhattan","zip":"10003","type":"roadway","status":"Issued","licenseIssued":"2026-04-24","licenseExpires":"2030-04-24","nta":"MN0303","bbl":"1004510041","sid":["row-k3ik-4zug~9v76"]}},{"type":"Feature","id":"eoy-e2d18da70ffd","geometry":{"type":"Point","coordinates":[-73.99184931572,40.759479232348]},"properties":{"id":"eoy-e2d18da70ffd","name":"TROOP WINGS","legalName":"WESTWAY DINER INC.","street":"614 9 AVENUE","neighborhood":"NEW YORK","borough":"Manhattan","zip":"10036","type":"sidewalk","status":"Issued","licenseIssued":"2026-06-19","licenseExpires":"2030-06-19","nta":"MN0402","bbl":"1010340063","sid":["row-ukam~bn2s~avw2"]}},{"type":"Feature","id":"eoy-e2ee5552c146","geometry":{"type":"Point","coordinates":[-73.944734230384,40.808811380956]},"properties":{"id":"eoy-e2ee5552c146","name":"CUCINA ITALIAN TAVERN","legalName":"331 HARLEM REST CORP","street":"331 LENOX AVENUE","neighborhood":"NEW YORK","borough":"Manhattan","zip":"10027","type":"sidewalk","status":"Issued","licenseIssued":"2026-06-12","licenseExpires":"2030-06-12","nta":"MN1002","bbl":"1019110033","sid":["row-i4nw~uiqa_2sf6"]}},{"type":"Feature","id":"eoy-e2f251ddd41e","geometry":{"type":"Point","coordinates":[-73.98608799241,40.743479469201]},"properties":{"id":"eoy-e2f251ddd41e","name":"OM JUICE BAR","legalName":"THE WEALTHY WELLNESS CORP.","street":"62 MADISON AVENUE","neighborhood":"NEW YORK","borough":"Manhattan","zip":"10016","type":"sidewalk","status":"Issued","licenseIssued":"2026-09-04","licenseExpires":"2030-09-04","nta":"MN0501","bbl":"1008570017","sid":["row-2bvp.cauh.y5tc"]}},{"type":"Feature","id":"eoy-e322f3d5e223","geometry":{"type":"Point","coordinates":[-73.956862157542,40.67375504327]},"properties":{"id":"eoy-e322f3d5e223","name":"THE CROWN INN","legalName":"FRANKLIN BEER & GROCERY INC.","street":"724 FRANKLIN AVENUE","neighborhood":"BROOKLYN","borough":"Brooklyn","zip":"11238","type":"sidewalk","status":"Issued","licenseIssued":"2026-07-20","licenseExpires":"2030-07-20","nta":"BK0802","bbl":"3011680052","sid":["row-2zvy~q8fn_srgi"]}},{"type":"Feature","id":"eoy-e335a6156167","geometry":{"type":"Point","coordinates":[-73.977960606262,40.777043847286]},"properties":{"id":"eoy-e335a6156167","name":"LILLY'S","legalName":"CPW REST CORP.","street":"50 WEST 72 STREET","neighborhood":"NEW YORK","borough":"Manhattan","zip":"10023","type":"roadway","status":"Issued","licenseIssued":"2026-06-12","licenseExpires":"2030-06-12","nta":"MN0701","bbl":"1011240059","sid":["row-232u~uyp8-bp6j"]}},{"type":"Feature","id":"eoy-e35d2dad407e","geometry":{"type":"Point","coordinates":[-73.957375023284,40.672273055667]},"properties":{"id":"eoy-e35d2dad407e","name":"BAGEL PUB","legalName":"BAGEL PUB CROWN HEIGHTS CORP.","street":"775 FRANKLIN AVENUE","neighborhood":"BROOKLYN","borough":"Brooklyn","zip":"11238","type":"sidewalk","status":"Issued","licenseIssued":"2026-06-25","licenseExpires":"2030-06-25","nta":"BK0802","bbl":"3012520013","sid":["row-68zd.x4hh-pndq"]}},{"type":"Feature","id":"eoy-e3619db3a399","geometry":{"type":"Point","coordinates":[-74.015963527707,40.675568112617]},"properties":{"id":"eoy-e3619db3a399","name":"KEG & LANTERN","legalName":"158 BEARD STREET BREWING INC","street":"158 BEARD STREET","neighborhood":"BROOKLYN","borough":"Brooklyn","zip":"11231","type":"roadway","status":"Issued","licenseIssued":"2025-06-27","licenseExpires":"2029-06-27","nta":"BK0601","bbl":"3006030033","sid":["row-ptha_gn9p.5akg"]}},{"type":"Feature","id":"eoy-e36acf4086fd","geometry":{"type":"Point","coordinates":[-74.000847976346,40.735907507698]},"properties":{"id":"eoy-e36acf4086fd","name":"ROEY'S","legalName":"1 PERRY, LLC","street":"1 PERRY STREET","neighborhood":"NEW YORK","borough":"Manhattan","zip":"10014","type":"sidewalk","status":"Issued","licenseIssued":"2026-08-07","licenseExpires":"2030-08-07","nta":"MN0203","bbl":"1006130061","sid":["row-gwn3~2cs7~3qvz"]}},{"type":"Feature","id":"eoy-e39c13d14e26","geometry":{"type":"Point","coordinates":[-74.007273637731,40.727541236371]},"properties":{"id":"eoy-e39c13d14e26","name":"MAKIMAKI","legalName":"MAKIMAKI 350 HUDSON LLC","street":"350 HUDSON STREET","neighborhood":"NEW YORK","borough":"Manhattan","zip":"10014","type":"sidewalk","status":"Issued","licenseIssued":"2026-07-22","licenseExpires":"2030-07-22","nta":"MN0201","bbl":"1005800039","sid":["row-uu5s~j2jm_snj3"]}},{"type":"Feature","id":"eoy-e3e44c981979","geometry":{"type":"Point","coordinates":[-74.004580761431,40.708097438958]},"properties":{"id":"eoy-e3e44c981979","name":"LITTLE ITALY PIZZA","legalName":"ENDLESS VENTURES INC","street":"46 FULTON STREET","neighborhood":"NEW YORK","borough":"Manhattan","zip":"10038","type":"sidewalk","status":"Issued","licenseIssued":"2026-03-13","licenseExpires":"2030-03-13","nta":"MN0101","bbl":"1000757501","sid":["row-etgg.ydpj~s52t"]}},{"type":"Feature","id":"eoy-e413ed2fef88","geometry":{"type":"Point","coordinates":[-73.981672553572,40.763246611351]},"properties":{"id":"eoy-e413ed2fef88","name":"RAY'S PIZZA","legalName":"RAY MANGANO 7TH AVE PIZZA CORP.","street":"829 7 AVENUE","neighborhood":"NEW YORK","borough":"Manhattan","zip":"10019","type":"sidewalk","status":"Issued","licenseIssued":"2026-08-07","licenseExpires":"2030-08-07","nta":"MN0502","bbl":"1010060063","sid":["row-qmx4-ycc5-ximx"]}},{"type":"Feature","id":"eoy-e41e730fa238","geometry":{"type":"Point","coordinates":[-74.030490578298,40.624874566595]},"properties":{"id":"eoy-e41e730fa238","name":"SOFIA","legalName":"8406 THIRD AVE REST CORP","street":"8406 3 AVENUE","neighborhood":"BROOKLYN","borough":"Brooklyn","zip":"11209","type":"sidewalk","status":"Issued","licenseIssued":"2026-08-28","licenseExpires":"2030-08-28","nta":"BK1001","bbl":"3060240039","sid":["row-rr2v~7f4z-99ze"]}},{"type":"Feature","id":"eoy-e41f23f2183f","geometry":{"type":"Point","coordinates":[-73.958999937834,40.714655689639]},"properties":{"id":"eoy-e41f23f2183f","name":"WESTVILLE","legalName":"WV DRIGGS LLC","street":"658 DRIGGS AVENUE","neighborhood":"BROOKLYN","borough":"Brooklyn","zip":"11211","type":"both","status":"Issued","licenseIssued":"2026-03-27","licenseExpires":"2030-03-27","nta":"BK0102","bbl":"3023667501","sid":["row-48zn~r6si_f6ts","row-5kvq_2tsk.8tcq"]}},{"type":"Feature","id":"eoy-e41ff126f907","geometry":{"type":"Point","coordinates":[-74.008754893218,40.715302215618]},"properties":{"id":"eoy-e41ff126f907","name":"SWEETGREEN","legalName":"SWEETGREEN NEW YORK, LLC","street":"125 CHAMBERS STREET","neighborhood":"NEW YORK","borough":"Manhattan","zip":"10007","type":"sidewalk","status":"Issued","licenseIssued":"2026-07-31","licenseExpires":"2030-07-31","nta":"MN0102","bbl":"1001450012","sid":["row-pem3~cvir~ysdn"]}},{"type":"Feature","id":"eoy-e422a5566150","geometry":{"type":"Point","coordinates":[-73.98518569002,40.727746367779]},"properties":{"id":"eoy-e422a5566150","name":"HIGHLIFE / EL CAMINO","legalName":"FIRST AVENUE DINING LLC","street":"135 1 AVENUE","neighborhood":"NEW YORK","borough":"Manhattan","zip":"10003","type":"both","status":"Issued","licenseIssued":"2026-07-21","licenseExpires":"2030-07-21","nta":"MN0303","bbl":"1004500033","sid":["row-g4x3-bkw3~fveg","row-sfe2_em55.t3jj"]}},{"type":"Feature","id":"eoy-e46394d7ce56","geometry":{"type":"Point","coordinates":[-73.984585920742,40.762470273155]},"properties":{"id":"eoy-e46394d7ce56","name":"MCHALE'S BAR & GRILL","legalName":"251 WEST 51 HOSPITALITY CORP","street":"251 WEST 51 STREET","neighborhood":"NEW YORK","borough":"Manhattan","zip":"10019","type":"both","status":"Issued","licenseIssued":"2026-03-13","licenseExpires":"2030-03-13","nta":"MN0502","bbl":"1010230005","sid":["row-9znx.z5i8.7zzc","row-c34s-fhyt-wzws"]}},{"type":"Feature","id":"eoy-e4785d7195b5","geometry":{"type":"Point","coordinates":[-73.953879155947,40.707273058544]},"properties":{"id":"eoy-e4785d7195b5","name":"THE FICTION","legalName":"LIFE'S A PINK BEACH CORP.","street":"308 HOOPER STREET","neighborhood":"BROOKLYN","borough":"Brooklyn","zip":"11211","type":"sidewalk","status":"Issued","licenseIssued":"2026-07-20","licenseExpires":"2030-07-20","nta":"BK0102","bbl":"3024640034","sid":["row-2ahu_ii7p_ac6u"]}},{"type":"Feature","id":"eoy-e4c67c95783e","geometry":{"type":"Point","coordinates":[-73.940225186578,40.793666345699]},"properties":{"id":"eoy-e4c67c95783e","name":"BROTHER'S BAKERY CAFE","legalName":"BROTHER'S BAKERY CAFE CORP","street":"2155 2 AVENUE","neighborhood":"NEW YORK","borough":"Manhattan","zip":"10029","type":"sidewalk","status":"Issued","licenseIssued":"2026-08-14","licenseExpires":"2030-08-14","nta":"MN1102","bbl":"1016600028","sid":["row-ch25-p5xt.c93q"]}},{"type":"Feature","id":"eoy-e4fff9c916e3","geometry":{"type":"Point","coordinates":[-73.955225644383,40.775135115665]},"properties":{"id":"eoy-e4fff9c916e3","name":"HUTCH & WALDO COFFEE","legalName":"INTERNATIONAL KITCHEN LLC","street":"247 EAST 81 STREET","neighborhood":"NEW YORK","borough":"Manhattan","zip":"10028","type":"roadway","status":"Issued","licenseIssued":"2026-04-24","licenseExpires":"2030-04-24","nta":"MN0803","bbl":"1015270021","sid":["row-24hv_tssy~3cvw"]}},{"type":"Feature","id":"eoy-e50a572ae2a1","geometry":{"type":"Point","coordinates":[-73.979703960186,40.74356634987]},"properties":{"id":"eoy-e50a572ae2a1","name":"RUBY'S CAFE","legalName":"RUBY'S MIDTOWN, LLC","street":"442 3 AVENUE","neighborhood":"NEW YORK","borough":"Manhattan","zip":"10016","type":"both","status":"Issued","licenseIssued":"2026-07-20","licenseExpires":"2030-07-20","nta":"MN0603","bbl":"1008860048","sid":["row-jiuy~x34y-i6is","row-vyqu-vd6p_bj7p"]}},{"type":"Feature","id":"eoy-e57da6853c37","geometry":{"type":"Point","coordinates":[-74.002294917621,40.735007205214]},"properties":{"id":"eoy-e57da6853c37","name":"PARTNERS COFFEE","legalName":"PARTNERS COFFEE WV LLC","street":"44 CHARLES STREET","neighborhood":"NEW YORK","borough":"Manhattan","zip":"10014","type":"sidewalk","status":"Issued","licenseIssued":"2026-03-06","licenseExpires":"2030-03-06","nta":"MN0203","bbl":"1006110016","sid":["row-s5cn.nixc.nipn"]}},{"type":"Feature","id":"eoy-e58ab85118ed","geometry":{"type":"Point","coordinates":[-73.991155033856,40.714481522884]},"properties":{"id":"eoy-e58ab85118ed","name":"PARCELLE","legalName":"KSSWINE LLC","street":"135C DIVISION ST","neighborhood":"NEW YORK","borough":"Manhattan","zip":"10002","type":"sidewalk","status":"Issued","licenseIssued":"2026-06-05","licenseExpires":"2030-06-05","nta":"MN0301","bbl":null,"sid":["row-k4h3~zfdr_s6qv"]}},{"type":"Feature","id":"eoy-e5e91032fb59","geometry":{"type":"Point","coordinates":[-73.888828978861,40.854094781602]},"properties":{"id":"eoy-e5e91032fb59","name":"SAN GENNARO","legalName":"J&G ITALIAN RESTAURANT CORP","street":"2329 ARTHUR AVENUE","neighborhood":"BRONX","borough":"Bronx","zip":"10458","type":"sidewalk","status":"Issued","licenseIssued":"2026-05-15","licenseExpires":"2030-05-15","nta":"BX0603","bbl":"2030650068","sid":["row-k7j4~umep.bc7w"]}},{"type":"Feature","id":"eoy-e5fca0fe8724","geometry":{"type":"Point","coordinates":[-73.998972530625,40.675991915238]},"properties":{"id":"eoy-e5fca0fe8724","name":"MEZCAL'S","legalName":"RIO LUNA CORPORATION","street":"522 COURT STREET","neighborhood":"BROOKLYN","borough":"Brooklyn","zip":"11231","type":"sidewalk","status":"Issued","licenseIssued":"2026-07-31","licenseExpires":"2030-07-31","nta":"BK0601","bbl":"3003790036","sid":["row-ch2a-ycme.82vf"]}},{"type":"Feature","id":"eoy-e626439ce2fc","geometry":{"type":"Point","coordinates":[-74.031670761166,40.621937327269]},"properties":{"id":"eoy-e626439ce2fc","name":"CEBU","legalName":"CEBU BROOKLYN HOSPITALITY GROUP INC.","street":"8801 3 AVENUE","neighborhood":"BROOKLYN","borough":"Brooklyn","zip":"11209","type":"both","status":"Issued","licenseIssued":"2026-03-13","licenseExpires":"2030-03-13","nta":"BK1001","bbl":"3060620010","sid":["row-dc64_7im4~4vq6","row-v7jh_z3u4_xxcj"]}},{"type":"Feature","id":"eoy-e63d8b13541c","geometry":{"type":"Point","coordinates":[-73.977021764246,40.78767958083]},"properties":{"id":"eoy-e63d8b13541c","name":"FRENCH ROAST","legalName":"BROADWAY DESSERTS LTD.","street":"2340 BROADWAY","neighborhood":"NEW YORK","borough":"Manhattan","zip":"10024","type":"both","status":"Issued","licenseIssued":"2026-03-13","licenseExpires":"2030-03-13","nta":"MN0702","bbl":"1012330016","sid":["row-2gfd_i6kp~ye4k","row-zjbs~h9hz.7ecg"]}},{"type":"Feature","id":"eoy-e666bc9491a0","geometry":{"type":"Point","coordinates":[-74.002139479768,40.726372176688]},"properties":{"id":"eoy-e666bc9491a0","name":"MATCHAFUL","legalName":"MATCHAFUL PRINCE LLC","street":"184 PRINCE STREET","neighborhood":"NEW YORK","borough":"Manhattan","zip":"10012","type":"roadway","status":"Issued","licenseIssued":"2026-09-02","licenseExpires":"2030-09-02","nta":"MN0201","bbl":"1005030018","sid":["row-u4yj_8wbw_ezxv"]}},{"type":"Feature","id":"eoy-e68554c1d7f2","geometry":{"type":"Point","coordinates":[-73.929128427202,40.758425608031]},"properties":{"id":"eoy-e68554c1d7f2","name":"KOUKLA ESPRESSO BAR","legalName":"70 7TH AVENUE SOUTH THEROS LLC","street":"30-09 35 AVENUE","neighborhood":"ASTORIA","borough":"Queens","zip":"11106","type":"roadway","status":"Issued","licenseIssued":"2026-09-18","licenseExpires":"2030-09-18","nta":"QN0103","bbl":"4006070105","sid":["row-8rge~xyhe_j5vm"]}},{"type":"Feature","id":"eoy-e71fbc235315","geometry":{"type":"Point","coordinates":[-73.976200806793,40.780984962405]},"properties":{"id":"eoy-e71fbc235315","name":"SUSHI OF GARI","legalName":"HLD COLUMBUS LLC","street":"370 COLUMBUS AVENUE","neighborhood":"NEW YORK","borough":"Manhattan","zip":"10024","type":"sidewalk","status":"Issued","licenseIssued":"2026-04-03","licenseExpires":"2030-04-03","nta":"MN0702","bbl":"1011490033","sid":["row-wtrg-iyqu_3567"]}},{"type":"Feature","id":"eoy-e72d6f1f7e4b","geometry":{"type":"Point","coordinates":[-73.989130685394,40.762728800821]},"properties":{"id":"eoy-e72d6f1f7e4b","name":"MICKEY SPILLANE'S HELL'S KITCHEN NYC","legalName":"AURA LLC.","street":"350 WEST 49 STREET","neighborhood":"NEW YORK","borough":"Manhattan","zip":"10019","type":"sidewalk","status":"Issued","licenseIssued":"2026-08-06","licenseExpires":"2030-08-06","nta":"MN0402","bbl":"1010390061","sid":["row-392b.3pxi-a6vb"]}},{"type":"Feature","id":"eoy-e72fc61cc3e3","geometry":{"type":"Point","coordinates":[-74.005979111349,40.735641112892]},"properties":{"id":"eoy-e72fc61cc3e3","name":"ANTON'S","legalName":"FRANCIS LOUIS, LLC","street":"570 HUDSON STREET","neighborhood":"NEW YORK","borough":"Manhattan","zip":"10014","type":"sidewalk","status":"Issued","licenseIssued":"2026-07-20","licenseExpires":"2030-07-20","nta":"MN0203","bbl":"1006220010","sid":["row-77rh.dwfr_cdpu"]}},{"type":"Feature","id":"eoy-e75a1bfd1bb8","geometry":{"type":"Point","coordinates":[-73.996175877837,40.722153426537]},"properties":{"id":"eoy-e75a1bfd1bb8","name":"AIME LEON DORE SOHO","legalName":"AIME LEON DORE SOHO LLC","street":"214 MULBERRY STREET","neighborhood":"NEW YORK","borough":"Manhattan","zip":"10012","type":"roadway","status":"Issued","licenseIssued":"2026-02-13","licenseExpires":"2030-02-13","nta":"MN0201","bbl":"1004947502","sid":["row-7dtd.si8h.i9ky"]}},{"type":"Feature","id":"eoy-e76063fff1ca","geometry":{"type":"Point","coordinates":[-73.998109569261,40.72270242812]},"properties":{"id":"eoy-e76063fff1ca","name":"BALTHAZAR","legalName":"WINDY GATES SOHO INC.","street":"80 SPRING STREET","neighborhood":"NEW YORK","borough":"Manhattan","zip":"10012","type":"roadway","status":"Issued","licenseIssued":"2025-06-18","licenseExpires":"2029-06-18","nta":"MN0201","bbl":"1004830017","sid":["row-jphk~aghc~utqy"]}},{"type":"Feature","id":"eoy-e781cc62b1fd","geometry":{"type":"Point","coordinates":[-73.834229162903,40.837198251381]},"properties":{"id":"eoy-e781cc62b1fd","name":"ROYAL FUSION","legalName":"ROYAL INTERCONTINENTAL CUISINE LLC","street":"3168 EAST TREMONT AVENUE","neighborhood":"BRONX","borough":"Bronx","zip":"10461","type":"sidewalk","status":"Issued","licenseIssued":"2025-01-10","licenseExpires":"2029-01-10","nta":"BX1002","bbl":"2053500062","sid":["row-4yza~bvp2-u354"]}},{"type":"Feature","id":"eoy-e7a307ef8414","geometry":{"type":"Point","coordinates":[-73.965561201504,40.805709717354]},"properties":{"id":"eoy-e7a307ef8414","name":"SAPPS UWS","legalName":"SAPPARO UPPER WEST SIDE INC","street":"2888 BROADWAY","neighborhood":"NEW YORK","borough":"Manhattan","zip":"10025","type":"sidewalk","status":"Issued","licenseIssued":"2026-08-14","licenseExpires":"2030-08-14","nta":"MN0901","bbl":"1018840001","sid":["row-p3u3~rz93-i35c"]}},{"type":"Feature","id":"eoy-e7a741c9e4c2","geometry":{"type":"Point","coordinates":[-73.979582648405,40.72732281331]},"properties":{"id":"eoy-e7a741c9e4c2","name":"DESI GALLI","legalName":"SECOND DESI GALLI, LLC","street":"172 AVENUE B","neighborhood":"NEW YORK","borough":"Manhattan","zip":"10009","type":"roadway","status":"Issued","licenseIssued":"2026-05-15","licenseExpires":"2030-05-15","nta":"MN0303","bbl":"1004040029","sid":["row-jhts-4cnr_dt9m"]}},{"type":"Feature","id":"eoy-e7e5814459eb","geometry":{"type":"Point","coordinates":[-73.98731642956,40.735956215416]},"properties":{"id":"eoy-e7e5814459eb","name":"CASA MONO / BAR JAMON","legalName":"EL MONO LLC","street":"52 IRVING PLACE","neighborhood":"NEW YORK","borough":"Manhattan","zip":"10003","type":"both","status":"Issued","licenseIssued":"2025-04-22","licenseExpires":"2029-04-22","nta":"MN0602","bbl":"1008730022","sid":["row-2xdr_p9yp_vibz","row-u7tc~ww8g-gxwb"]}},{"type":"Feature","id":"eoy-e7fd3d0cc68a","geometry":{"type":"Point","coordinates":[-74.004009041465,40.737529596266]},"properties":{"id":"eoy-e7fd3d0cc68a","name":"CAFE CLUNY","legalName":"WAGAWONGAWITZ, LLC.","street":"284 WEST 12 STREET","neighborhood":"NEW YORK","borough":"Manhattan","zip":"10014","type":"both","status":"Issued","licenseIssued":"2026-02-27","licenseExpires":"2030-02-27","nta":"MN0203","bbl":"1006240048","sid":["row-qvrv.cwee~jins","row-yt9i.my7h-6hs9"]}},{"type":"Feature","id":"eoy-e822e5adfb7b","geometry":{"type":"Point","coordinates":[-73.973865131668,40.779581885372]},"properties":{"id":"eoy-e822e5adfb7b","name":"CLARA","legalName":"GREAT PERFORMANCES/ARTISTS AS WAITRESSES, INC.","street":"2 WEST 77 STREET","neighborhood":"NEW YORK","borough":"Manhattan","zip":"10024","type":"sidewalk","status":"Issued","licenseIssued":"2026-06-19","licenseExpires":"2030-06-19","nta":"MN0702","bbl":"1011290029","sid":["row-tq7c~wyv2.5mcz"]}},{"type":"Feature","id":"eoy-e8273d12a66e","geometry":{"type":"Point","coordinates":[-73.985849784284,40.760527147166]},"properties":{"id":"eoy-e8273d12a66e","name":"PS KITCHEN","legalName":"LANTERN GLOBAL LLC","street":"246 WEST 48 STREET","neighborhood":"NEW YORK","borough":"Manhattan","zip":"10036","type":"roadway","status":"Issued","licenseIssued":"2025-05-16","licenseExpires":"2029-05-16","nta":"MN0502","bbl":"1010190060","sid":["row-rb8q_tk5t_nxqa"]}},{"type":"Feature","id":"eoy-e82c04ef159a","geometry":{"type":"Point","coordinates":[-73.977235864784,40.784654906846]},"properties":{"id":"eoy-e82c04ef159a","name":"THE GIN MILL","legalName":"442 AMSTERDAM RESTAURANT, CORP","street":"442 AMSTERDAM AVENUE","neighborhood":"NEW YORK","borough":"Manhattan","zip":"10024","type":"sidewalk","status":"Issued","licenseIssued":"2026-05-15","licenseExpires":"2030-05-15","nta":"MN0702","bbl":"1012297503","sid":["row-5fpv_j4ym-senk"]}},{"type":"Feature","id":"eoy-e83977df5a4a","geometry":{"type":"Point","coordinates":[-73.997471037845,40.7219119229]},"properties":{"id":"eoy-e83977df5a4a","name":"CRAZY PIZZA","legalName":"218, LLC","street":"218 LAFAYETTE STREET","neighborhood":"NEW YORK","borough":"Manhattan","zip":"10012","type":"sidewalk","status":"Issued","licenseIssued":"2026-09-25","licenseExpires":"2030-09-25","nta":"MN0201","bbl":"1004820027","sid":["row-p2ar_rtrm.4fcj"]}},{"type":"Feature","id":"eoy-e8777e284716","geometry":{"type":"Point","coordinates":[-73.908787294783,40.774786471336]},"properties":{"id":"eoy-e8777e284716","name":"BOTTE","legalName":"BOTTE DITMARS LLC","street":"35-01 DITMARS BOULEVARD","neighborhood":"ASTORIA","borough":"Queens","zip":"11105","type":"sidewalk","status":"Issued","licenseIssued":"2026-07-31","licenseExpires":"2030-07-31","nta":"QN0101","bbl":"4008240001","sid":["row-wa9u_6q9d-7ipk"]}},{"type":"Feature","id":"eoy-e88902de7977","geometry":{"type":"Point","coordinates":[-74.00392930483,40.731622866008]},"properties":{"id":"eoy-e88902de7977","name":"CALIENTE CAB CO.","legalName":"CALIENTE CAB REST CO INC","street":"61 7 AVENUE SOUTH","neighborhood":"NEW YORK","borough":"Manhattan","zip":"10014","type":"sidewalk","status":"Issued","licenseIssued":"2026-04-03","licenseExpires":"2030-04-03","nta":"MN0203","bbl":"1005870021","sid":["row-n6c5.qckc~nwdw"]}},{"type":"Feature","id":"eoy-e889ab720e59","geometry":{"type":"Point","coordinates":[-73.965701098119,40.758722332241]},"properties":{"id":"eoy-e889ab720e59","name":"ANATOLI 56","legalName":"MAZI HOSPITALITY GROUP CORP.","street":"1066 2 AVENUE","neighborhood":"NEW YORK","borough":"Manhattan","zip":"10022","type":"roadway","status":"Issued","licenseIssued":"2026-05-08","licenseExpires":"2030-05-08","nta":"MN0604","bbl":"1013490001","sid":["row-2jjt_syhq_yrsz"]}},{"type":"Feature","id":"eoy-e8b7aa88a198","geometry":{"type":"Point","coordinates":[-74.002356057989,40.729322795774]},"properties":{"id":"eoy-e8b7aa88a198","name":"IL PITTINO","legalName":"BAR GIACOSA CORP","street":"268 6 AVENUE","neighborhood":"NEW YORK","borough":"Manhattan","zip":"10014","type":"sidewalk","status":"Issued","licenseIssued":"2026-06-19","licenseExpires":"2030-06-19","nta":"MN0202","bbl":"1005260016","sid":["row-q6hp~heb9-gpxt"]}},{"type":"Feature","id":"eoy-e8dc81eeaa7f","geometry":{"type":"Point","coordinates":[-73.950588749846,40.718250765872]},"properties":{"id":"eoy-e8dc81eeaa7f","name":"BECO","legalName":"SAMPA RESTAURANT LLC","street":"45 RICHARDSON STREET","neighborhood":"BROOKLYN","borough":"Brooklyn","zip":"11211","type":"both","status":"Issued","licenseIssued":"2025-05-16","licenseExpires":"2029-05-16","nta":"BK0102","bbl":"3027210033","sid":["row-55dn_see5~zcbu","row-au7e~6g2f.6afx"]}},{"type":"Feature","id":"eoy-e8f0420c992f","geometry":{"type":"Point","coordinates":[-73.994181901586,40.751212158329]},"properties":{"id":"eoy-e8f0420c992f","name":"AVRA ESTIATORIO","legalName":"T-BONE HOSPITALITY LLC","street":"441 8TH AVE","neighborhood":"NEW YORK","borough":"Manhattan","zip":"10001","type":"sidewalk","status":"Issued","licenseIssued":"2026-06-19","licenseExpires":"2030-06-19","nta":"MN0401","bbl":null,"sid":["row-j7vh.ge8g.uaz5"]}},{"type":"Feature","id":"eoy-e8fb5314add0","geometry":{"type":"Point","coordinates":[-73.993473213585,40.727494620278]},"properties":{"id":"eoy-e8fb5314add0","name":"LAFAYETTE","legalName":"LAFAYETTE STREET PARTNERS II LLC","street":"380 LAFAYETTE STREET","neighborhood":"NEW YORK","borough":"Manhattan","zip":"10003","type":"sidewalk","status":"Issued","licenseIssued":"2026-07-03","licenseExpires":"2030-07-03","nta":"MN0202","bbl":"1005317504","sid":["row-xy7e.k9pz.jx5q"]}},{"type":"Feature","id":"eoy-e91f68d9cd45","geometry":{"type":"Point","coordinates":[-74.03192981949,40.621308699709]},"properties":{"id":"eoy-e91f68d9cd45","name":"PANINO RUSTICO","legalName":"PANINO RUSTICO OF BAY RIDGE CORP","street":"8901 3 AVENUE","neighborhood":"BROOKLYN","borough":"Brooklyn","zip":"11209","type":"sidewalk","status":"Issued","licenseIssued":"2026-05-15","licenseExpires":"2030-05-15","nta":"BK1001","bbl":"3060640004","sid":["row-w4sy_zb2b~tpgf"]}},{"type":"Feature","id":"eoy-e968a1cb060a","geometry":{"type":"Point","coordinates":[-74.033924551021,40.612519324609]},"properties":{"id":"eoy-e968a1cb060a","name":"POSITANO","legalName":"OSTERIA POSITANO LLC","street":"10018 4 AVENUE","neighborhood":"BROOKLYN","borough":"Brooklyn","zip":"11209","type":"sidewalk","status":"Issued","licenseIssued":"2026-04-03","licenseExpires":"2030-04-03","nta":"BK1001","bbl":"3061370045","sid":["row-imzz-egig.sfdi"]}},{"type":"Feature","id":"eoy-e9a40990ff62","geometry":{"type":"Point","coordinates":[-73.989072482032,40.743515474188]},"properties":{"id":"eoy-e9a40990ff62","name":"LA PECORA BIANCA","legalName":"LPB1 LLC","street":"1133 BROADWAY","neighborhood":"NEW YORK","borough":"Manhattan","zip":"10010","type":"both","status":"Issued","licenseIssued":"2026-03-13","licenseExpires":"2030-03-13","nta":"MN0501","bbl":"1008270049","sid":["row-5tbf~csk9-6tkc","row-ihus_tmxq_6dec"]}},{"type":"Feature","id":"eoy-ea05d15afda3","geometry":{"type":"Point","coordinates":[-74.00029224493,40.727667725853]},"properties":{"id":"eoy-ea05d15afda3","name":"LUPA OSTERIA ROMANA","legalName":"RED CLAM, LLC","street":"170 THOMPSON STREET","neighborhood":"NEW YORK","borough":"Manhattan","zip":"10012","type":"roadway","status":"Issued","licenseIssued":"2025-05-09","licenseExpires":"2029-05-09","nta":"MN0202","bbl":"1005250035","sid":["row-yd7a~e9mg~az4y"]}},{"type":"Feature","id":"eoy-ea2566f4fd07","geometry":{"type":"Point","coordinates":[-73.927603281553,40.687365364511]},"properties":{"id":"eoy-ea2566f4fd07","name":"PASSIONFRUIT COFFEE","legalName":"SIOK HOSPITALITY LLC","street":"733 MADISON STREET","neighborhood":"BROOKLYN","borough":"Brooklyn","zip":"11221","type":"sidewalk","status":"Issued","licenseIssued":"2025-05-09","licenseExpires":"2029-05-09","nta":"BK0302","bbl":"3016420050","sid":["row-76v7~c5j5_7xid"]}},{"type":"Feature","id":"eoy-ea477390e8d7","geometry":{"type":"Point","coordinates":[-73.979415857365,40.776528103646]},"properties":{"id":"eoy-ea477390e8d7","name":"PARM","legalName":"PARM UPPER WEST LLC","street":"235 COLUMBUS AVENUE","neighborhood":"NEW YORK","borough":"Manhattan","zip":"10023","type":"roadway","status":"Issued","licenseIssued":"2026-06-26","licenseExpires":"2030-06-26","nta":"MN0701","bbl":"1011230061","sid":["row-rmci.gefx~g4i9"]}},{"type":"Feature","id":"eoy-ea733a413cce","geometry":{"type":"Point","coordinates":[-73.995800621743,40.723089378962]},"properties":{"id":"eoy-ea733a413cce","name":"PARM","legalName":"PARM MULBERRY LLC","street":"248 MULBERRY STREET","neighborhood":"NEW YORK","borough":"Manhattan","zip":"10012","type":"roadway","status":"Issued","licenseIssued":"2026-06-26","licenseExpires":"2030-06-26","nta":"MN0201","bbl":"1004940012","sid":["row-4pjt_tbgb_4vih"]}},{"type":"Feature","id":"eoy-ea8cea7b617d","geometry":{"type":"Point","coordinates":[-73.886770178979,40.749473898247]},"properties":{"id":"eoy-ea8cea7b617d","name":"SEBA SEBA","legalName":"LUJA CORP","street":"79-28 37 AVENUE","neighborhood":"JACKSON HEIGHTS","borough":"Queens","zip":"11372","type":"sidewalk","status":"Issued","licenseIssued":"2026-07-31","licenseExpires":"2030-07-31","nta":"QN0301","bbl":"4012900001","sid":["row-4rdc~xhnw_hcte"]}},{"type":"Feature","id":"eoy-eaaa7a6c4a8d","geometry":{"type":"Point","coordinates":[-73.99256750253,40.728521107598]},"properties":{"id":"eoy-eaaa7a6c4a8d","name":"JEAN'S","legalName":"CGM-LLNR LLC","street":"415 LAFAYETTE STREET","neighborhood":"NEW YORK","borough":"Manhattan","zip":"10003","type":"sidewalk","status":"Issued","licenseIssued":"2026-09-04","licenseExpires":"2030-09-04","nta":"MN0202","bbl":"1005440011","sid":["row-tne3_xgp9.fxcw"]}},{"type":"Feature","id":"eoy-eacd6568a845","geometry":{"type":"Point","coordinates":[-73.999906183292,40.734526894366]},"properties":{"id":"eoy-eacd6568a845","name":"ARVINE","legalName":"ARVINE HOSPITALITY LLC","street":"19 GREENWICH AVENUE","neighborhood":"NEW YORK","borough":"Manhattan","zip":"10014","type":"sidewalk","status":"Issued","licenseIssued":"2026-07-20","licenseExpires":"2030-07-20","nta":"MN0203","bbl":"1006100054","sid":["row-rhs7-6xfr_j5dt"]}},{"type":"Feature","id":"eoy-eaef74ae025e","geometry":{"type":"Point","coordinates":[-73.956490218544,40.713235719259]},"properties":{"id":"eoy-eaef74ae025e","name":"HAVE & MEYER","legalName":"VABEH FIRST LLC","street":"103 HAVEMEYER STREET","neighborhood":"BROOKLYN","borough":"Brooklyn","zip":"11211","type":"sidewalk","status":"Issued","licenseIssued":"2026-06-05","licenseExpires":"2030-06-05","nta":"BK0102","bbl":"3023840003","sid":["row-gk48-ef8y-28ic"]}},{"type":"Feature","id":"eoy-eaf7fd338c46","geometry":{"type":"Point","coordinates":[-73.956136299926,40.713864136591]},"properties":{"id":"eoy-eaf7fd338c46","name":"OH BOY","legalName":"O B HOSPITALITY INC.","street":"84 HAVEMEYER STREET","neighborhood":"BROOKLYN","borough":"Brooklyn","zip":"11211","type":"roadway","status":"Issued","licenseIssued":"2026-04-10","licenseExpires":"2030-04-10","nta":"BK0102","bbl":"3023680023","sid":["row-dhfk-dk5s-tb8s"]}},{"type":"Feature","id":"eoy-eb0a8a796c80","geometry":{"type":"Point","coordinates":[-73.995900734228,40.679293811719]},"properties":{"id":"eoy-eb0a8a796c80","name":"NILI CAFE","legalName":"360 NIGEL LLC","street":"360 SMITH STREET","neighborhood":"BROOKLYN","borough":"Brooklyn","zip":"11231","type":"sidewalk","status":"Issued","licenseIssued":"2026-02-27","licenseExpires":"2030-02-27","nta":"BK0601","bbl":"3004590024","sid":["row-hyjh-fjnn_fh33"]}},{"type":"Feature","id":"eoy-eb1ad1f1a738","geometry":{"type":"Point","coordinates":[-73.919814044932,40.682024336781]},"properties":{"id":"eoy-eb1ad1f1a738","name":"CICCHETTI BK","legalName":"CANTINA SOCIALE BEDSTUY INC.","street":"185 HOWARD AVENUE","neighborhood":"BROOKLYN","borough":"Brooklyn","zip":"11233","type":"sidewalk","status":"Issued","licenseIssued":"2026-07-31","licenseExpires":"2030-07-31","nta":"BK0302","bbl":"3015090007","sid":["row-sb6u~yqgr.wsyq"]}},{"type":"Feature","id":"eoy-eb4b98013146","geometry":{"type":"Point","coordinates":[-73.954120011209,40.781521722267]},"properties":{"id":"eoy-eb4b98013146","name":"PATISSERIE VANESSA","legalName":"SHIRA LLC","street":"1340 LEXINGTON AVENUE","neighborhood":"NEW YORK","borough":"Manhattan","zip":"10128","type":"sidewalk","status":"Issued","licenseIssued":"2026-08-14","licenseExpires":"2030-08-14","nta":"MN0802","bbl":"1015180016","sid":["row-k5s9~vxyz~cbnv"]}},{"type":"Feature","id":"eoy-eb674111bf0f","geometry":{"type":"Point","coordinates":[-73.952906851365,40.776295219107]},"properties":{"id":"eoy-eb674111bf0f","name":"BUA THAI RAMEN & ROBATA GRILL","legalName":"SIRICHAI INC","street":"1611 2 AVENUE","neighborhood":"NEW YORK","borough":"Manhattan","zip":"10028","type":"sidewalk","status":"Issued","licenseIssued":"2026-06-26","licenseExpires":"2030-06-26","nta":"MN0803","bbl":"1015290025","sid":["row-nywk_rm34_iprv"]}},{"type":"Feature","id":"eoy-eb67609d33c7","geometry":{"type":"Point","coordinates":[-73.952624130793,40.808158912411]},"properties":{"id":"eoy-eb67609d33c7","name":"ANGEL OF HARLEM","legalName":"ANGEL OF HARLEM LLC","street":"2272 FREDERICK DOUGLASS BOULEVARD","neighborhood":"NEW YORK","borough":"Manhattan","zip":"10027","type":"roadway","status":"Issued","licenseIssued":"2026-03-20","licenseExpires":"2030-03-20","nta":"MN1001","bbl":"1019270061","sid":["row-tt34-46rb-6fyn"]}},{"type":"Feature","id":"eoy-ebd312ad11dc","geometry":{"type":"Point","coordinates":[-73.989217234711,40.718842793849]},"properties":{"id":"eoy-ebd312ad11dc","name":"LE JARDIN BISTRO / THE DL","legalName":"93 LUDLOW ST. INC.","street":"95 DELANCEY STREET","neighborhood":"NEW YORK","borough":"Manhattan","zip":"10002","type":"sidewalk","status":"Issued","licenseIssued":"2026-03-27","licenseExpires":"2030-03-27","nta":"MN0302","bbl":"1004090017","sid":["row-rna2.2ucn.x699"]}},{"type":"Feature","id":"eoy-ebe4d4110f18","geometry":{"type":"Point","coordinates":[-73.9887099155,40.732201523124]},"properties":{"id":"eoy-ebe4d4110f18","name":"STARS","legalName":"CACHE SP LLC","street":"139 EAST 12 STREET","neighborhood":"NEW YORK","borough":"Manhattan","zip":"10003","type":"sidewalk","status":"Issued","licenseIssued":"2026-07-31","licenseExpires":"2030-07-31","nta":"MN0303","bbl":"1005580036","sid":["row-y8m9-tvxb_k88x"]}},{"type":"Feature","id":"eoy-ec319adb81e4","geometry":{"type":"Point","coordinates":[-73.996466159306,40.690808159112]},"properties":{"id":"eoy-ec319adb81e4","name":"THE LONG ISLAND BAR","legalName":"LONG BLAST LLC","street":"110 ATLANTIC AVENUE","neighborhood":"BROOKLYN","borough":"Brooklyn","zip":"11201","type":"sidewalk","status":"Issued","licenseIssued":"2025-10-31","licenseExpires":"2029-10-31","nta":"BK0601","bbl":"3002840025","sid":["row-pkr3.yqsm_4vji"]}},{"type":"Feature","id":"eoy-ec6235075098","geometry":{"type":"Point","coordinates":[-73.978911804181,40.783376172272]},"properties":{"id":"eoy-ec6235075098","name":"BLONDIES","legalName":"PJJK RESTAURANT CORP","street":"212 WEST 79 STREET","neighborhood":"NEW YORK","borough":"Manhattan","zip":"10024","type":"sidewalk","status":"Issued","licenseIssued":"2026-06-03","licenseExpires":"2030-06-03","nta":"MN0702","bbl":"1011700040","sid":["row-y4gs-4mpb~dxzw"]}},{"type":"Feature","id":"eoy-ec6593b80a83","geometry":{"type":"Point","coordinates":[-74.003236113862,40.722987853809]},"properties":{"id":"eoy-ec6593b80a83","name":"HEROES / PEARL BOX","legalName":"357WBROADWAY LLC","street":"357 WEST BROADWAY","neighborhood":"NEW YORK","borough":"Manhattan","zip":"10013","type":"sidewalk","status":"Issued","licenseIssued":"2026-07-31","licenseExpires":"2030-07-31","nta":"MN0201","bbl":"1004750010","sid":["row-kmvg~nff6~i4xi"]}},{"type":"Feature","id":"eoy-ec9eb94f7eb7","geometry":{"type":"Point","coordinates":[-73.95094383037,40.774740865607]},"properties":{"id":"eoy-ec9eb94f7eb7","name":"FELICE 83","legalName":"EIGHTY THIRD AND FIRST LLC.","street":"1593 1 AVENUE","neighborhood":"NEW YORK","borough":"Manhattan","zip":"10028","type":"both","status":"Issued","licenseIssued":"2026-03-20","licenseExpires":"2030-03-20","nta":"MN0803","bbl":"1015450030","sid":["row-4cnb~6cfz_3y7v","row-idgy.6e6t~5sg8"]}},{"type":"Feature","id":"eoy-ed09df4be4ea","geometry":{"type":"Point","coordinates":[-73.977268381274,40.784605507747]},"properties":{"id":"eoy-ed09df4be4ea","name":"ORWASHERS","legalName":"BENVA BAKERY, LLC","street":"440 AMSTERDAM AVENUE","neighborhood":"NEW YORK","borough":"Manhattan","zip":"10024","type":"sidewalk","status":"Issued","licenseIssued":"2026-07-31","licenseExpires":"2030-07-31","nta":"MN0702","bbl":"1012290029","sid":["row-ky5r-eyhq.s3bw"]}},{"type":"Feature","id":"eoy-ed35b43e50a0","geometry":{"type":"Point","coordinates":[-73.997798674471,40.741800496846]},"properties":{"id":"eoy-ed35b43e50a0","name":"BEER RUN","legalName":"203 WEST 19TH TAVERN INC","street":"203 WEST 19 STREET","neighborhood":"NEW YORK","borough":"Manhattan","zip":"10011","type":"roadway","status":"Issued","licenseIssued":"2026-02-13","licenseExpires":"2030-02-13","nta":"MN0401","bbl":"1007690034","sid":["row-rz8r-vztn_m7h2"]}},{"type":"Feature","id":"eoy-ed371474aabd","geometry":{"type":"Point","coordinates":[-73.979078660023,40.723757270856]},"properties":{"id":"eoy-ed371474aabd","name":"ABC BEER CO.","legalName":"ALPHABET CITY BEER CO., LLC","street":"96 AVENUE C","neighborhood":"NEW YORK","borough":"Manhattan","zip":"10009","type":"sidewalk","status":"Issued","licenseIssued":"2026-03-20","licenseExpires":"2030-03-20","nta":"MN0303","bbl":"1003760004","sid":["row-ck4q_hpvx_mk49"]}},{"type":"Feature","id":"eoy-ed4716d7b3a7","geometry":{"type":"Point","coordinates":[-73.902400650832,40.904590838712]},"properties":{"id":"eoy-ed4716d7b3a7","name":"EARLY BIRD COFFE","legalName":"EARLYBIRD COFFEE INC","street":"5628 MOSHOLU AVENUE","neighborhood":"BRONX","borough":"Bronx","zip":"10471","type":"sidewalk","status":"Issued","licenseIssued":"2026-07-21","licenseExpires":"2030-07-21","nta":"BX0803","bbl":"2058481744","sid":["row-yvn6_idye~d8r7"]}},{"type":"Feature","id":"eoy-ed67e3f7e368","geometry":{"type":"Point","coordinates":[-73.956425729441,40.773027605414]},"properties":{"id":"eoy-ed67e3f7e368","name":"PIL PIL","legalName":"PIL PIL SPANISH TAPAS INC","street":"265 EAST 78 STREET","neighborhood":"NEW YORK","borough":"Manhattan","zip":"10075","type":"sidewalk","status":"Issued","licenseIssued":"2026-07-31","licenseExpires":"2030-07-31","nta":"MN0801","bbl":"1014330022","sid":["row-k6jz.isjy~pjti"]}},{"type":"Feature","id":"eoy-ed7561c20cc3","geometry":{"type":"Point","coordinates":[-73.966846856544,40.640132075161]},"properties":{"id":"eoy-ed7561c20cc3","name":"THE CASTELLO PLAN","legalName":"SHAKEEN LLC","street":"1213 CORTELYOU ROAD","neighborhood":"BROOKLYN","borough":"Brooklyn","zip":"11218","type":"sidewalk","status":"Issued","licenseIssued":"2025-10-03","licenseExpires":"2029-10-03","nta":"BK1402","bbl":"3051430084","sid":["row-2yf2.4fmh.2xua"]}},{"type":"Feature","id":"eoy-ed75c288e335","geometry":{"type":"Point","coordinates":[-74.002352521821,40.731351177437]},"properties":{"id":"eoy-ed75c288e335","name":"SIP & GUZZLE","legalName":"WF 1 LLC","street":"29 CORNELIA STREET","neighborhood":"NEW YORK","borough":"Manhattan","zip":"10014","type":"sidewalk","status":"Issued","licenseIssued":"2026-05-15","licenseExpires":"2030-05-15","nta":"MN0203","bbl":"1005900045","sid":["row-p6xp~egit_s3we"]}},{"type":"Feature","id":"eoy-ed936bd59d84","geometry":{"type":"Point","coordinates":[-73.956439536567,40.719010693384]},"properties":{"id":"eoy-ed936bd59d84","name":"PARTNERS COFFEE","legalName":"PARTNERS COFFEE BEDFORD LLC","street":"145 BEDFORD AVENUE","neighborhood":"BROOKLYN","borough":"Brooklyn","zip":"11211","type":"sidewalk","status":"Issued","licenseIssued":"2026-09-18","licenseExpires":"2030-09-18","nta":"BK0102","bbl":"3023050001","sid":["row-drbv~wnm2.gwxe"]}},{"type":"Feature","id":"eoy-edc2700532d4","geometry":{"type":"Point","coordinates":[-73.987621690674,40.724403531179]},"properties":{"id":"eoy-edc2700532d4","name":"RAKE","legalName":"RAKE NYC INC.","street":"45 1 AVENUE","neighborhood":"NEW YORK","borough":"Manhattan","zip":"10003","type":"sidewalk","status":"Issued","licenseIssued":"2026-04-24","licenseExpires":"2030-04-24","nta":"MN0303","bbl":"1004440034","sid":["row-eadd~zhwm-q3qw"]}},{"type":"Feature","id":"eoy-edd405853f7d","geometry":{"type":"Point","coordinates":[-73.991577084022,40.714462341278]},"properties":{"id":"eoy-edd405853f7d","name":"FORGTMENOT","legalName":"PLAN A GROUP, LLC","street":"138 DIVISION STREET","neighborhood":"NEW YORK","borough":"Manhattan","zip":"10002","type":"both","status":"Issued","licenseIssued":"2026-04-17","licenseExpires":"2030-04-17","nta":"MN0301","bbl":"1002940028","sid":["row-b6vq.i4ga_ne93","row-rxin_kpnr~fd3j"]}},{"type":"Feature","id":"eoy-edd74ecbe5b7","geometry":{"type":"Point","coordinates":[-73.918158340694,40.872885130156]},"properties":{"id":"eoy-edd74ecbe5b7","name":"THE INWOOD FARM","legalName":"INWOOD FARMS, LLC","street":"600 WEST 218 STREET","neighborhood":"NEW YORK","borough":"Manhattan","zip":"10034","type":"both","status":"Issued","licenseIssued":"2026-06-05","licenseExpires":"2030-06-05","nta":"MN1203","bbl":"1022500058","sid":["row-cj8w_txwm~h3hp","row-uetm_7cx2-t932"]}},{"type":"Feature","id":"eoy-ee3d926081a3","geometry":{"type":"Point","coordinates":[-73.952462312075,40.776901626669]},"properties":{"id":"eoy-ee3d926081a3","name":"ETHYL'S ALCOHOL & FOOD","legalName":"1629 2ND RESTAURANT, LLC","street":"1629 2 AVENUE","neighborhood":"NEW YORK","borough":"Manhattan","zip":"10028","type":"sidewalk","status":"Issued","licenseIssued":"2026-09-25","licenseExpires":"2030-09-25","nta":"MN0803","bbl":"1015300026","sid":["row-6eh8~4icd~5kbj"]}},{"type":"Feature","id":"eoy-ee6c57ab573f","geometry":{"type":"Point","coordinates":[-73.987599557418,40.72700831208]},"properties":{"id":"eoy-ee6c57ab573f","name":"ELSEWHERE ESPRESSO","legalName":"ELSEWHERE ESPRESSO LLC","street":"335 EAST 6 STREET","neighborhood":"NEW YORK","borough":"Manhattan","zip":"10003","type":"roadway","status":"Issued","licenseIssued":"2025-08-29","licenseExpires":"2029-08-29","nta":"MN0303","bbl":"1004480038","sid":["row-gykb~q2ss.r8hw"]}},{"type":"Feature","id":"eoy-ee9a03ddb84c","geometry":{"type":"Point","coordinates":[-73.91370824491,40.774938493062]},"properties":{"id":"eoy-ee9a03ddb84c","name":"NYC BAGELS & COFFEE HOUSE","legalName":"NYC BAGELS & COFFEE SHOP INC","street":"29-08 23 AVENUE","neighborhood":"ASTORIA","borough":"Queens","zip":"11105","type":"sidewalk","status":"Issued","licenseIssued":"2026-07-31","licenseExpires":"2030-07-31","nta":"QN0101","bbl":"4008420066","sid":["row-mc7e~skyd.775v"]}},{"type":"Feature","id":"eoy-eec9dd29f639","geometry":{"type":"Point","coordinates":[-73.994095980165,40.702772523621]},"properties":{"id":"eoy-eec9dd29f639","name":"7 OLD FULTON","legalName":"DUMBO RESTAURANT GROUP CORP","street":"7 OLD FULTON STREET","neighborhood":"BROOKLYN","borough":"Brooklyn","zip":"11201","type":"both","status":"Issued","licenseIssued":"2026-07-21","licenseExpires":"2030-07-21","nta":"BK0202","bbl":"3000350011","sid":["row-89dk.3exu-n3xe","row-e76p_yciu_yy9i"]}},{"type":"Feature","id":"eoy-eeda9bfb4479","geometry":{"type":"Point","coordinates":[-73.981749612031,40.693082177833]},"properties":{"id":"eoy-eeda9bfb4479","name":"VINE","legalName":"WL BROOKLYN LLC","street":"81 FLEET PLACE","neighborhood":"BROOKLYN","borough":"Brooklyn","zip":"11201","type":"roadway","status":"Issued","licenseIssued":"2025-03-24","licenseExpires":"2029-03-24","nta":"BK0203","bbl":"3020610110","sid":["row-8s7n_kwfb-2rik"]}},{"type":"Feature","id":"eoy-eeee35e32bb3","geometry":{"type":"Point","coordinates":[-73.967092473451,40.76993232981]},"properties":{"id":"eoy-eeee35e32bb3","name":"BIRLEY BAKERY","legalName":"BIRLEY PASTRY MADISON AVENUE, LLC","street":"20 EAST 69 STREET","neighborhood":"NEW YORK","borough":"Manhattan","zip":"10021","type":"sidewalk","status":"Issued","licenseIssued":"2026-04-10","licenseExpires":"2030-04-10","nta":"MN0802","bbl":"1013830058","sid":["row-f7tv-x77u.jffx"]}},{"type":"Feature","id":"eoy-ef1025c3b206","geometry":{"type":"Point","coordinates":[-73.973940058599,40.791259729672]},"properties":{"id":"eoy-ef1025c3b206","name":"DAGON","legalName":"DEOR LLC","street":"2454 BROADWAY","neighborhood":"NEW YORK","borough":"Manhattan","zip":"10024","type":"both","status":"Issued","licenseIssued":"2025-07-03","licenseExpires":"2029-07-03","nta":"MN0702","bbl":"1012380046","sid":["row-c7ms-ddcu~8utk","row-evfj~iyts-zhzt"]}},{"type":"Feature","id":"eoy-ef151a4ffc3e","geometry":{"type":"Point","coordinates":[-73.944936749162,40.808539748359]},"properties":{"id":"eoy-ef151a4ffc3e","name":"CORNER SOCIAL","legalName":"SUN OF MAY LLC","street":"321 LENOX AVENUE","neighborhood":"NEW YORK","borough":"Manhattan","zip":"10027","type":"sidewalk","status":"Issued","licenseIssued":"2026-08-28","licenseExpires":"2030-08-28","nta":"MN1002","bbl":"1019110029","sid":["row-uwym~hkeh-tvxq"]}},{"type":"Feature","id":"eoy-ef1db281fed9","geometry":{"type":"Point","coordinates":[-73.93483099634,40.681913088165]},"properties":{"id":"eoy-ef1db281fed9","name":"PEACHES","legalName":"HOLLAPENO LLC","street":"393 LEWIS AVENUE","neighborhood":"BROOKLYN","borough":"Brooklyn","zip":"11233","type":"sidewalk","status":"Issued","licenseIssued":"2026-06-12","licenseExpires":"2030-06-12","nta":"BK0302","bbl":"3016750001","sid":["row-xr5z.jxj6.9e2b"]}},{"type":"Feature","id":"eoy-ef5fb649111a","geometry":{"type":"Point","coordinates":[-74.000873276672,40.739058496307]},"properties":{"id":"eoy-ef5fb649111a","name":"LA NACIONAL","legalName":"LA NACIONAL CAFE LLC","street":"239 WEST 14 STREET","neighborhood":"NEW YORK","borough":"Manhattan","zip":"10011","type":"roadway","status":"Issued","licenseIssued":"2026-03-20","licenseExpires":"2030-03-20","nta":"MN0401","bbl":"1007640018","sid":["row-5t8g~yjci-zi3g"]}},{"type":"Feature","id":"eoy-ef7ba6d7c1fd","geometry":{"type":"Point","coordinates":[-73.995129634394,40.722444332192]},"properties":{"id":"eoy-ef7ba6d7c1fd","name":"THE ELK ON MOTT","legalName":"THE ELK MOTT LLC","street":"228 MOTT STREET","neighborhood":"NEW YORK","borough":"Manhattan","zip":"10012","type":"roadway","status":"Issued","licenseIssued":"2026-06-12","licenseExpires":"2030-06-12","nta":"MN0201","bbl":"1004930009","sid":["row-k8nx_55gs~zbk6"]}},{"type":"Feature","id":"eoy-ef838c3d0037","geometry":{"type":"Point","coordinates":[-73.99046605311,40.714459509526]},"properties":{"id":"eoy-ef838c3d0037","name":"TOLO","legalName":"CRISPY DUCK AND NICE WINE LLC","street":"28 CANAL STREET","neighborhood":"NEW YORK","borough":"Manhattan","zip":"10002","type":"both","status":"Issued","licenseIssued":"2025-10-03","licenseExpires":"2029-10-03","nta":"MN0301","bbl":"1002830074","sid":["row-d33q~hcuu~5h4g","row-ye29-mahy.icyu"]}},{"type":"Feature","id":"eoy-efccdf4fc965","geometry":{"type":"Point","coordinates":[-73.989724814174,40.725792590717]},"properties":{"id":"eoy-efccdf4fc965","name":"KONA COFFEE ROASTERS","legalName":"KONA COFFEE AND COMPANY INC","street":"57 2 AVENUE","neighborhood":"NEW YORK","borough":"Manhattan","zip":"10003","type":"sidewalk","status":"Issued","licenseIssued":"2026-05-08","licenseExpires":"2030-05-08","nta":"MN0303","bbl":"1004590032","sid":["row-y3rk_n6fa_tvy9"]}},{"type":"Feature","id":"eoy-efd395863da3","geometry":{"type":"Point","coordinates":[-74.000227028762,40.647885389569]},"properties":{"id":"eoy-efd395863da3","name":"LIEBRE CAFE","legalName":"LIEBRE CAFE LLC","street":"4017 7 AVENUE","neighborhood":"BROOKLYN","borough":"Brooklyn","zip":"11232","type":"sidewalk","status":"Issued","licenseIssued":"2026-08-07","licenseExpires":"2030-08-07","nta":"BK0703","bbl":"3009190001","sid":["row-2xdf~4mku.kaej"]}},{"type":"Feature","id":"eoy-efd5f8864702","geometry":{"type":"Point","coordinates":[-74.001427420416,40.729055405003]},"properties":{"id":"eoy-efd5f8864702","name":"DAME","legalName":"PESH LLC","street":"87 MACDOUGAL STREET","neighborhood":"NEW YORK","borough":"Manhattan","zip":"10012","type":"sidewalk","status":"Issued","licenseIssued":"2026-07-02","licenseExpires":"2030-07-02","nta":"MN0202","bbl":"1005260025","sid":["row-nzg2-h9y7-en72"]}},{"type":"Feature","id":"eoy-efea73b32b2f","geometry":{"type":"Point","coordinates":[-73.985316119962,40.741601955353]},"properties":{"id":"eoy-efea73b32b2f","name":"UPLAND","legalName":"26th Street Restaurant, LLC","street":"345 PARK AVENUE SOUTH","neighborhood":"NEW YORK","borough":"Manhattan","zip":"10010","type":"both","status":"Issued","licenseIssued":"2025-10-24","licenseExpires":"2029-10-24","nta":"MN0602","bbl":"1008810001","sid":["row-jjxc-g4k5~cjw9","row-pg9n-6vb2~x6n9"]}},{"type":"Feature","id":"eoy-effb85dec9c2","geometry":{"type":"Point","coordinates":[-73.999155730482,40.728170015273]},"properties":{"id":"eoy-effb85dec9c2","name":"PECULIAR PUB","legalName":"FULL-JEEP CORP","street":"145 BLEECKER STREET","neighborhood":"NEW YORK","borough":"Manhattan","zip":"10012","type":"roadway","status":"Issued","licenseIssued":"2025-08-15","licenseExpires":"2029-08-15","nta":"MN0202","bbl":"1005370034","sid":["row-j4bx-rjrc.urxv"]}},{"type":"Feature","id":"eoy-f00b4f17e132","geometry":{"type":"Point","coordinates":[-73.976664045202,40.757478964608]},"properties":{"id":"eoy-f00b4f17e132","name":"OSTERIA DELBIANCO","legalName":"22 CAFE INC","street":"22 EAST 49 STREET","neighborhood":"NEW YORK","borough":"Manhattan","zip":"10017","type":"roadway","status":"Issued","licenseIssued":"2026-05-08","licenseExpires":"2030-05-08","nta":"MN0502","bbl":"1012840059","sid":["row-jzed.yv83-kdwv"]}},{"type":"Feature","id":"eoy-f010ad5d78fb","geometry":{"type":"Point","coordinates":[-73.975609148834,40.789381035232]},"properties":{"id":"eoy-f010ad5d78fb","name":"LA FARINE PATISSERIE ET CAFE","legalName":"BABKAFE INC","street":"2394 BROADWAY","neighborhood":"NEW YORK","borough":"Manhattan","zip":"10024","type":"sidewalk","status":"Issued","licenseIssued":"2026-08-28","licenseExpires":"2030-08-28","nta":"MN0702","bbl":"1012350042","sid":["row-qq2a_93he.r9k6"]}},{"type":"Feature","id":"eoy-f049e04201d1","geometry":{"type":"Point","coordinates":[-73.988462816594,40.700697048095]},"properties":{"id":"eoy-f049e04201d1","name":"BLUESTONE LANE","legalName":"BL 55 PROSPECT LLC","street":"55 PROSPECT STREET","neighborhood":"BROOKLYN","borough":"Brooklyn","zip":"11201","type":"sidewalk","status":"Issued","licenseIssued":"2026-05-08","licenseExpires":"2030-05-08","nta":"BK0202","bbl":"3000630001","sid":["row-zm4q_rg5j.fbu2"]}},{"type":"Feature","id":"eoy-f054462f3858","geometry":{"type":"Point","coordinates":[-73.966865338598,40.67533936305]},"properties":{"id":"eoy-f054462f3858","name":"GOLD STAR BEER COUNTER","legalName":"BIERENDELI'S LLC","street":"340 STERLING PLACE","neighborhood":"BROOKLYN","borough":"Brooklyn","zip":"11238","type":"sidewalk","status":"Issued","licenseIssued":"2026-04-03","licenseExpires":"2030-04-03","nta":"BK0801","bbl":"3011710052","sid":["row-f3my-mrpa-vatu"]}},{"type":"Feature","id":"eoy-f06445f6f3ed","geometry":{"type":"Point","coordinates":[-73.969050822571,40.68914070306]},"properties":{"id":"eoy-f06445f6f3ed","name":"BROOKLYN HERO SHOP","legalName":"BROOKLYN HERO SHOP LLC","street":"270 VANDERBILT AVENUE","neighborhood":"BROOKLYN","borough":"Brooklyn","zip":"11205","type":"roadway","status":"Issued","licenseIssued":"2026-09-04","licenseExpires":"2030-09-04","nta":"BK0204","bbl":"3021050034","sid":["row-v284-hv4s_7rvh"]}},{"type":"Feature","id":"eoy-f080941a67ba","geometry":{"type":"Point","coordinates":[-73.976128430662,40.761359943296]},"properties":{"id":"eoy-f080941a67ba","name":"IL GATTOPARDO","legalName":"54TH STREET HOSPITALITY, LLC","street":"13 WEST 54 STREET","neighborhood":"NEW YORK","borough":"Manhattan","zip":"10019","type":"roadway","status":"Issued","licenseIssued":"2026-04-17","licenseExpires":"2030-04-17","nta":"MN0502","bbl":"1012700026","sid":["row-3cg7.e7ab_afdw"]}},{"type":"Feature","id":"eoy-f0b863271437","geometry":{"type":"Point","coordinates":[-73.949943577142,40.717506653842]},"properties":{"id":"eoy-f0b863271437","name":"SILVER LIGHT TAVERN","legalName":"BRK BAR GROUP LLC","street":"689 LORIMER STREET","neighborhood":"BROOKLYN","borough":"Brooklyn","zip":"11211","type":"both","status":"Issued","licenseIssued":"2026-09-04","licenseExpires":"2030-09-04","nta":"BK0102","bbl":"3027360025","sid":["row-qicf_fh8h-tq3y","row-swb5_visn-56v6"]}},{"type":"Feature","id":"eoy-f0c45a29f2ec","geometry":{"type":"Point","coordinates":[-73.971550588105,40.762813621565]},"properties":{"id":"eoy-f0c45a29f2ec","name":"OSTERIA SERAFINA","legalName":"SOFIA 58TH STREET CORP","street":"38 EAST 58 STREET","neighborhood":"NEW YORK","borough":"Manhattan","zip":"10022","type":"roadway","status":"Issued","licenseIssued":"2026-05-22","licenseExpires":"2030-05-22","nta":"MN0502","bbl":"1012930050","sid":["row-bhws.mrjt-33b8"]}},{"type":"Feature","id":"eoy-f0dafb24f179","geometry":{"type":"Point","coordinates":[-73.929452007903,40.68494562554]},"properties":{"id":"eoy-f0dafb24f179","name":"DAR525","legalName":"231 MANAGMENT GROUP INC","street":"231 MALCOLM X BOULEVARD","neighborhood":"BROOKLYN","borough":"Brooklyn","zip":"11221","type":"roadway","status":"Issued","licenseIssued":"2026-07-24","licenseExpires":"2030-07-24","nta":"BK0302","bbl":"3016570001","sid":["row-x2wr-xwfg.kntk"]}},{"type":"Feature","id":"eoy-f10a6d0888db","geometry":{"type":"Point","coordinates":[-73.957727149581,40.730753287767]},"properties":{"id":"eoy-f10a6d0888db","name":"VAMOS AL TEQUILA","legalName":"ABRIL NY CORPORATION","street":"162 FRANKLIN STREET","neighborhood":"BROOKLYN","borough":"Brooklyn","zip":"11222","type":"both","status":"Issued","licenseIssued":"2026-08-07","licenseExpires":"2030-08-07","nta":"BK0101","bbl":"3025500002","sid":["row-7xpa-7ba7_y23x","row-ffd3.e94z~nppp"]}},{"type":"Feature","id":"eoy-f178b7a557aa","geometry":{"type":"Point","coordinates":[-73.980266418373,40.66035047946]},"properties":{"id":"eoy-f178b7a557aa","name":"ZAGAYA","legalName":"ZAGAYA LLC","street":"465 16 STREET","neighborhood":"BROOKLYN","borough":"Brooklyn","zip":"11215","type":"both","status":"Issued","licenseIssued":"2026-04-03","licenseExpires":"2030-04-03","nta":"BK0701","bbl":"3011060001","sid":["row-7x27~riyc.mp55","row-riv5~v5wu_ndre"]}},{"type":"Feature","id":"eoy-f194bf6cc546","geometry":{"type":"Point","coordinates":[-73.995777432136,40.690632470318]},"properties":{"id":"eoy-f194bf6cc546","name":"CONFIDANT","legalName":"CONFIDANT HOSPITALITY LLC","street":"127 ATLANTIC AVENUE","neighborhood":"BROOKLYN","borough":"Brooklyn","zip":"11201","type":"sidewalk","status":"Issued","licenseIssued":"2026-08-21","licenseExpires":"2030-08-21","nta":"BK0201","bbl":"3002750021","sid":["row-urrn.bfi9.wyaq"]}},{"type":"Feature","id":"eoy-f1c65d7b116a","geometry":{"type":"Point","coordinates":[-73.952009426791,40.808995804749]},"properties":{"id":"eoy-f1c65d7b116a","name":"SUGAR MONK","legalName":"AHTERAS LLC","street":"2292 FREDERICK DOUGLASS BOULEVARD","neighborhood":"NEW YORK","borough":"Manhattan","zip":"10027","type":"sidewalk","status":"Issued","licenseIssued":"2026-08-07","licenseExpires":"2030-08-07","nta":"MN1001","bbl":"1019297501","sid":["row-5mm6_annv.emq5"]}},{"type":"Feature","id":"eoy-f22768c44c13","geometry":{"type":"Point","coordinates":[-73.945155379719,40.718915274996]},"properties":{"id":"eoy-f22768c44c13","name":"THE RICHARDSON","legalName":"451 GRAHAM AVENUE CORP","street":"451 GRAHAM AVENUE","neighborhood":"BROOKLYN","borough":"Brooklyn","zip":"11222","type":"sidewalk","status":"Issued","licenseIssued":"2026-04-10","licenseExpires":"2030-04-10","nta":"BK0104","bbl":"3027250121","sid":["row-xcic-qi8w.i5ij"]}},{"type":"Feature","id":"eoy-f26f58c75e9b","geometry":{"type":"Point","coordinates":[-73.989669154574,40.758883444152]},"properties":{"id":"eoy-f26f58c75e9b","name":"MISS NELLIE'S","legalName":"PMACS 10 LLC","street":"321 WEST 44 STREET","neighborhood":"NEW YORK","borough":"Manhattan","zip":"10036","type":"sidewalk","status":"Issued","licenseIssued":"2026-03-13","licenseExpires":"2030-03-13","nta":"MN0402","bbl":"1010350017","sid":["row-56j5~mxit-n3fa"]}},{"type":"Feature","id":"eoy-f276a86bec1a","geometry":{"type":"Point","coordinates":[-74.008248940491,40.736834944495]},"properties":{"id":"eoy-f276a86bec1a","name":"MALAPARTE","legalName":"753 WASHINGTON TRATTORIA INC","street":"753 WASHINGTON STREET","neighborhood":"NEW YORK","borough":"Manhattan","zip":"10014","type":"both","status":"Issued","licenseIssued":"2025-10-31","licenseExpires":"2029-10-31","nta":"MN0203","bbl":"1006350011","sid":["row-83qa.2zdd_7h6e","row-x8uu.mpt2_imvn"]}},{"type":"Feature","id":"eoy-f27f0892c2ca","geometry":{"type":"Point","coordinates":[-73.910670067703,40.800344346175]},"properties":{"id":"eoy-f27f0892c2ca","name":"WALNUT BUS STOP RESTAURANT","legalName":"WALNUT BUS STOP INC.","street":"881 EAST 134 STREET","neighborhood":"BRONX","borough":"Bronx","zip":"10454","type":"sidewalk","status":"Issued","licenseIssued":"2026-09-11","licenseExpires":"2030-09-11","nta":"BX0101","bbl":"2025940001","sid":["row-ittz_2esf-wcka"]}},{"type":"Feature","id":"eoy-f2d4080bbd40","geometry":{"type":"Point","coordinates":[-73.989848671309,40.718011186801]},"properties":{"id":"eoy-f2d4080bbd40","name":"EEL BAR","legalName":"TWIN EAGLES, LLC","street":"252 BROOME STREET","neighborhood":"NEW YORK","borough":"Manhattan","zip":"10002","type":"roadway","status":"Issued","licenseIssued":"2026-07-24","licenseExpires":"2030-07-24","nta":"MN0302","bbl":"1004090031","sid":["row-wzuk~bcqe_4p9y"]}},{"type":"Feature","id":"eoy-f2f362d1d478","geometry":{"type":"Point","coordinates":[-74.003760024616,40.73699163099]},"properties":{"id":"eoy-f2f362d1d478","name":"ST. TROPEZ","legalName":"ST TROPEZ WINE BAR, LLC","street":"302 WEST 4 STREET","neighborhood":"NEW YORK","borough":"Manhattan","zip":"10014","type":"roadway","status":"Issued","licenseIssued":"2025-04-04","licenseExpires":"2029-04-04","nta":"MN0203","bbl":"1006240053","sid":["row-zvcx.qajv.gr75"]}},{"type":"Feature","id":"eoy-f2fb68728ade","geometry":{"type":"Point","coordinates":[-73.976780651907,40.785280619194]},"properties":{"id":"eoy-f2fb68728ade","name":"JIN RAMEN UWS","legalName":"JIN UPPER WEST SIDE CORP","street":"462 AMSTERDAM AVENUE","neighborhood":"NEW YORK","borough":"Manhattan","zip":"10024","type":"sidewalk","status":"Issued","licenseIssued":"2026-07-21","licenseExpires":"2030-07-21","nta":"MN0702","bbl":"1012300030","sid":["row-9y5x_d9qu~y6cs"]}},{"type":"Feature","id":"eoy-f311e38470a4","geometry":{"type":"Point","coordinates":[-73.977869849068,40.746047275767]},"properties":{"id":"eoy-f311e38470a4","name":"BUBO","legalName":"GROUBEN FOOD, CORP.","street":"515 3 AVENUE","neighborhood":"NEW YORK","borough":"Manhattan","zip":"10016","type":"sidewalk","status":"Issued","licenseIssued":"2026-07-21","licenseExpires":"2030-07-21","nta":"MN0603","bbl":"1009150065","sid":["row-cvhe-d2eq_cdct"]}},{"type":"Feature","id":"eoy-f33161b3233b","geometry":{"type":"Point","coordinates":[-73.960679162068,40.607980467607]},"properties":{"id":"eoy-f33161b3233b","name":"SUNFLOWER CAFE","legalName":"JES CATERING GROUP LLC","street":"1223 QUENTIN ROAD","neighborhood":"BROOKLYN","borough":"Brooklyn","zip":"11229","type":"sidewalk","status":"Issued","licenseIssued":"2026-04-10","licenseExpires":"2030-04-10","nta":"BK1501","bbl":"3067750038","sid":["row-ku8s-jcsp_sjne"]}},{"type":"Feature","id":"eoy-f3331cc893bc","geometry":{"type":"Point","coordinates":[-73.96075102511,40.779128010977]},"properties":{"id":"eoy-f3331cc893bc","name":"MYKONIAN HOUSE","legalName":"MYKONIAN HOUSE LLC","street":"25 EAST 83 STREET","neighborhood":"NEW YORK","borough":"Manhattan","zip":"10028","type":"sidewalk","status":"Issued","licenseIssued":"2026-08-14","licenseExpires":"2030-08-14","nta":"MN0802","bbl":"1014957501","sid":["row-km5e_un9n_yex4"]}},{"type":"Feature","id":"eoy-f333dd7f0936","geometry":{"type":"Point","coordinates":[-73.955226283657,40.768838645926]},"properties":{"id":"eoy-f333dd7f0936","name":"BOMBAY CHOWK","legalName":"SIMON FOODS INC","street":"1378 1 AVENUE","neighborhood":"NEW YORK","borough":"Manhattan","zip":"10021","type":"sidewalk","status":"Issued","licenseIssued":"2026-07-24","licenseExpires":"2030-07-24","nta":"MN0801","bbl":"1014680047","sid":["row-5ueu.h38u.dty9"]}},{"type":"Feature","id":"eoy-f3721ba02f93","geometry":{"type":"Point","coordinates":[-73.834946254618,40.83803368535]},"properties":{"id":"eoy-f3721ba02f93","name":"AGUA E' COCO BAR & GRILL","legalName":"AGUA E' COCO BAR & GRILL, LLC","street":"3132 EAST TREMONT AVENUE","neighborhood":"BRONX","borough":"Bronx","zip":"10461","type":"sidewalk","status":"Issued","licenseIssued":"2026-06-25","licenseExpires":"2030-06-25","nta":"BX1002","bbl":"2053500049","sid":["row-zc3q~sd6x.fy3c"]}},{"type":"Feature","id":"eoy-f377b18a8c17","geometry":{"type":"Point","coordinates":[-73.961327184759,40.682715585332]},"properties":{"id":"eoy-f377b18a8c17","name":"HARTLEY'S","legalName":"THIRTY TREES CORP","street":"14 PUTNAM AVENUE","neighborhood":"BROOKLYN","borough":"Brooklyn","zip":"11238","type":"sidewalk","status":"Issued","licenseIssued":"2026-04-03","licenseExpires":"2030-04-03","nta":"BK0301","bbl":"3019910009","sid":["row-d3xt_b22p.yj4j"]}},{"type":"Feature","id":"eoy-f380b1221756","geometry":{"type":"Point","coordinates":[-73.968948258633,40.754268512125]},"properties":{"id":"eoy-f380b1221756","name":"CHATEAU 49","legalName":"F&R NYC CORP","street":"924 2 AVENUE","neighborhood":"NEW YORK","borough":"Manhattan","zip":"10022","type":"sidewalk","status":"Issued","licenseIssued":"2025-06-27","licenseExpires":"2029-06-27","nta":"MN0604","bbl":"1013420001","sid":["row-rdiv~pn97.wv4u"]}},{"type":"Feature","id":"eoy-f3907203a292","geometry":{"type":"Point","coordinates":[-74.004351586061,40.733522228047]},"properties":{"id":"eoy-f3907203a292","name":"MADMAN ESPRESSO & BAKERY","legalName":"MALU BAK, LLC","street":"332 BLEECKER STREET","neighborhood":"NEW YORK","borough":"Manhattan","zip":"10014","type":"roadway","status":"Issued","licenseIssued":"2026-02-06","licenseExpires":"2030-02-06","nta":"MN0203","bbl":"1006190033","sid":["row-mxbe-5syw-pgtu"]}},{"type":"Feature","id":"eoy-f3a56b26b4b5","geometry":{"type":"Point","coordinates":[-73.961299722045,40.711288656873]},"properties":{"id":"eoy-f3a56b26b4b5","name":"PIES-N-THIGHS","legalName":"TRIBICHA, INC.","street":"166 SOUTH 4 STREET","neighborhood":"BROOKLYN","borough":"Brooklyn","zip":"11211","type":"sidewalk","status":"Issued","licenseIssued":"2026-07-24","licenseExpires":"2030-07-24","nta":"BK0102","bbl":"3024460073","sid":["row-4t4h~7vdz_kxyq"]}},{"type":"Feature","id":"eoy-f3a72e5ea157","geometry":{"type":"Point","coordinates":[-73.985432953589,40.768313971894]},"properties":{"id":"eoy-f3a72e5ea157","name":"MASSERIA DEI VINI","legalName":"VEGG 58TH LLC","street":"889 9 AVENUE","neighborhood":"NEW YORK","borough":"Manhattan","zip":"10019","type":"both","status":"Issued","licenseIssued":"2025-05-09","licenseExpires":"2029-05-09","nta":"MN0402","bbl":"1010670033","sid":["row-47c9-n4nu_8tyh","row-93j9~ut86-tx4r"]}},{"type":"Feature","id":"eoy-f3b66d179285","geometry":{"type":"Point","coordinates":[-73.968951725668,40.677431466628]},"properties":{"id":"eoy-f3b66d179285","name":"DILLY DALLY","legalName":"ANOTHER TRANSFORMATION LLC","street":"626 VANDERBILT AVENUE","neighborhood":"BROOKLYN","borough":"Brooklyn","zip":"11238","type":"roadway","status":"Issued","licenseIssued":"2026-09-18","licenseExpires":"2030-09-18","nta":"BK0801","bbl":"3011580045","sid":["row-6zhx-tphv.kwya"]}},{"type":"Feature","id":"eoy-f3fabd79e745","geometry":{"type":"Point","coordinates":[-74.008213985776,40.716806388717]},"properties":{"id":"eoy-f3fabd79e745","name":"EDWARD'S","legalName":"136 WEST BROADWAY INC.","street":"136 WEST BROADWAY","neighborhood":"NEW YORK","borough":"Manhattan","zip":"10013","type":"sidewalk","status":"Issued","licenseIssued":"2026-07-02","licenseExpires":"2030-07-02","nta":"MN0102","bbl":"1001440029","sid":["row-ymjc_hu2p~dmyc"]}},{"type":"Feature","id":"eoy-f4171b4ebb25","geometry":{"type":"Point","coordinates":[-73.979524220854,40.776382651041]},"properties":{"id":"eoy-f4171b4ebb25","name":"POMODORO ROSSO","legalName":"FLEJ, INC.","street":"229 COLUMBUS AVENUE","neighborhood":"NEW YORK","borough":"Manhattan","zip":"10023","type":"sidewalk","status":"Issued","licenseIssued":"2026-04-03","licenseExpires":"2030-04-03","nta":"MN0701","bbl":"1011230064","sid":["row-xfmy.99vm~52a5"]}},{"type":"Feature","id":"eoy-f423be189769","geometry":{"type":"Point","coordinates":[-73.924428758792,40.761526932399]},"properties":{"id":"eoy-f423be189769","name":"TOAST & ROAST","legalName":"ASTOR BAGEL & COFFEE COMPANY LLC","street":"32-07 BROADWAY","neighborhood":"ASTORIA","borough":"Queens","zip":"11106","type":"roadway","status":"Issued","licenseIssued":"2026-05-08","licenseExpires":"2030-05-08","nta":"QN0103","bbl":"4006140007","sid":["row-a4ke~nckf~eajg"]}},{"type":"Feature","id":"eoy-f44285b39391","geometry":{"type":"Point","coordinates":[-74.000768518805,40.729643954963]},"properties":{"id":"eoy-f44285b39391","name":"SAIGON SHACK","legalName":"SAIGON IN & OUT CORP","street":"114 MACDOUGAL STREET","neighborhood":"NEW YORK","borough":"Manhattan","zip":"10012","type":"sidewalk","status":"Issued","licenseIssued":"2026-08-21","licenseExpires":"2030-08-21","nta":"MN0202","bbl":"1005400006","sid":["row-xyww.egvt.vxjh"]}},{"type":"Feature","id":"eoy-f45d42f85f11","geometry":{"type":"Point","coordinates":[-73.992391081354,40.725282272031]},"properties":{"id":"eoy-f45d42f85f11","name":"THINK COFFEE","legalName":"THINK BLEECKER, LLC","street":"1 BLEECKER STREET","neighborhood":"NEW YORK","borough":"Manhattan","zip":"10012","type":"sidewalk","status":"Issued","licenseIssued":"2026-08-14","licenseExpires":"2030-08-14","nta":"MN0202","bbl":"1005297505","sid":["row-vb33-x7y4.sirh"]}},{"type":"Feature","id":"eoy-f47c68dcf594","geometry":{"type":"Point","coordinates":[-73.946706746255,40.804121540946]},"properties":{"id":"eoy-f47c68dcf594","name":"BARAWINE","legalName":"barawine llc","street":"27 WEST 120 STREET","neighborhood":"NEW YORK","borough":"Manhattan","zip":"10027","type":"sidewalk","status":"Issued","licenseIssued":"2026-09-25","licenseExpires":"2030-09-25","nta":"MN1001","bbl":"1017200001","sid":["row-k4ev~urmg~zdux"]}},{"type":"Feature","id":"eoy-f481a589ed6a","geometry":{"type":"Point","coordinates":[-73.998956916234,40.752024750201]},"properties":{"id":"eoy-f481a589ed6a","name":"BLUESTONE LANE","legalName":"BL MANHATTAN WEST LLC","street":"435 WEST 31 STREET","neighborhood":"NEW YORK","borough":"Manhattan","zip":"10001","type":"sidewalk","status":"Issued","licenseIssued":"2026-09-25","licenseExpires":"2030-09-25","nta":"MN0401","bbl":"1007297502","sid":["row-7qb3.tmw4_en5p"]}},{"type":"Feature","id":"eoy-f4a7787d6958","geometry":{"type":"Point","coordinates":[-74.006173862074,40.734537707326]},"properties":{"id":"eoy-f4a7787d6958","name":"WILD","legalName":"SLICE WEST VILLAGE LTD.","street":"535 HUDSON STREET","neighborhood":"NEW YORK","borough":"Manhattan","zip":"10014","type":"sidewalk","status":"Issued","licenseIssued":"2026-07-31","licenseExpires":"2030-07-31","nta":"MN0203","bbl":"1006320055","sid":["row-2v67-xjzk_cp63"]}},{"type":"Feature","id":"eoy-f4a7fdc5aabf","geometry":{"type":"Point","coordinates":[-73.95066963055,40.779327233146]},"properties":{"id":"eoy-f4a7fdc5aabf","name":"MELLER'S SPORTS HUB & GRILL","legalName":"RATHBONES ARD LLC","street":"1702 2 AVENUE","neighborhood":"NEW YORK","borough":"Manhattan","zip":"10128","type":"sidewalk","status":"Issued","licenseIssued":"2026-08-14","licenseExpires":"2030-08-14","nta":"MN0803","bbl":"1015510002","sid":["row-kr94~m3xi-nb8u"]}},{"type":"Feature","id":"eoy-f4e849e7a1ce","geometry":{"type":"Point","coordinates":[-74.00062399506,40.708264959725]},"properties":{"id":"eoy-f4e849e7a1ce","name":"COWGIRL SEAHORSE","legalName":"COWGIRL SEAHORSE INC","street":"259 FRONT STREET","neighborhood":"NEW YORK","borough":"Manhattan","zip":"10038","type":"roadway","status":"Issued","licenseIssued":"2026-04-03","licenseExpires":"2030-04-03","nta":"MN0101","bbl":"1001070026","sid":["row-amjb_9nra_7ann"]}},{"type":"Feature","id":"eoy-f541de595a93","geometry":{"type":"Point","coordinates":[-73.975936554122,40.762896967748]},"properties":{"id":"eoy-f541de595a93","name":"THE CONSULATE","legalName":"56 UNLIMITED LLC","street":"44 WEST 56 STREET","neighborhood":"NEW YORK","borough":"Manhattan","zip":"10019","type":"roadway","status":"Issued","licenseIssued":"2026-03-13","licenseExpires":"2030-03-13","nta":"MN0502","bbl":"1012710062","sid":["row-kmyr_s2ds-mkyi"]}},{"type":"Feature","id":"eoy-f59d49dfb0f4","geometry":{"type":"Point","coordinates":[-73.948103783475,40.583684087202]},"properties":{"id":"eoy-f59d49dfb0f4","name":"BAKU PALACE","legalName":"MSR BAKU INTERNATIONAL INC","street":"2001 EMMONS AVENUE","neighborhood":"BROOKLYN","borough":"Brooklyn","zip":"11235","type":"sidewalk","status":"Issued","licenseIssued":"2026-02-27","licenseExpires":"2030-02-27","nta":"BK1503","bbl":"3087780052","sid":["row-rb7j~k97t.cxrt"]}},{"type":"Feature","id":"eoy-f5b34a6c5271","geometry":{"type":"Point","coordinates":[-73.953838620199,40.770773149509]},"properties":{"id":"eoy-f5b34a6c5271","name":"RAVEN PUB","legalName":"ASHHILL INC.","street":"1471 1 AVENUE","neighborhood":"NEW YORK","borough":"Manhattan","zip":"10075","type":"sidewalk","status":"Issued","licenseIssued":"2026-08-07","licenseExpires":"2030-08-07","nta":"MN0801","bbl":"1014510028","sid":["row-ssxx_6cme_cbge"]}},{"type":"Feature","id":"eoy-f5c2fb9db5d2","geometry":{"type":"Point","coordinates":[-73.982414008303,40.771486487081]},"properties":{"id":"eoy-f5c2fb9db5d2","name":"P.J. CLARKE'S","legalName":"ERS ENTERPRISES INC.","street":"44 WEST 63 STREET","neighborhood":"NEW YORK","borough":"Manhattan","zip":"10023","type":"roadway","status":"Issued","licenseIssued":"2025-08-15","licenseExpires":"2029-08-15","nta":"MN0701","bbl":"1011150057","sid":["row-tid9-a4uh~cizb"]}},{"type":"Feature","id":"eoy-f5c4077dcea9","geometry":{"type":"Point","coordinates":[-74.00800023835,40.709233586112]},"properties":{"id":"eoy-f5c4077dcea9","name":"SUITED","legalName":"SUITED CURATION LLC","street":"45 JOHN STREET","neighborhood":"NEW YORK","borough":"Manhattan","zip":"10038","type":"roadway","status":"Issued","licenseIssued":"2026-07-30","licenseExpires":"2030-07-30","nta":"MN0101","bbl":"1000787508","sid":["row-rsqj~rfps~e62a"]}},{"type":"Feature","id":"eoy-f5c97541bb3c","geometry":{"type":"Point","coordinates":[-73.992356973645,40.739502896701]},"properties":{"id":"eoy-f5c97541bb3c","name":"GOTHAM COFFEE ROASTERS","legalName":"GOTHAM COFFEE ROASTERS INC.","street":"23 WEST 19 STREET","neighborhood":"NEW YORK","borough":"Manhattan","zip":"10011","type":"sidewalk","status":"Issued","licenseIssued":"2026-07-03","licenseExpires":"2030-07-03","nta":"MN0501","bbl":"1008210055","sid":["row-ndk2~28ex_xkmw"]}},{"type":"Feature","id":"eoy-f61b0841f5a7","geometry":{"type":"Point","coordinates":[-73.994150078825,40.702778015936]},"properties":{"id":"eoy-f61b0841f5a7","name":"ARABICA COFFEE","legalName":"OLD FULTON HILI COFFEE HOUSE LLC","street":"20 OLD FULTON STREET","neighborhood":"BROOKLYN","borough":"Brooklyn","zip":"11201","type":"sidewalk","status":"Issued","licenseIssued":"2026-07-20","licenseExpires":"2030-07-20","nta":"BK0201","bbl":"3002010005","sid":["row-z9pn~yqmm-nkne"]}},{"type":"Feature","id":"eoy-f672acbe6f72","geometry":{"type":"Point","coordinates":[-73.908080358739,40.774261658928]},"properties":{"id":"eoy-f672acbe6f72","name":"QUEEN'S ROOM","legalName":"JOANNIDES GROUP LLC","street":"36-02 DITMARS BOULEVARD","neighborhood":"ASTORIA","borough":"Queens","zip":"11105","type":"sidewalk","status":"Issued","licenseIssued":"2024-12-20","licenseExpires":"2028-12-20","nta":"QN0101","bbl":"4008210029","sid":["row-ys8k.9fxd_i63i"]}},{"type":"Feature","id":"eoy-f6765346c90f","geometry":{"type":"Point","coordinates":[-73.951130189653,40.688407099023]},"properties":{"id":"eoy-f6765346c90f","name":"CAPTAIN DAN'S GOOD TIME TAVERN","legalName":"REGULARS LLC","street":"497 GREENE AVENUE","neighborhood":"BROOKLYN","borough":"Brooklyn","zip":"11216","type":"sidewalk","status":"Issued","licenseIssued":"2026-02-27","licenseExpires":"2030-02-27","nta":"BK0301","bbl":"3017940092","sid":["row-p3m4_g2y8_pvmj"]}},{"type":"Feature","id":"eoy-f6986c1c33f1","geometry":{"type":"Point","coordinates":[-73.957767365233,40.769624609443]},"properties":{"id":"eoy-f6986c1c33f1","name":"SUSHI GAMA","legalName":"SUSHI GAMA CORP","street":"1403 2 AVENUE","neighborhood":"NEW YORK","borough":"Manhattan","zip":"10021","type":"sidewalk","status":"Issued","licenseIssued":"2026-08-07","licenseExpires":"2030-08-07","nta":"MN0801","bbl":"1014280021","sid":["row-mcgh-aeze_tbb4"]}},{"type":"Feature","id":"eoy-f6a59ab4159b","geometry":{"type":"Point","coordinates":[-73.986247395337,40.688265728309]},"properties":{"id":"eoy-f6a59ab4159b","name":"GRAND ARMY","legalName":"STATE STREET VENTURES LLC","street":"336 STATE STREET","neighborhood":"BROOKLYN","borough":"Brooklyn","zip":"11217","type":"sidewalk","status":"Issued","licenseIssued":"2026-09-04","licenseExpires":"2030-09-04","nta":"BK0202","bbl":"3001770001","sid":["row-h4mr_avja-hafu"]}},{"type":"Feature","id":"eoy-f6a7303cc1db","geometry":{"type":"Point","coordinates":[-73.967273633865,40.673478521919]},"properties":{"id":"eoy-f6a7303cc1db","name":"CHERYL'S GLOBAL SOUL","legalName":"GO. SKY.COM, INC","street":"236 UNDERHILL AVENUE","neighborhood":"BROOKLYN","borough":"Brooklyn","zip":"11238","type":"roadway","status":"Issued","licenseIssued":"2026-03-27","licenseExpires":"2030-03-27","nta":"BK0801","bbl":"3011720040","sid":["row-zp8x-ht8a-9u6w"]}},{"type":"Feature","id":"eoy-f6b615f19417","geometry":{"type":"Point","coordinates":[-73.992202934581,40.69915754656]},"properties":{"id":"eoy-f6b615f19417","name":"BEVACCO / THE BINC","legalName":"BEVACCO INC","street":"60 HENRY STREET","neighborhood":"BROOKLYN","borough":"Brooklyn","zip":"11201","type":"roadway","status":"Issued","licenseIssued":"2025-08-22","licenseExpires":"2029-08-22","nta":"BK0201","bbl":"3002210020","sid":["row-6sxn~k3ui-dk79"]}},{"type":"Feature","id":"eoy-f6e5f2aeb7d7","geometry":{"type":"Point","coordinates":[-74.00297328507,40.734908378121]},"properties":{"id":"eoy-f6e5f2aeb7d7","name":"SEVILLA","legalName":"SEVILLE RESTAURANT & BAR INC.","street":"62 CHARLES STREET","neighborhood":"NEW YORK","borough":"Manhattan","zip":"10014","type":"sidewalk","status":"Issued","licenseIssued":"2026-08-21","licenseExpires":"2030-08-21","nta":"MN0203","bbl":"1006110009","sid":["row-pc5p-mjjg.m7xy"]}},{"type":"Feature","id":"eoy-f70105dc2627","geometry":{"type":"Point","coordinates":[-73.987787613691,40.763818334576]},"properties":{"id":"eoy-f70105dc2627","name":"ARIA","legalName":"7 WASHINGTON LANE CORP","street":"365 WEST 51 STREET","neighborhood":"NEW YORK","borough":"Manhattan","zip":"10019","type":"sidewalk","status":"Issued","licenseIssued":"2026-06-25","licenseExpires":"2030-06-25","nta":"MN0402","bbl":"1010420001","sid":["row-trt3-caff_bygw"]}},{"type":"Feature","id":"eoy-f71db7eb8659","geometry":{"type":"Point","coordinates":[-73.84928688591,40.847404719397]},"properties":{"id":"eoy-f71db7eb8659","name":"LIAM'S CAFE","legalName":"LIAMS CAFE LLC","street":"1604 WILLIAMSBRIDGE ROAD","neighborhood":"BRONX","borough":"Bronx","zip":"10461","type":"sidewalk","status":"Issued","licenseIssued":"2026-08-14","licenseExpires":"2030-08-14","nta":"BX1102","bbl":"2041110043","sid":["row-tr83~hsqj-523f"]}},{"type":"Feature","id":"eoy-f740ec4ceabd","geometry":{"type":"Point","coordinates":[-73.932665830028,40.683767305028]},"properties":{"id":"eoy-f740ec4ceabd","name":"RITA & MARIA","legalName":"THINGS ARE DIFFERENT TODAY LLC","street":"558 HALSEY STREET","neighborhood":"BROOKLYN","borough":"Brooklyn","zip":"11233","type":"sidewalk","status":"Issued","licenseIssued":"2026-05-15","licenseExpires":"2030-05-15","nta":"BK0302","bbl":"3016650044","sid":["row-hyrb-886e-x5yu"]}},{"type":"Feature","id":"eoy-f78d6a71547c","geometry":{"type":"Point","coordinates":[-73.883261841807,40.755766868169]},"properties":{"id":"eoy-f78d6a71547c","name":"D'ANTIGUA","legalName":"D'ANTIGUA N Y CORP","street":"84-16 NORTHERN BOULEVARD","neighborhood":"JACKSON HEIGHTS","borough":"Queens","zip":"11372","type":"sidewalk","status":"Issued","licenseIssued":"2026-09-11","licenseExpires":"2030-09-11","nta":"QN0301","bbl":"4014320006","sid":["row-m2de~fqgc-iz8u"]}},{"type":"Feature","id":"eoy-f7a5d607e741","geometry":{"type":"Point","coordinates":[-73.915283392457,40.745919322558]},"properties":{"id":"eoy-f7a5d607e741","name":"THE ALCOVE","legalName":"THE ALCOVE RESTAURANT INC","street":"41-11 49 STREET","neighborhood":"SUNNYSIDE","borough":"Queens","zip":"11104","type":"both","status":"Issued","licenseIssued":"2025-10-24","licenseExpires":"2029-10-24","nta":"QN0202","bbl":"4001340025","sid":["row-jyfs_yrbt-hkpd","row-kjje~9xas_uy58"]}},{"type":"Feature","id":"eoy-f7ab1b07e2eb","geometry":{"type":"Point","coordinates":[-73.926895269087,40.826131725179]},"properties":{"id":"eoy-f7ab1b07e2eb","name":"THE CLUBHOUSE CAFE","legalName":"SOUTH BRONX UNITED INC.","street":"812 RIVER AVENUE","neighborhood":"BRONX","borough":"Bronx","zip":"10451","type":"sidewalk","status":"Issued","licenseIssued":"2026-06-19","licenseExpires":"2030-06-19","nta":"BX0401","bbl":"2024837501","sid":["row-hssx-5nnj.y6ar"]}},{"type":"Feature","id":"eoy-f7ae643f3833","geometry":{"type":"Point","coordinates":[-73.966096977642,40.753971271038]},"properties":{"id":"eoy-f7ae643f3833","name":"COPINETTE","legalName":"COPINE 891 INC","street":"891 1 AVENUE","neighborhood":"NEW YORK","borough":"Manhattan","zip":"10022","type":"sidewalk","status":"Issued","licenseIssued":"2026-06-19","licenseExpires":"2030-06-19","nta":"MN0604","bbl":"1013430024","sid":["row-maa5~j9fa.jkik"]}},{"type":"Feature","id":"eoy-f7efe5ad1189","geometry":{"type":"Point","coordinates":[-73.962327174803,40.635988801535]},"properties":{"id":"eoy-f7efe5ad1189","name":"COFFEE MOB BAR & ROASTERY","legalName":"COFFEE MOB COFFEE ROASTERS LLC","street":"1602 NEWKIRK AVENUE","neighborhood":"BROOKLYN","borough":"Brooklyn","zip":"11226","type":"sidewalk","status":"Issued","licenseIssued":"2026-06-05","licenseExpires":"2030-06-05","nta":"BK1402","bbl":"3052370001","sid":["row-yyds-35qi~qrrk"]}},{"type":"Feature","id":"eoy-f7f7e03da8f3","geometry":{"type":"Point","coordinates":[-73.97851641042,40.777771312522]},"properties":{"id":"eoy-f7f7e03da8f3","name":"HARVEST KITCHEN","legalName":"72ND & COLUMBUS RESTAURANT LLC","street":"269 COLUMBUS AVENUE","neighborhood":"NEW YORK","borough":"Manhattan","zip":"10023","type":"roadway","status":"Issued","licenseIssued":"2026-07-03","licenseExpires":"2030-07-03","nta":"MN0701","bbl":"1011250062","sid":["row-t4tm.b62k.vd2b"]}},{"type":"Feature","id":"eoy-f843851217b3","geometry":{"type":"Point","coordinates":[-74.005999290596,40.7193646497]},"properties":{"id":"eoy-f843851217b3","name":"ONE WHITE STREET","legalName":"NUTOPIAN EMBASSY LLC","street":"1 WHITE STREET","neighborhood":"NEW YORK","borough":"Manhattan","zip":"10013","type":"roadway","status":"Issued","licenseIssued":"2026-03-13","licenseExpires":"2030-03-13","nta":"MN0102","bbl":"1001780021","sid":["row-dvgv_vmmf-kbms"]}},{"type":"Feature","id":"eoy-f848e079e61d","geometry":{"type":"Point","coordinates":[-73.992015354234,40.699547291236]},"properties":{"id":"eoy-f848e079e61d","name":"POPPY'S","legalName":"POPPY'S MARKET LLC","street":"48 HENRY STREET","neighborhood":"BROOKLYN","borough":"Brooklyn","zip":"11201","type":"roadway","status":"Issued","licenseIssued":"2025-06-18","licenseExpires":"2029-06-18","nta":"BK0201","bbl":"3002160032","sid":["row-bj4n.xye9.3k3x"]}},{"type":"Feature","id":"eoy-f86ecd3569c4","geometry":{"type":"Point","coordinates":[-73.990137967261,40.761864293045]},"properties":{"id":"eoy-f86ecd3569c4","name":"TUMI","legalName":"ANCASH INC.","street":"689 9 AVENUE","neighborhood":"NEW YORK","borough":"Manhattan","zip":"10036","type":"sidewalk","status":"Issued","licenseIssued":"2026-03-27","licenseExpires":"2030-03-27","nta":"MN0402","bbl":"1010570032","sid":["row-pvss.pieh_jq8r"]}},{"type":"Feature","id":"eoy-f870c932a8a3","geometry":{"type":"Point","coordinates":[-73.985485247847,40.727304498751]},"properties":{"id":"eoy-f870c932a8a3","name":"THE GRAFTON PUBLIC HOUSE","legalName":"1465 CDM, INC","street":"126 1 AVENUE","neighborhood":"NEW YORK","borough":"Manhattan","zip":"10009","type":"roadway","status":"Issued","licenseIssued":"2026-01-09","licenseExpires":"2030-01-09","nta":"MN0303","bbl":"1004350006","sid":["row-u2wr-74gn_m2kw"]}},{"type":"Feature","id":"eoy-f8bcb5564c6e","geometry":{"type":"Point","coordinates":[-73.95954182352,40.813985907279]},"properties":{"id":"eoy-f8bcb5564c6e","name":"BAR 314","legalName":"A MODO NOSTRO LLC","street":"3143 BROADWAY","neighborhood":"NEW YORK","borough":"Manhattan","zip":"10027","type":"sidewalk","status":"Issued","licenseIssued":"2026-07-02","licenseExpires":"2030-07-02","nta":"MN0901","bbl":"1019930076","sid":["row-e4a8_2yez_cmpv"]}},{"type":"Feature","id":"eoy-f9b1f240c139","geometry":{"type":"Point","coordinates":[-73.989943785585,40.733107410331]},"properties":{"id":"eoy-f9b1f240c139","name":"THINK COFFEE","legalName":"THINK FOURTH AVENUE LLC","street":"123 4 AVENUE","neighborhood":"NEW YORK","borough":"Manhattan","zip":"10003","type":"sidewalk","status":"Issued","licenseIssued":"2026-04-03","licenseExpires":"2030-04-03","nta":"MN0303","bbl":"1005580005","sid":["row-udjr-7qrz~4e5s"]}},{"type":"Feature","id":"eoy-f9e5197adb3b","geometry":{"type":"Point","coordinates":[-73.959472639147,40.808965743978]},"properties":{"id":"eoy-f9e5197adb3b","name":"THE U BAR AND GRILL","legalName":"THE U BAR AND GRILL INC","street":"1207 AMSTERDAM AVENUE","neighborhood":"NEW YORK","borough":"Manhattan","zip":"10027","type":"sidewalk","status":"Issued","licenseIssued":"2026-08-14","licenseExpires":"2030-08-14","nta":"MN0901","bbl":"1019620038","sid":["row-qyad-4qd9~9hyg"]}},{"type":"Feature","id":"eoy-fa1cb7e93e97","geometry":{"type":"Point","coordinates":[-73.880739483554,40.809613627198]},"properties":{"id":"eoy-fa1cb7e93e97","name":"FRATILLI'S PIZZA & CAFE","legalName":"FRATILLI'S PIZZERIA, INC","street":"404 HUNTS POINT AVENUE","neighborhood":"BRONX","borough":"Bronx","zip":"10474","type":"sidewalk","status":"Issued","licenseIssued":"2026-04-17","licenseExpires":"2030-04-17","nta":"BX0201","bbl":"2027720270","sid":["row-grsc_bw4i.38va"]}},{"type":"Feature","id":"eoy-fa32e85ab8cb","geometry":{"type":"Point","coordinates":[-73.971959215743,40.786753474639]},"properties":{"id":"eoy-fa32e85ab8cb","name":"BEER RUN COLUMBUS","legalName":"BEER RUN COLUMBUS INC","street":"547 A COLUMBUS AVE","neighborhood":"NEW YORK","borough":"Manhattan","zip":"10024","type":"sidewalk","status":"Issued","licenseIssued":"2026-08-07","licenseExpires":"2030-08-07","nta":"MN0702","bbl":null,"sid":["row-2iv7_dsat_qjyx"]}},{"type":"Feature","id":"eoy-fa671413fb4d","geometry":{"type":"Point","coordinates":[-73.989026339753,40.738843883247]},"properties":{"id":"eoy-fa671413fb4d","name":"GRAMERCY TAVERN","legalName":"GT OPERATING COMPANY LLC.","street":"42 EAST 20 STREET","neighborhood":"NEW YORK","borough":"Manhattan","zip":"10003","type":"both","status":"Issued","licenseIssued":"2026-01-02","licenseExpires":"2030-01-02","nta":"MN0501","bbl":"1008487503","sid":["row-vh9v-hj9c_q7g9","row-xifx-6gu9~8twk"]}},{"type":"Feature","id":"eoy-fa99166f346f","geometry":{"type":"Point","coordinates":[-74.000371704163,40.742681586184]},"properties":{"id":"eoy-fa99166f346f","name":"JUNGLE BIRD","legalName":"174 EIGHTH REST CORP.","street":"174 8 AVENUE","neighborhood":"NEW YORK","borough":"Manhattan","zip":"10011","type":"both","status":"Issued","licenseIssued":"2025-10-10","licenseExpires":"2029-10-10","nta":"MN0401","bbl":"1007680081","sid":["row-dmwj~ucba_zcun","row-nqas-xdrv.54q3"]}},{"type":"Feature","id":"eoy-fab8ba38c684","geometry":{"type":"Point","coordinates":[-73.930892674772,40.76965274574]},"properties":{"id":"eoy-fab8ba38c684","name":"BROTHER'S PIZZERIA","legalName":"DULJO, CORP.","street":"30-50 14 STREET","neighborhood":"ASTORIA","borough":"Queens","zip":"11102","type":"sidewalk","status":"Issued","licenseIssued":"2026-05-15","licenseExpires":"2030-05-15","nta":"QN0102","bbl":"4005160007","sid":["row-mhfx-g3a7.abhj"]}},{"type":"Feature","id":"eoy-fafcbaa84e88","geometry":{"type":"Point","coordinates":[-73.944113012672,40.684396521698]},"properties":{"id":"eoy-fafcbaa84e88","name":"WARUDE","legalName":"WARUDE LLC","street":"385 TOMPKINS AVENUE","neighborhood":"BROOKLYN","borough":"Brooklyn","zip":"11216","type":"sidewalk","status":"Issued","licenseIssued":"2026-09-02","licenseExpires":"2030-09-02","nta":"BK0301","bbl":"3018300003","sid":["row-bk7j_d4ac.7n3q"]}},{"type":"Feature","id":"eoy-fb144455a847","geometry":{"type":"Point","coordinates":[-73.961259605472,40.712040710185]},"properties":{"id":"eoy-fb144455a847","name":"NOODS AND CHILL","legalName":"THAI GIRLFRIENDS INC","street":"170 SOUTH 3 STREET","neighborhood":"BROOKLYN","borough":"Brooklyn","zip":"11211","type":"sidewalk","status":"Issued","licenseIssued":"2026-04-17","licenseExpires":"2030-04-17","nta":"BK0102","bbl":"3024310022","sid":["row-8z4c_m7c4_ju47"]}},{"type":"Feature","id":"eoy-fb19a535443e","geometry":{"type":"Point","coordinates":[-73.981600398814,40.658953609028]},"properties":{"id":"eoy-fb19a535443e","name":"HILLTOP TAVERN","legalName":"LAKE FOODS LLC","street":"256 PROSPECT PARK WEST","neighborhood":"BROOKLYN","borough":"Brooklyn","zip":"11215","type":"sidewalk","status":"Issued","licenseIssued":"2026-05-29","licenseExpires":"2030-05-29","nta":"BK0701","bbl":"3011130058","sid":["row-42ek.97jy.ztgy"]}},{"type":"Feature","id":"eoy-fb21590773f0","geometry":{"type":"Point","coordinates":[-73.986783771014,40.728992686719]},"properties":{"id":"eoy-fb21590773f0","name":"MUDSPOT","legalName":"MUD LLC.","street":"307 EAST 9 STREET","neighborhood":"NEW YORK","borough":"Manhattan","zip":"10003","type":"roadway","status":"Issued","licenseIssued":"2025-07-03","licenseExpires":"2029-07-03","nta":"MN0303","bbl":"1004510001","sid":["row-erxm_kghe_xmup"]}},{"type":"Feature","id":"eoy-fb4f6c6bc6d8","geometry":{"type":"Point","coordinates":[-73.978056749464,40.671957742701]},"properties":{"id":"eoy-fb4f6c6bc6d8","name":"BE PASTA","legalName":"TMN MANAGEMENT LLC","street":"447 1 STREET","neighborhood":"BROOKLYN","borough":"Brooklyn","zip":"11215","type":"sidewalk","status":"Issued","licenseIssued":"2026-07-31","licenseExpires":"2030-07-31","nta":"BK0602","bbl":"3009660048","sid":["row-jywm-j8yr.6e24"]}},{"type":"Feature","id":"eoy-fb6c3c3d3f82","geometry":{"type":"Point","coordinates":[-73.969497792791,40.689483919583]},"properties":{"id":"eoy-fb6c3c3d3f82","name":"ROMAN'S","legalName":"243 DEKALB AVE. REST, CORP","street":"243 DEKALB AVENUE","neighborhood":"BROOKLYN","borough":"Brooklyn","zip":"11205","type":"sidewalk","status":"Issued","licenseIssued":"2026-07-20","licenseExpires":"2030-07-20","nta":"BK0203","bbl":"3020920066","sid":["row-wk6y.y5df.axxw"]}},{"type":"Feature","id":"eoy-fb90090ee760","geometry":{"type":"Point","coordinates":[-74.00351386799,40.722244013776]},"properties":{"id":"eoy-fb90090ee760","name":"TOAD HALL","legalName":"57 GRAND STREET CAFE CORP","street":"57 GRAND STREET","neighborhood":"NEW YORK","borough":"Manhattan","zip":"10013","type":"roadway","status":"Issued","licenseIssued":"2025-10-24","licenseExpires":"2029-10-24","nta":"MN0201","bbl":"1002280024","sid":["row-89zp~qbiw~4ay7"]}},{"type":"Feature","id":"eoy-fb9688931e38","geometry":{"type":"Point","coordinates":[-73.973697135192,40.784374185866]},"properties":{"id":"eoy-fb9688931e38","name":"TARALLUCCI E VINO","legalName":"IL RIFUGIO INC.","street":"475 COLUMBUS AVENUE","neighborhood":"NEW YORK","borough":"Manhattan","zip":"10024","type":"sidewalk","status":"Issued","licenseIssued":"2026-09-11","licenseExpires":"2030-09-11","nta":"MN0702","bbl":"1011960061","sid":["row-umpi_iiyn~t9mi"]}},{"type":"Feature","id":"eoy-fb9e38c4d55e","geometry":{"type":"Point","coordinates":[-73.958667033538,40.722115850118]},"properties":{"id":"eoy-fb9e38c4d55e","name":"AFURI RAMEN & DUMPLING","legalName":"AFURI NEW YORK LLC","street":"61 NORTH 11 STREET","neighborhood":"BROOKLYN","borough":"Brooklyn","zip":"11249","type":"sidewalk","status":"Issued","licenseIssued":"2026-07-31","licenseExpires":"2030-07-31","nta":"BK0102","bbl":"3022880013","sid":["row-pni4-2bjp~a2pp"]}},{"type":"Feature","id":"eoy-fba4cbb74f61","geometry":{"type":"Point","coordinates":[-73.990599971532,40.736758002561]},"properties":{"id":"eoy-fba4cbb74f61","name":"BARN JOO","legalName":"BARN JOO UNION SQUARE INC","street":"35 UNION SQUARE WEST","neighborhood":"NEW YORK","borough":"Manhattan","zip":"10003","type":"sidewalk","status":"Issued","licenseIssued":"2026-08-14","licenseExpires":"2030-08-14","nta":"MN0501","bbl":"1008440021","sid":["row-9mz2_dt75.aibt"]}},{"type":"Feature","id":"eoy-fba90404e6f4","geometry":{"type":"Point","coordinates":[-73.986020753074,40.68577344604]},"properties":{"id":"eoy-fba90404e6f4","name":"RUCOLA","legalName":"ARUGULA NYC, LLC","street":"190 DEAN STREET","neighborhood":"BROOKLYN","borough":"Brooklyn","zip":"11217","type":"both","status":"Issued","licenseIssued":"2025-07-03","licenseExpires":"2029-07-03","nta":"BK0202","bbl":"3001950032","sid":["row-3rnw-k5wy.jaez","row-ijmn.jw8n-4vst"]}},{"type":"Feature","id":"eoy-fbab44bb7d17","geometry":{"type":"Point","coordinates":[-73.993639445015,40.687066910588]},"properties":{"id":"eoy-fbab44bb7d17","name":"OCTAVIA COFFEE","legalName":"BEAUTIFUL BEAUTIFUL BLAH BLAH BLAH LLC","street":"198 COURT STREET","neighborhood":"BROOKLYN","borough":"Brooklyn","zip":"11201","type":"roadway","status":"Issued","licenseIssued":"2026-08-14","licenseExpires":"2030-08-14","nta":"BK0601","bbl":"3003020040","sid":["row-p3bs_ef2b-wgfq"]}},{"type":"Feature","id":"eoy-fbe3b5acde04","geometry":{"type":"Point","coordinates":[-73.974866635858,40.680811735011]},"properties":{"id":"eoy-fbe3b5acde04","name":"BERGEN BAGELS","legalName":"T & I FOOD CORP","street":"473 BERGEN STREET","neighborhood":"BROOKLYN","borough":"Brooklyn","zip":"11217","type":"sidewalk","status":"Issued","licenseIssued":"2026-05-08","licenseExpires":"2030-05-08","nta":"BK0602","bbl":"3011350035","sid":["row-7996.fqzz-jsa9"]}},{"type":"Feature","id":"eoy-fbf652c61215","geometry":{"type":"Point","coordinates":[-73.97759546218,40.757050967793]},"properties":{"id":"eoy-fbf652c61215","name":"BENNY JOHN'S BAR AND GRILL","legalName":"848 RESTAURANT INC","street":"8 EAST 48 STREET","neighborhood":"NEW YORK","borough":"Manhattan","zip":"10017","type":"sidewalk","status":"Issued","licenseIssued":"2026-08-07","licenseExpires":"2030-08-07","nta":"MN0502","bbl":"1012830064","sid":["row-7i5k.r7k5_r8hp"]}},{"type":"Feature","id":"eoy-fc13c3a9a9fd","geometry":{"type":"Point","coordinates":[-73.98196908054,40.761350030549]},"properties":{"id":"eoy-fc13c3a9a9fd","name":"ROSIE O'GRADY'S","legalName":"ROG 2, LLC","street":"148 WEST 51 STREET","neighborhood":"NEW YORK","borough":"Manhattan","zip":"10020","type":"sidewalk","status":"Issued","licenseIssued":"2026-06-05","licenseExpires":"2030-06-05","nta":"MN0502","bbl":"1010037501","sid":["row-ab5a-tiaw-ht4c"]}},{"type":"Feature","id":"eoy-fc46d64d7b76","geometry":{"type":"Point","coordinates":[-73.954751448679,40.713396987764]},"properties":{"id":"eoy-fc46d64d7b76","name":"THE MOUTH","legalName":"BROOKLYN ART HAUS LLC","street":"24 MARCY AVENUE","neighborhood":"BROOKLYN","borough":"Brooklyn","zip":"11211","type":"sidewalk","status":"Issued","licenseIssued":"2026-03-20","licenseExpires":"2030-03-20","nta":"BK0102","bbl":"3023690028","sid":["row-fs2w-q374-h4k2"]}},{"type":"Feature","id":"eoy-fc7a0b74eb8d","geometry":{"type":"Point","coordinates":[-74.00326869121,40.725180921477]},"properties":{"id":"eoy-fc7a0b74eb8d","name":"ALTESI DOWNTOWN","legalName":"RESTAURANT VENTURES OF NY, INC.","street":"200 SPRING STREET","neighborhood":"NEW YORK","borough":"Manhattan","zip":"10012","type":"sidewalk","status":"Issued","licenseIssued":"2026-02-13","licenseExpires":"2030-02-13","nta":"MN0201","bbl":"1004890017","sid":["row-b89g~vjch.kaha"]}},{"type":"Feature","id":"eoy-fc7baca91e08","geometry":{"type":"Point","coordinates":[-73.997277490156,40.69105521085]},"properties":{"id":"eoy-fc7baca91e08","name":"TABLE 87","legalName":"87 ATLANTIC PIZZA CORP","street":"87 ATLANTIC AVENUE","neighborhood":"BROOKLYN","borough":"Brooklyn","zip":"11201","type":"both","status":"Issued","licenseIssued":"2026-04-17","licenseExpires":"2030-04-17","nta":"BK0201","bbl":"3002740016","sid":["row-dqaz~j5xg~vzzr","row-puq4~2khk.xkpt"]}},{"type":"Feature","id":"eoy-fc7d92d8a04b","geometry":{"type":"Point","coordinates":[-74.001244864328,40.733928528991]},"properties":{"id":"eoy-fc7d92d8a04b","name":"JEFFREY'S GROCERY","legalName":"PENMANSHIP, LLC","street":"172 WAVERLY PLACE","neighborhood":"NEW YORK","borough":"Manhattan","zip":"10014","type":"sidewalk","status":"Issued","licenseIssued":"2026-05-29","licenseExpires":"2030-05-29","nta":"MN0203","bbl":"1006100027","sid":["row-ecfd-mq8f.txas"]}},{"type":"Feature","id":"eoy-fccc6f728c07","geometry":{"type":"Point","coordinates":[-74.007074374166,40.719790027412]},"properties":{"id":"eoy-fccc6f728c07","name":"WALKER'S","legalName":"REBA REALTY CORP/WALKER'S","street":"16 NORTH MOORE STREET","neighborhood":"NEW YORK","borough":"Manhattan","zip":"10013","type":"both","status":"Issued","licenseIssued":"2026-05-01","licenseExpires":"2030-05-01","nta":"MN0102","bbl":"1001890034","sid":["row-65yb.7d9k.2g9k","row-t8yx_4289_qbff"]}},{"type":"Feature","id":"eoy-fcf65f8eb178","geometry":{"type":"Point","coordinates":[-73.976534989596,40.785585236733]},"properties":{"id":"eoy-fcf65f8eb178","name":"HI LIFE","legalName":"83 AMSTERDAM RESTAURANT CORP","street":"477 AMSTERDAM AVENUE","neighborhood":"NEW YORK","borough":"Manhattan","zip":"10024","type":"sidewalk","status":"Issued","licenseIssued":"2026-08-28","licenseExpires":"2030-08-28","nta":"MN0702","bbl":"1012130061","sid":["row-pi8b.mz65~y94s"]}},{"type":"Feature","id":"eoy-fd047a9cb4f4","geometry":{"type":"Point","coordinates":[-73.984309277291,40.72637935772]},"properties":{"id":"eoy-fd047a9cb4f4","name":"RUFFIAN WINE BAR","legalName":"PJC RESTAURANT, LLC","street":"125 EAST 7 STREET","neighborhood":"NEW YORK","borough":"Manhattan","zip":"10009","type":"roadway","status":"Issued","licenseIssued":"2026-09-18","licenseExpires":"2030-09-18","nta":"MN0303","bbl":"1004350040","sid":["row-r5v7_kptm-7kwv"]}},{"type":"Feature","id":"eoy-fd25c1ad392e","geometry":{"type":"Point","coordinates":[-73.997308686061,40.722098563371]},"properties":{"id":"eoy-fd25c1ad392e","name":"JACK'S WIFE FREDA","legalName":"NUMINOSITY LLC","street":"226 LAFAYETTE STREET","neighborhood":"NEW YORK","borough":"Manhattan","zip":"10012","type":"sidewalk","status":"Issued","licenseIssued":"2026-03-20","licenseExpires":"2030-03-20","nta":"MN0201","bbl":"1004820022","sid":["row-hd63~9vhp_t9xz"]}},{"type":"Feature","id":"eoy-fd5a92a660ab","geometry":{"type":"Point","coordinates":[-73.988653981842,40.763903510982]},"properties":{"id":"eoy-fd5a92a660ab","name":"ATLAS SOCIAL CLUB","legalName":"OXIDO CORP.","street":"753 9 AVENUE","neighborhood":"NEW YORK","borough":"Manhattan","zip":"10019","type":"sidewalk","status":"Issued","licenseIssued":"2026-06-19","licenseExpires":"2030-06-19","nta":"MN0402","bbl":"1010600035","sid":["row-q4wd~sq8p.9rps"]}},{"type":"Feature","id":"eoy-fd8931d45a57","geometry":{"type":"Point","coordinates":[-73.953824554099,40.806542745697]},"properties":{"id":"eoy-fd8931d45a57","name":"VINATERIA","legalName":"NARICHE LLC","street":"2211 FREDERICK DOUGLAS BOULEVARD","neighborhood":"NEW YORK","borough":"Manhattan","zip":"10026","type":"sidewalk","status":"Issued","licenseIssued":"2026-07-20","licenseExpires":"2030-07-20","nta":"MN1001","bbl":"1019460029","sid":["row-n46b-kb9v_qs35"]}},{"type":"Feature","id":"eoy-fd9a1a292797","geometry":{"type":"Point","coordinates":[-73.967090774027,40.693301233693]},"properties":{"id":"eoy-fd9a1a292797","name":"OSTERIA BROOKLYN","legalName":"PR HOSPITALITY GROUP LLC","street":"460 MYRTLE AVENUE","neighborhood":"BROOKLYN","borough":"Brooklyn","zip":"11205","type":"roadway","status":"Issued","licenseIssued":"2026-05-22","licenseExpires":"2030-05-22","nta":"BK0204","bbl":"3019030027","sid":["row-yg2p.3bjp_96rm"]}},{"type":"Feature","id":"eoy-fdac9eb42548","geometry":{"type":"Point","coordinates":[-73.908011827858,40.774212198412]},"properties":{"id":"eoy-fdac9eb42548","name":"AYY CHIHUAHUA","legalName":"AYY CHIHUAHUA INC","street":"36-16 DITMARS BOULEVARD","neighborhood":"ASTORIA","borough":"Queens","zip":"11105","type":"sidewalk","status":"Issued","licenseIssued":"2026-03-27","licenseExpires":"2030-03-27","nta":"QN0101","bbl":"4008210134","sid":["row-i628~aygd_42wz"]}},{"type":"Feature","id":"eoy-fdb1296a8621","geometry":{"type":"Point","coordinates":[-73.997803067196,40.718115916207]},"properties":{"id":"eoy-fdb1296a8621","name":"CAFFE NAPOLI","legalName":"CAFFE SILVESTRI, INC","street":"191 HESTER STREET","neighborhood":"NEW YORK","borough":"Manhattan","zip":"10013","type":"sidewalk","status":"Issued","licenseIssued":"2026-08-14","licenseExpires":"2030-08-14","nta":"MN0201","bbl":"1002370036","sid":["row-h74m~47p9_dg4n"]}},{"type":"Feature","id":"eoy-fdcf325b8823","geometry":{"type":"Point","coordinates":[-73.990465589601,40.71768735712]},"properties":{"id":"eoy-fdcf325b8823","name":"CAFE KATJA","legalName":"GRAZ RESTAURANT LLC","street":"79 ORCHARD STREET","neighborhood":"NEW YORK","borough":"Manhattan","zip":"10002","type":"sidewalk","status":"Issued","licenseIssued":"2026-04-24","licenseExpires":"2030-04-24","nta":"MN0302","bbl":"1004130049","sid":["row-h4yx~899f_ka28"]}},{"type":"Feature","id":"eoy-fe5d4c91b316","geometry":{"type":"Point","coordinates":[-73.955157324101,40.780061923229]},"properties":{"id":"eoy-fe5d4c91b316","name":"ELI'S ESSENTIALS","legalName":"EAT LEXINGTON 87 LLC","street":"1291 LEXINGTON AVENUE","neighborhood":"NEW YORK","borough":"Manhattan","zip":"10028","type":"sidewalk","status":"Issued","licenseIssued":"2026-06-12","licenseExpires":"2030-06-12","nta":"MN0802","bbl":"1015150052","sid":["row-nfe6~q359_ppaf"]}},{"type":"Feature","id":"eoy-fe68ce0054a7","geometry":{"type":"Point","coordinates":[-73.978981125503,40.678572826605]},"properties":{"id":"eoy-fe68ce0054a7","name":"MEDUSA","legalName":"MEDUSA NYC LLC","street":"133 5 AVENUE","neighborhood":"BROOKLYN","borough":"Brooklyn","zip":"11217","type":"sidewalk","status":"Issued","licenseIssued":"2026-03-13","licenseExpires":"2030-03-13","nta":"BK0602","bbl":"3009440003","sid":["row-nfnh-ipbi_4gmd"]}},{"type":"Feature","id":"eoy-feb4a3720beb","geometry":{"type":"Point","coordinates":[-73.997582991088,40.718722505485]},"properties":{"id":"eoy-feb4a3720beb","name":"CHRISTMAS IN THE CITY","legalName":"N&F GLOBAL CORP","street":"142 MULBERRY STREET","neighborhood":"NEW YORK","borough":"Manhattan","zip":"10013","type":"roadway","status":"Issued","licenseIssued":"2026-07-21","licenseExpires":"2030-07-21","nta":"MN0201","bbl":"1002370007","sid":["row-xf4g~q3i3-fb29"]}},{"type":"Feature","id":"eoy-feb7749046c9","geometry":{"type":"Point","coordinates":[-74.003539488084,40.729116907942]},"properties":{"id":"eoy-feb7749046c9","name":"COTENNA","legalName":"230 BLEECKER CORP","street":"21 BEDFORD STREET","neighborhood":"NEW YORK","borough":"Manhattan","zip":"10014","type":"roadway","status":"Issued","licenseIssued":"2026-03-20","licenseExpires":"2030-03-20","nta":"MN0203","bbl":"1005280041","sid":["row-kgem-6v4q.9t59"]}},{"type":"Feature","id":"eoy-fef86b128001","geometry":{"type":"Point","coordinates":[-73.98892173556,40.760198113817]},"properties":{"id":"eoy-fef86b128001","name":"SICILY OSTERIA","legalName":"TIME SQUARE 46 RESTAURANT CORP","street":"328 WEST 46 STREET","neighborhood":"NEW YORK","borough":"Manhattan","zip":"10036","type":"roadway","status":"Issued","licenseIssued":"2026-04-24","licenseExpires":"2030-04-24","nta":"MN0402","bbl":"1010360045","sid":["row-h4wd~h97d_v8db"]}},{"type":"Feature","id":"eoy-ff1baaab5e01","geometry":{"type":"Point","coordinates":[-73.994260155704,40.72277091925]},"properties":{"id":"eoy-ff1baaab5e01","name":"CAFE HABANA","legalName":"CAFE HABANA NYC LLC","street":"17 PRINCE STREET","neighborhood":"NEW YORK","borough":"Manhattan","zip":"10012","type":"both","status":"Issued","licenseIssued":"2026-07-24","licenseExpires":"2030-07-24","nta":"MN0201","bbl":"1005080046","sid":["row-5b2a-dhvj~9p9v","row-rgwr~f2ni_gnzc"]}}]}
